condition,symptom,probability
Abdominal aortic aneurysm,arm_swelling,7.0
Abdominal aortic aneurysm,back_pain,35.0
Abdominal aortic aneurysm,burning_abdominal_pain,23.0
Abdominal aortic aneurysm,groin_pain,7.0
Abdominal aortic aneurysm,pallor,7.0
Abdominal aortic aneurysm,palpitations,13.0
Abdominal aortic aneurysm,retention_of_urine,13.0
Abdominal aortic aneurysm,sharp_abdominal_pain,53.0
Abdominal aortic aneurysm,sharp_chest_pain,28.0
Abdominal aortic aneurysm,shortness_of_breath,28.0
Abdominal aortic aneurysm,side_pain,23.0
Abdominal aortic aneurysm,swollen_abdomen,13.0
Abdominal hernia,ache_all_over,29.0
Abdominal hernia,groin_mass,32.0
Abdominal hernia,groin_pain,21.0
Abdominal hernia,infant_spitting_up,2.0
Abdominal hernia,irregular_belly_button,18.0
Abdominal hernia,lower_abdominal_pain,21.0
Abdominal hernia,regurgitation,6.0
Abdominal hernia,sharp_abdominal_pain,65.0
Abdominal hernia,swelling_of_scrotum,2.0
Abdominal hernia,swollen_abdomen,12.0
Abdominal hernia,symptoms_of_the_scrotum_and_testes,2.0
Abdominal hernia,upper_abdominal_pain,23.0
Abscess of nose,abnormal_breathing_sounds,20.0
Abscess of nose,coryza,44.0
Abscess of nose,cough,73.0
Abscess of nose,decreased_appetite,20.0
Abscess of nose,ear_pain,24.0
Abscess of nose,fever,62.0
Abscess of nose,headache,24.0
Abscess of nose,irritable_infant,20.0
Abscess of nose,nasal_congestion,84.0
Abscess of nose,sinus_congestion,28.0
Abscess of nose,sore_throat,31.0
Abscess of nose,vomiting,24.0
Abscess of the lung,back_pain,54.0
Abscess of the lung,cough,81.0
Abscess of the lung,depressive_or_psychotic_symptoms,54.0
Abscess of the lung,drainage_in_throat,54.0
Abscess of the lung,excessive_growth,5.0
Abscess of the lung,headache,54.0
Abscess of the lung,hemoptysis,54.0
Abscess of the lung,itchy_eyelid,5.0
Abscess of the lung,sharp_chest_pain,72.0
Abscess of the lung,shortness_of_breath,72.0
Abscess of the lung,vomiting,54.0
Abscess of the lung,wrist_weakness,5.0
Abscess of the pharynx,allergic_reaction,27.0
Abscess of the pharynx,cough,51.0
Abscess of the pharynx,coughing_up_sputum,27.0
Abscess of the pharynx,difficulty_in_swallowing,48.0
Abscess of the pharynx,ear_pain,34.0
Abscess of the pharynx,feeling_ill,20.0
Abscess of the pharynx,fever,69.0
Abscess of the pharynx,headache,34.0
Abscess of the pharynx,nasal_congestion,58.0
Abscess of the pharynx,sharp_chest_pain,27.0
Abscess of the pharynx,sore_throat,83.0
Abscess of the pharynx,throat_swelling,20.0
Acanthosis nigricans,acne_or_pimples,17.0
Acanthosis nigricans,allergic_reaction,17.0
Acanthosis nigricans,apnea,9.0
Acanthosis nigricans,fluid_retention,9.0
Acanthosis nigricans,infertility,17.0
Acanthosis nigricans,pain_or_soreness_of_breast,9.0
Acanthosis nigricans,skin_growth,9.0
Acanthosis nigricans,skin_lesion,34.0
Acanthosis nigricans,skin_moles,9.0
Acanthosis nigricans,unwanted_hair,9.0
Acanthosis nigricans,warts,9.0
Acanthosis nigricans,weight_gain,78.0
Acariasis,bowlegged_or_knock_kneed,4.0
Acariasis,cross_eyed,4.0
Acariasis,elbow_weakness,4.0
Acariasis,emotional_symptoms,4.0
Acariasis,excessive_growth,4.0
Acariasis,feeling_hot_and_cold,4.0
Acariasis,itching_of_skin,77.0
Acariasis,skin_lesion,49.0
Acariasis,skin_rash,91.0
Acariasis,swelling_of_scrotum,49.0
Acariasis,vomiting,49.0
Acariasis,wrist_weakness,4.0
Achalasia,back_pain,31.0
Achalasia,chest_tightness,13.0
Achalasia,cough,31.0
Achalasia,cramps_and_spasms,13.0
Achalasia,difficulty_in_swallowing,71.0
Achalasia,hoarse_voice,13.0
Achalasia,hurts_to_breath,23.0
Achalasia,lump_in_throat,13.0
Achalasia,regurgitation,31.0
Achalasia,rib_pain,13.0
Achalasia,sharp_chest_pain,80.0
Achalasia,throat_feels_tight,23.0
Acne,abnormal_appearing_skin,21.0
Acne,acne_or_pimples,94.0
Acne,irregular_appearing_scalp,4.0
Acne,long_menstrual_periods,3.0
Acne,nose_deformity,3.0
Acne,skin_dryness_peeling_scaliness_or_roughness,10.0
Acne,skin_growth,13.0
Acne,skin_moles,20.0
Acne,skin_rash,38.0
Acne,skin_swelling,17.0
Acne,too_little_hair,4.0
Acne,warts,10.0
Actinic keratosis,abnormal_appearing_skin,72.0
Actinic keratosis,irregular_appearing_scalp,24.0
Actinic keratosis,itching_of_skin,18.0
Actinic keratosis,skin_dryness_peeling_scaliness_or_roughness,54.0
Actinic keratosis,skin_growth,34.0
Actinic keratosis,skin_irritation,13.0
Actinic keratosis,skin_lesion,70.0
Actinic keratosis,skin_moles,21.0
Actinic keratosis,skin_rash,26.0
Actinic keratosis,skin_swelling,19.0
Actinic keratosis,symptoms_of_the_face,7.0
Actinic keratosis,warts,7.0
Acute bronchiolitis,coryza,41.0
Acute bronchiolitis,cough,91.0
Acute bronchiolitis,decreased_appetite,18.0
Acute bronchiolitis,difficulty_breathing,56.0
Acute bronchiolitis,fever,78.0
Acute bronchiolitis,hurts_to_breath,8.0
Acute bronchiolitis,irritable_infant,13.0
Acute bronchiolitis,nasal_congestion,76.0
Acute bronchiolitis,pulling_at_ears,12.0
Acute bronchiolitis,shortness_of_breath,33.0
Acute bronchiolitis,vomiting,42.0
Acute bronchiolitis,wheezing,59.0
Acute bronchitis,congestion_in_chest,33.0
Acute bronchitis,coryza,49.0
Acute bronchitis,cough,92.0
Acute bronchitis,coughing_up_sputum,37.0
Acute bronchitis,difficulty_breathing,30.0
Acute bronchitis,fever,63.0
Acute bronchitis,headache,32.0
Acute bronchitis,nasal_congestion,66.0
Acute bronchitis,sharp_chest_pain,46.0
Acute bronchitis,shortness_of_breath,52.0
Acute bronchitis,sore_throat,55.0
Acute bronchitis,wheezing,27.0
Acute bronchospasm,chest_tightness,22.0
Acute bronchospasm,coryza,31.0
Acute bronchospasm,cough,89.0
Acute bronchospasm,difficulty_breathing,58.0
Acute bronchospasm,fever,59.0
Acute bronchospasm,headache,26.0
Acute bronchospasm,nasal_congestion,57.0
Acute bronchospasm,sharp_chest_pain,40.0
Acute bronchospasm,shortness_of_breath,74.0
Acute bronchospasm,sore_throat,33.0
Acute bronchospasm,vomiting,26.0
Acute bronchospasm,wheezing,63.0
Acute fatty liver of pregnancy (AFLP),cross_eyed,4.0
Acute fatty liver of pregnancy (AFLP),elbow_cramps_or_spasms,4.0
Acute fatty liver of pregnancy (AFLP),elbow_weakness,4.0
Acute fatty liver of pregnancy (AFLP),emotional_symptoms,4.0
Acute fatty liver of pregnancy (AFLP),eye_strain,4.0
Acute fatty liver of pregnancy (AFLP),hip_stiffness_or_tightness,4.0
Acute fatty liver of pregnancy (AFLP),itching_of_skin,51.0
Acute fatty liver of pregnancy (AFLP),itchy_eyelid,4.0
Acute fatty liver of pregnancy (AFLP),nailbiting,4.0
Acute fatty liver of pregnancy (AFLP),pain_during_pregnancy,51.0
Acute fatty liver of pregnancy (AFLP),sharp_abdominal_pain,51.0
Acute fatty liver of pregnancy (AFLP),wrist_weakness,4.0
Acute glaucoma,blindness,10.0
Acute glaucoma,diminished_vision,62.0
Acute glaucoma,double_vision,5.0
Acute glaucoma,eye_burns_or_stings,5.0
Acute glaucoma,eye_redness,28.0
Acute glaucoma,foreign_body_sensation_in_eye,18.0
Acute glaucoma,itchiness_of_eye,18.0
Acute glaucoma,lacrimation,5.0
Acute glaucoma,pain_in_eye,41.0
Acute glaucoma,spots_or_clouds_in_vision,22.0
Acute glaucoma,symptoms_of_eye,36.0
Acute kidney injury,blood_in_urine,13.0
Acute kidney injury,dizziness,29.0
Acute kidney injury,kidney_mass,20.0
Acute kidney injury,nausea,27.0
Acute kidney injury,peripheral_edema,14.0
Acute kidney injury,retention_of_urine,13.0
Acute kidney injury,sharp_abdominal_pain,26.0
Acute kidney injury,sharp_chest_pain,25.0
Acute kidney injury,shortness_of_breath,41.0
Acute kidney injury,symptoms_of_the_kidneys,18.0
Acute kidney injury,vomiting,30.0
Acute kidney injury,weakness,39.0
Acute otitis media,coryza,35.0
Acute otitis media,cough,67.0
Acute otitis media,diminished_hearing,24.0
Acute otitis media,ear_pain,84.0
Acute otitis media,fever,70.0
Acute otitis media,fluid_in_ear,42.0
Acute otitis media,nasal_congestion,58.0
Acute otitis media,plugged_feeling_in_ear,20.0
Acute otitis media,pulling_at_ears,35.0
Acute otitis media,redness_in_ear,46.0
Acute otitis media,sore_throat,40.0
Acute otitis media,vomiting,24.0
Acute pancreatitis,abusing_alcohol,14.0
Acute pancreatitis,back_pain,25.0
Acute pancreatitis,burning_abdominal_pain,30.0
Acute pancreatitis,diarrhea,38.0
Acute pancreatitis,hemoptysis,6.0
Acute pancreatitis,lower_body_pain,11.0
Acute pancreatitis,nausea,65.0
Acute pancreatitis,sharp_abdominal_pain,89.0
Acute pancreatitis,sharp_chest_pain,37.0
Acute pancreatitis,side_pain,19.0
Acute pancreatitis,upper_abdominal_pain,49.0
Acute pancreatitis,vomiting,72.0
Acute respiratory distress syndrome (ARDS),chest_tightness,11.0
Acute respiratory distress syndrome (ARDS),chills,9.0
Acute respiratory distress syndrome (ARDS),congestion_in_chest,9.0
Acute respiratory distress syndrome (ARDS),cough,45.0
Acute respiratory distress syndrome (ARDS),coughing_up_sputum,9.0
Acute respiratory distress syndrome (ARDS),depressive_or_psychotic_symptoms,35.0
Acute respiratory distress syndrome (ARDS),difficulty_breathing,72.0
Acute respiratory distress syndrome (ARDS),fever,32.0
Acute respiratory distress syndrome (ARDS),hurts_to_breath,11.0
Acute respiratory distress syndrome (ARDS),sharp_chest_pain,39.0
Acute respiratory distress syndrome (ARDS),shortness_of_breath,84.0
Acute respiratory distress syndrome (ARDS),wheezing,20.0
Acute sinusitis,coryza,52.0
Acute sinusitis,cough,81.0
Acute sinusitis,coughing_up_sputum,23.0
Acute sinusitis,ear_pain,49.0
Acute sinusitis,facial_pain,26.0
Acute sinusitis,fever,51.0
Acute sinusitis,frontal_headache,56.0
Acute sinusitis,headache,66.0
Acute sinusitis,nasal_congestion,75.0
Acute sinusitis,painful_sinuses,29.0
Acute sinusitis,sinus_congestion,37.0
Acute sinusitis,sore_throat,66.0
Acute stress reaction,abnormal_involuntary_movements,17.0
Acute stress reaction,anxiety_and_nervousness,77.0
Acute stress reaction,burning_abdominal_pain,21.0
Acute stress reaction,chest_tightness,17.0
Acute stress reaction,depression,42.0
Acute stress reaction,depressive_or_psychotic_symptoms,43.0
Acute stress reaction,dizziness,32.0
Acute stress reaction,fatigue,25.0
Acute stress reaction,headache,45.0
Acute stress reaction,insomnia,34.0
Acute stress reaction,sharp_chest_pain,47.0
Acute stress reaction,shortness_of_breath,30.0
Adhesive capsulitis of the shoulder,ache_all_over,29.0
Adhesive capsulitis of the shoulder,ankle_stiffness_or_tightness,7.0
Adhesive capsulitis of the shoulder,arm_pain,19.0
Adhesive capsulitis of the shoulder,elbow_pain,19.0
Adhesive capsulitis of the shoulder,muscle_pain,7.0
Adhesive capsulitis of the shoulder,neck_pain,33.0
Adhesive capsulitis of the shoulder,shoulder_pain,94.0
Adhesive capsulitis of the shoulder,shoulder_stiffness_or_tightness,56.0
Adhesive capsulitis of the shoulder,shoulder_swelling,7.0
Adhesive capsulitis of the shoulder,skin_on_arm_or_hand_looks_infected,7.0
Adhesive capsulitis of the shoulder,stiffness_all_over,7.0
Adjustment reaction,anxiety_and_nervousness,59.0
Adjustment reaction,delusions_or_hallucinations,8.0
Adjustment reaction,depression,60.0
Adjustment reaction,depressive_or_psychotic_symptoms,60.0
Adjustment reaction,excessive_anger,22.0
Adjustment reaction,fears_and_phobias,6.0
Adjustment reaction,hostile_behavior,18.0
Adjustment reaction,insomnia,15.0
Adjustment reaction,low_self_esteem,15.0
Adjustment reaction,nightmares,2.0
Adjustment reaction,restlessness,5.0
Adjustment reaction,temper_problems,8.0
Adrenal adenoma,ache_all_over,26.0
Adrenal adenoma,anxiety_and_nervousness,41.0
Adrenal adenoma,back_pain,26.0
Adrenal adenoma,back_weakness,2.0
Adrenal adenoma,constipation,26.0
Adrenal adenoma,elbow_cramps_or_spasms,2.0
Adrenal adenoma,low_back_weakness,2.0
Adrenal adenoma,muscle_swelling,2.0
Adrenal adenoma,pus_in_sputum,2.0
Adrenal adenoma,sharp_abdominal_pain,60.0
Adrenal adenoma,sharp_chest_pain,41.0
Adrenal adenoma,shortness_of_breath,26.0
Adrenal cancer,chills,16.0
Adrenal cancer,cough,27.0
Adrenal cancer,diaper_rash,16.0
Adrenal cancer,diminished_hearing,16.0
Adrenal cancer,dizziness,27.0
Adrenal cancer,nosebleed,16.0
Adrenal cancer,skin_rash,27.0
Adrenal cancer,sweating,16.0
Air embolism,ankle_pain,91.0
Air embolism,excessive_anger,91.0
Air embolism,excessive_urination_at_night,91.0
Air embolism,facial_pain,91.0
Air embolism,fatigue,91.0
Air embolism,joint_stiffness_or_tightness,91.0
Air embolism,knee_lump_or_mass,91.0
Air embolism,pain_during_pregnancy,91.0
Air embolism,pain_in_eye,91.0
Air embolism,pain_or_soreness_of_breast,91.0
Air embolism,shoulder_cramps_or_spasms,91.0
Air embolism,wrist_pain,91.0
Alcohol abuse,abusing_alcohol,75.0
Alcohol abuse,anxiety_and_nervousness,27.0
Alcohol abuse,delusions_or_hallucinations,8.0
Alcohol abuse,depression,38.0
Alcohol abuse,depressive_or_psychotic_symptoms,49.0
Alcohol abuse,drug_abuse,41.0
Alcohol abuse,excessive_anger,4.0
Alcohol abuse,hostile_behavior,8.0
Alcohol abuse,low_self_esteem,1.0
Alcohol abuse,slurring_words,2.0
Alcohol abuse,smoking_problems,2.0
Alcohol abuse,vomiting_blood,4.0
Alcohol intoxication,abnormal_involuntary_movements,21.0
Alcohol intoxication,abusing_alcohol,79.0
Alcohol intoxication,anxiety_and_nervousness,25.0
Alcohol intoxication,delusions_or_hallucinations,17.0
Alcohol intoxication,depression,32.0
Alcohol intoxication,depressive_or_psychotic_symptoms,60.0
Alcohol intoxication,fainting,21.0
Alcohol intoxication,nausea,25.0
Alcohol intoxication,problems_with_movement,17.0
Alcohol intoxication,sharp_abdominal_pain,29.0
Alcohol intoxication,sharp_chest_pain,29.0
Alcohol intoxication,vomiting,41.0
Alcohol withdrawal,abnormal_involuntary_movements,55.0
Alcohol withdrawal,abusing_alcohol,67.0
Alcohol withdrawal,antisocial_behavior,20.0
Alcohol withdrawal,delusions_or_hallucinations,18.0
Alcohol withdrawal,depressive_or_psychotic_symptoms,36.0
Alcohol withdrawal,dizziness,29.0
Alcohol withdrawal,fainting,15.0
Alcohol withdrawal,nausea,36.0
Alcohol withdrawal,seizures,66.0
Alcohol withdrawal,sharp_chest_pain,27.0
Alcohol withdrawal,vomiting,31.0
Alcohol withdrawal,weakness,29.0
Alcoholic liver disease,abdominal_distention,28.0
Alcoholic liver disease,abnormal_involuntary_movements,22.0
Alcoholic liver disease,abusing_alcohol,50.0
Alcoholic liver disease,blood_in_stool,22.0
Alcoholic liver disease,diarrhea,28.0
Alcoholic liver disease,kidney_mass,9.0
Alcoholic liver disease,peripheral_edema,37.0
Alcoholic liver disease,sharp_abdominal_pain,61.0
Alcoholic liver disease,stomach_bloating,9.0
Alcoholic liver disease,upper_abdominal_pain,16.0
Alcoholic liver disease,vomiting_blood,22.0
Alcoholic liver disease,weight_gain,16.0
Allergy,abnormal_appearing_skin,27.0
Allergy,allergic_reaction,65.0
Allergy,cough,26.0
Allergy,fluid_retention,9.0
Allergy,itchiness_of_eye,10.0
Allergy,itching_of_skin,61.0
Allergy,lip_swelling,20.0
Allergy,peripheral_edema,28.0
Allergy,skin_rash,85.0
Allergy,skin_swelling,13.0
Allergy,swollen_eye,24.0
Allergy,swollen_tongue,9.0
Allergy to animals,abnormal_appearing_skin,49.0
Allergy to animals,acne_or_pimples,49.0
Allergy to animals,allergic_reaction,77.0
Allergy to animals,cough,67.0
Allergy to animals,cross_eyed,4.0
Allergy to animals,fever,49.0
Allergy to animals,itchiness_of_eye,67.0
Allergy to animals,nasal_congestion,88.0
Allergy to animals,peripheral_edema,49.0
Allergy to animals,smoking_problems,49.0
Allergy to animals,sore_throat,49.0
Allergy to animals,wrist_weakness,4.0
Alopecia,abnormal_appearing_skin,19.0
Alopecia,acne_or_pimples,16.0
Alopecia,dry_or_flaky_scalp,16.0
Alopecia,feeling_ill,10.0
Alopecia,irregular_appearing_scalp,28.0
Alopecia,itching_of_skin,13.0
Alopecia,itchy_scalp,13.0
Alopecia,skin_dryness_peeling_scaliness_or_roughness,13.0
Alopecia,skin_growth,7.0
Alopecia,skin_rash,26.0
Alopecia,skin_swelling,19.0
Alopecia,too_little_hair,94.0
Alzheimer disease,delusions_or_hallucinations,10.0
Alzheimer disease,depression,32.0
Alzheimer disease,depressive_or_psychotic_symptoms,38.0
Alzheimer disease,difficulty_speaking,9.0
Alzheimer disease,disturbance_of_memory,73.0
Alzheimer disease,eye_burns_or_stings,2.0
Alzheimer disease,fears_and_phobias,2.0
Alzheimer disease,hostile_behavior,15.0
Alzheimer disease,irregular_appearing_scalp,4.0
Alzheimer disease,muscle_cramps_contractures_or_spasms,2.0
Alzheimer disease,problems_with_movement,15.0
Alzheimer disease,restlessness,4.0
Amblyopia,abnormal_movement_of_eyelid,6.0
Amblyopia,cross_eyed,11.0
Amblyopia,diminished_vision,70.0
Amblyopia,eye_deviation,33.0
Amblyopia,eye_moves_abnormally,6.0
Amblyopia,foreign_body_sensation_in_eye,11.0
Amblyopia,itchiness_of_eye,6.0
Amblyopia,neck_stiffness_or_tightness,6.0
Amblyopia,pain_in_eye,23.0
Amblyopia,pus_draining_from_ear,6.0
Amblyopia,spots_or_clouds_in_vision,11.0
Amblyopia,white_discharge_from_eye,6.0
Amyloidosis,abnormal_appearing_skin,43.0
Amyloidosis,anxiety_and_nervousness,43.0
Amyloidosis,congestion_in_chest,43.0
Amyloidosis,eye_strain,3.0
Amyloidosis,fatigue,43.0
Amyloidosis,feeling_hot_and_cold,3.0
Amyloidosis,fever,43.0
Amyloidosis,nailbiting,3.0
Amyloidosis,shortness_of_breath,72.0
Amyloidosis,symptoms_of_the_kidneys,43.0
Amyloidosis,weakness,43.0
Amyloidosis,wrist_weakness,3.0
Amyotrophic lateral sclerosis (ALS),abnormal_involuntary_movements,37.0
Amyotrophic lateral sclerosis (ALS),back_pain,37.0
Amyotrophic lateral sclerosis (ALS),difficulty_in_swallowing,30.0
Amyotrophic lateral sclerosis (ALS),difficulty_speaking,42.0
Amyotrophic lateral sclerosis (ALS),fatigue,22.0
Amyotrophic lateral sclerosis (ALS),hand_or_finger_weakness,30.0
Amyotrophic lateral sclerosis (ALS),leg_cramps_or_spasms,22.0
Amyotrophic lateral sclerosis (ALS),leg_pain,30.0
Amyotrophic lateral sclerosis (ALS),leg_weakness,42.0
Amyotrophic lateral sclerosis (ALS),muscle_weakness,22.0
Amyotrophic lateral sclerosis (ALS),problems_with_movement,37.0
Amyotrophic lateral sclerosis (ALS),weakness,58.0
Anal fissure,blood_in_stool,65.0
Anal fissure,changes_in_stool_appearance,20.0
Anal fissure,constipation,44.0
Anal fissure,cramps_and_spasms,6.0
Anal fissure,irregular_belly_button,6.0
Anal fissure,itchiness_of_eye,6.0
Anal fissure,lower_body_pain,11.0
Anal fissure,pain_of_the_anus,75.0
Anal fissure,rectal_bleeding,80.0
Anal fissure,sharp_abdominal_pain,33.0
Anal fissure,symptoms_of_prostate,6.0
Anal fissure,vaginal_dryness,6.0
Anal fistula,blood_in_stool,33.0
Anal fistula,constipation,14.0
Anal fistula,discharge_in_stools,14.0
Anal fistula,incontinence_of_stool,14.0
Anal fistula,low_back_cramps_or_spasms,14.0
Anal fistula,lower_body_pain,14.0
Anal fistula,mass_in_scrotum,14.0
Anal fistula,mass_or_swelling_around_the_anus,14.0
Anal fistula,pain_of_the_anus,71.0
Anal fistula,rectal_bleeding,24.0
Anal fistula,sharp_abdominal_pain,33.0
Anemia,changes_in_stool_appearance,2.0
Anemia,dizziness,27.0
Anemia,fatigue,32.0
Anemia,heavy_menstrual_flow,8.0
Anemia,melena,4.0
Anemia,nosebleed,8.0
Anemia,recent_pregnancy,2.0
Anemia,shortness_of_breath,26.0
Anemia,too_little_hair,2.0
Anemia,unpredictable_menstruation,3.0
Anemia,vomiting_blood,3.0
Anemia,weakness,28.0
Anemia due to chronic kidney disease,ankle_swelling,10.0
Anemia due to chronic kidney disease,fatigue,67.0
Anemia due to chronic kidney disease,feeling_cold,5.0
Anemia due to chronic kidney disease,melena,5.0
Anemia due to chronic kidney disease,peripheral_edema,14.0
Anemia due to chronic kidney disease,polyuria,5.0
Anemia due to chronic kidney disease,recent_weight_loss,5.0
Anemia due to chronic kidney disease,shortness_of_breath,24.0
Anemia due to chronic kidney disease,symptoms_of_the_kidneys,5.0
Anemia due to chronic kidney disease,weakness,38.0
Anemia due to malignancy,difficulty_in_swallowing,15.0
Anemia due to malignancy,fatigue,42.0
Anemia due to malignancy,flatulence,8.0
Anemia due to malignancy,hot_flashes,8.0
Anemia due to malignancy,mouth_pain,8.0
Anemia due to malignancy,nosebleed,8.0
Anemia due to malignancy,pain_of_the_anus,8.0
Anemia due to malignancy,shortness_of_breath,35.0
Anemia due to malignancy,vaginal_pain,8.0
Anemia of chronic disease,chills,20.0
Anemia of chronic disease,coryza,20.0
Anemia of chronic disease,diarrhea,34.0
Anemia of chronic disease,dizziness,34.0
Anemia of chronic disease,emotional_symptoms,1.0
Anemia of chronic disease,fatigue,34.0
Anemia of chronic disease,feeling_ill,20.0
Anemia of chronic disease,itching_of_skin,20.0
Anemia of chronic disease,low_back_weakness,1.0
Anemia of chronic disease,vomiting,34.0
Anemia of chronic disease,weakness,52.0
Anemia of chronic disease,weight_gain,20.0
Angina,arm_pain,28.0
Angina,burning_chest_pain,2.0
Angina,chest_tightness,40.0
Angina,dizziness,31.0
Angina,hot_flashes,2.0
Angina,increased_heart_rate,4.0
Angina,irregular_heartbeat,7.0
Angina,lower_body_pain,15.0
Angina,palpitations,11.0
Angina,sharp_chest_pain,92.0
Angina,shortness_of_breath,59.0
Angina,sweating,8.0
Ankylosing spondylitis,ache_all_over,24.0
Ankylosing spondylitis,back_pain,74.0
Ankylosing spondylitis,elbow_pain,20.0
Ankylosing spondylitis,hip_pain,57.0
Ankylosing spondylitis,joint_pain,11.0
Ankylosing spondylitis,knee_pain,28.0
Ankylosing spondylitis,leg_pain,52.0
Ankylosing spondylitis,low_back_pain,72.0
Ankylosing spondylitis,lower_body_pain,16.0
Ankylosing spondylitis,paresthesia,11.0
Ankylosing spondylitis,rib_pain,11.0
Ankylosing spondylitis,stiffness_all_over,6.0
Anxiety,abnormal_involuntary_movements,12.0
Anxiety,anxiety_and_nervousness,82.0
Anxiety,depression,43.0
Anxiety,depressive_or_psychotic_symptoms,35.0
Anxiety,fears_and_phobias,6.0
Anxiety,headache,27.0
Anxiety,increased_heart_rate,5.0
Anxiety,insomnia,24.0
Anxiety,irregular_heartbeat,9.0
Anxiety,palpitations,13.0
Anxiety,sharp_chest_pain,38.0
Anxiety,shortness_of_breath,29.0
Aortic valve disease,difficulty_breathing,28.0
Aortic valve disease,fainting,16.0
Aortic valve disease,fatigue,32.0
Aortic valve disease,groin_mass,3.0
Aortic valve disease,increased_heart_rate,8.0
Aortic valve disease,irregular_heartbeat,8.0
Aortic valve disease,leg_cramps_or_spasms,8.0
Aortic valve disease,lymphedema,10.0
Aortic valve disease,palpitations,18.0
Aortic valve disease,peripheral_edema,14.0
Aortic valve disease,sharp_chest_pain,32.0
Aortic valve disease,shortness_of_breath,54.0
Aphakia,diminished_vision,73.0
Aphakia,eye_burns_or_stings,12.0
Aphakia,eye_redness,28.0
Aphakia,itchiness_of_eye,28.0
Aphakia,mass_on_eyelid,12.0
Aphakia,pain_in_eye,28.0
Aphakia,spots_or_clouds_in_vision,21.0
Aphakia,symptoms_of_eye,28.0
Aphthous ulcer,ache_all_over,30.0
Aphthous ulcer,cough,24.0
Aphthous ulcer,fever,59.0
Aphthous ulcer,headache,30.0
Aphthous ulcer,lip_sore,30.0
Aphthous ulcer,mouth_pain,47.0
Aphthous ulcer,mouth_ulcer,82.0
Aphthous ulcer,skin_rash,30.0
Aphthous ulcer,sore_throat,54.0
Aphthous ulcer,swollen_tongue,24.0
Aphthous ulcer,tongue_lesions,44.0
Aphthous ulcer,toothache,40.0
Aplastic anemia,fatigue,41.0
Aplastic anemia,feeling_cold,6.0
Aplastic anemia,fever,36.0
Aplastic anemia,fluid_retention,6.0
Aplastic anemia,hot_flashes,6.0
Aplastic anemia,lack_of_growth,6.0
Aplastic anemia,leg_weakness,6.0
Aplastic anemia,mouth_dryness,6.0
Aplastic anemia,nausea,25.0
Aplastic anemia,slurring_words,12.0
Aplastic anemia,vomiting_blood,6.0
Aplastic anemia,weakness,29.0
Appendicitis,burning_abdominal_pain,41.0
Appendicitis,chills,11.0
Appendicitis,decreased_appetite,11.0
Appendicitis,diarrhea,25.0
Appendicitis,fever,44.0
Appendicitis,lower_abdominal_pain,64.0
Appendicitis,nausea,54.0
Appendicitis,sharp_abdominal_pain,91.0
Appendicitis,side_pain,29.0
Appendicitis,stomach_bloating,5.0
Appendicitis,upper_abdominal_pain,20.0
Appendicitis,vomiting,57.0
Arrhythmia,chest_tightness,27.0
Arrhythmia,difficulty_breathing,31.0
Arrhythmia,dizziness,48.0
Arrhythmia,fainting,31.0
Arrhythmia,fatigue,21.0
Arrhythmia,increased_heart_rate,33.0
Arrhythmia,irregular_heartbeat,48.0
Arrhythmia,leg_cramps_or_spasms,2.0
Arrhythmia,palpitations,61.0
Arrhythmia,sharp_chest_pain,50.0
Arrhythmia,shortness_of_breath,33.0
Arrhythmia,weakness,31.0
Arthritis of the hip,ache_all_over,24.0
Arthritis of the hip,back_pain,41.0
Arthritis of the hip,groin_pain,20.0
Arthritis of the hip,hip_pain,93.0
Arthritis of the hip,hip_stiffness_or_tightness,3.0
Arthritis of the hip,joint_pain,9.0
Arthritis of the hip,knee_pain,37.0
Arthritis of the hip,leg_pain,56.0
Arthritis of the hip,low_back_pain,43.0
Arthritis of the hip,lower_body_pain,14.0
Arthritis of the hip,pelvic_pain,10.0
Arthritis of the hip,problems_with_movement,13.0
Ascending cholangitis,diarrhea,51.0
Ascending cholangitis,fever,69.0
Ascending cholangitis,jaundice,62.0
Ascending cholangitis,nausea,62.0
Ascending cholangitis,painful_urination,33.0
Ascending cholangitis,retention_of_urine,33.0
Ascending cholangitis,sharp_abdominal_pain,85.0
Ascending cholangitis,shortness_of_breath,51.0
Ascending cholangitis,stomach_bloating,33.0
Ascending cholangitis,upper_abdominal_pain,51.0
Ascending cholangitis,vaginal_itching,33.0
Ascending cholangitis,vomiting,51.0
Asperger syndrome,antisocial_behavior,12.0
Asperger syndrome,anxiety_and_nervousness,53.0
Asperger syndrome,delusions_or_hallucinations,8.0
Asperger syndrome,depression,36.0
Asperger syndrome,depressive_or_psychotic_symptoms,60.0
Asperger syndrome,excessive_anger,4.0
Asperger syndrome,fainting,15.0
Asperger syndrome,hostile_behavior,8.0
Asperger syndrome,lack_of_growth,18.0
Asperger syndrome,nightmares,4.0
Asperger syndrome,obsessions_and_compulsions,4.0
Asperger syndrome,temper_problems,18.0
Aspergillosis,diminished_hearing,77.0
Aspergillosis,excessive_growth,11.0
Aspergillosis,knee_lump_or_mass,11.0
Aspergillosis,loss_of_sex_drive,11.0
Aspergillosis,nailbiting,11.0
Aspergillosis,neck_cramps_or_spasms,11.0
Aspergillosis,sharp_abdominal_pain,77.0
Aspergillosis,shortness_of_breath,77.0
Aspergillosis,shoulder_swelling,11.0
Aspergillosis,vomiting_blood,77.0
Aspergillosis,vulvar_sore,11.0
Aspergillosis,wrist_weakness,11.0
Asthma,allergic_reaction,11.0
Asthma,chest_tightness,14.0
Asthma,congestion_in_chest,8.0
Asthma,coryza,21.0
Asthma,cough,74.0
Asthma,coughing_up_sputum,8.0
Asthma,difficulty_breathing,45.0
Asthma,fever,36.0
Asthma,nasal_congestion,39.0
Asthma,sharp_chest_pain,25.0
Asthma,shortness_of_breath,61.0
Asthma,wheezing,55.0
Astigmatism,cross_eyed,6.0
Astigmatism,diminished_vision,70.0
Astigmatism,double_vision,6.0
Astigmatism,eye_deviation,9.0
Astigmatism,eye_moves_abnormally,9.0
Astigmatism,eye_redness,16.0
Astigmatism,foreign_body_sensation_in_eye,11.0
Astigmatism,itchiness_of_eye,16.0
Astigmatism,lacrimation,24.0
Astigmatism,pain_in_eye,16.0
Astigmatism,spots_or_clouds_in_vision,20.0
Astigmatism,symptoms_of_eye,29.0
Atelectasis,ache_all_over,26.0
Atelectasis,cough,64.0
Atelectasis,difficulty_breathing,26.0
Atelectasis,dizziness,42.0
Atelectasis,fever,42.0
Atelectasis,headache,26.0
Atelectasis,nasal_congestion,42.0
Atelectasis,rib_pain,26.0
Atelectasis,sharp_abdominal_pain,35.0
Atelectasis,sharp_chest_pain,53.0
Atelectasis,shortness_of_breath,61.0
Atelectasis,sore_throat,35.0
Athlete's foot,abnormal_appearing_skin,27.0
Athlete's foot,foot_or_toe_pain,61.0
Athlete's foot,foot_or_toe_swelling,24.0
Athlete's foot,irregular_appearing_nails,17.0
Athlete's foot,irregular_appearing_scalp,13.0
Athlete's foot,itching_of_skin,48.0
Athlete's foot,skin_dryness_peeling_scaliness_or_roughness,39.0
Athlete's foot,skin_irritation,17.0
Athlete's foot,skin_lesion,48.0
Athlete's foot,skin_on_leg_or_foot_looks_infected,27.0
Athlete's foot,skin_rash,65.0
Athlete's foot,skin_swelling,13.0
Atonic bladder,back_weakness,2.0
Atonic bladder,blood_in_urine,28.0
Atonic bladder,elbow_cramps_or_spasms,2.0
Atonic bladder,emotional_symptoms,2.0
Atonic bladder,frequent_urination,28.0
Atonic bladder,impotence,44.0
Atonic bladder,involuntary_urination,55.0
Atonic bladder,retention_of_urine,55.0
Atonic bladder,suprapubic_pain,28.0
Atonic bladder,symptoms_of_bladder,73.0
Atonic bladder,symptoms_of_prostate,28.0
Atonic bladder,wrist_weakness,2.0
Atrial fibrillation,decreased_heart_rate,2.0
Atrial fibrillation,dizziness,28.0
Atrial fibrillation,fatigue,22.0
Atrial fibrillation,increased_heart_rate,21.0
Atrial fibrillation,irregular_heartbeat,26.0
Atrial fibrillation,palpitations,31.0
Atrial fibrillation,sharp_chest_pain,38.0
Atrial fibrillation,shortness_of_breath,46.0
Atrial flutter,chest_tightness,21.0
Atrial flutter,difficulty_breathing,29.0
Atrial flutter,dizziness,29.0
Atrial flutter,fatigue,29.0
Atrial flutter,feeling_hot,6.0
Atrial flutter,frequent_urination,12.0
Atrial flutter,increased_heart_rate,50.0
Atrial flutter,irregular_heartbeat,70.0
Atrial flutter,palpitations,48.0
Atrial flutter,sharp_chest_pain,29.0
Atrial flutter,shortness_of_breath,38.0
Atrial flutter,swollen_lymph_nodes,6.0
Atrophic skin condition,abnormal_appearing_skin,39.0
Atrophic skin condition,acne_or_pimples,17.0
Atrophic skin condition,itching_of_skin,17.0
Atrophic skin condition,lip_swelling,11.0
Atrophic skin condition,skin_growth,78.0
Atrophic skin condition,skin_irritation,15.0
Atrophic skin condition,skin_lesion,35.0
Atrophic skin condition,skin_moles,34.0
Atrophic skin condition,skin_swelling,19.0
Atrophic skin condition,too_little_hair,11.0
Atrophic skin condition,warts,17.0
Atrophic skin condition,wrinkles_on_skin,49.0
Atrophic vaginitis,blood_in_urine,14.0
Atrophic vaginitis,frequent_urination,25.0
Atrophic vaginitis,hot_flashes,14.0
Atrophic vaginitis,intermenstrual_bleeding,14.0
Atrophic vaginitis,involuntary_urination,36.0
Atrophic vaginitis,lower_abdominal_pain,22.0
Atrophic vaginitis,pain_during_intercourse,31.0
Atrophic vaginitis,painful_urination,40.0
Atrophic vaginitis,suprapubic_pain,22.0
Atrophic vaginitis,vaginal_discharge,18.0
Atrophic vaginitis,vaginal_dryness,45.0
Atrophic vaginitis,vaginal_itching,45.0
Atrophy of the corpus cavernosum,abnormal_appearing_skin,42.0
Atrophy of the corpus cavernosum,bumps_on_penis,53.0
Atrophy of the corpus cavernosum,congestion_in_chest,15.0
Atrophy of the corpus cavernosum,fever,26.0
Atrophy of the corpus cavernosum,frequent_urination,15.0
Atrophy of the corpus cavernosum,groin_pain,15.0
Atrophy of the corpus cavernosum,impotence,26.0
Atrophy of the corpus cavernosum,penile_discharge,15.0
Atrophy of the corpus cavernosum,penis_pain,53.0
Atrophy of the corpus cavernosum,penis_redness,15.0
Atrophy of the corpus cavernosum,skin_growth,35.0
Atrophy of the corpus cavernosum,temper_problems,15.0
Attention deficit hyperactivity disorder (ADHD),antisocial_behavior,2.0
Attention deficit hyperactivity disorder (ADHD),anxiety_and_nervousness,32.0
Attention deficit hyperactivity disorder (ADHD),depression,34.0
Attention deficit hyperactivity disorder (ADHD),depressive_or_psychotic_symptoms,53.0
Attention deficit hyperactivity disorder (ADHD),drug_abuse,8.0
Attention deficit hyperactivity disorder (ADHD),excessive_anger,17.0
Attention deficit hyperactivity disorder (ADHD),hostile_behavior,17.0
Attention deficit hyperactivity disorder (ADHD),lack_of_growth,4.0
Attention deficit hyperactivity disorder (ADHD),low_self_esteem,4.0
Attention deficit hyperactivity disorder (ADHD),obsessions_and_compulsions,8.0
Attention deficit hyperactivity disorder (ADHD),restlessness,15.0
Attention deficit hyperactivity disorder (ADHD),temper_problems,9.0
Autism,antisocial_behavior,8.0
Autism,constipation,13.0
Autism,depressive_or_psychotic_symptoms,29.0
Autism,difficulty_speaking,6.0
Autism,eyelid_retracted,2.0
Autism,hostile_behavior,24.0
Autism,lack_of_growth,17.0
Autism,long_menstrual_periods,2.0
Autism,obsessions_and_compulsions,2.0
Autism,restlessness,6.0
Autism,seizures,41.0
Autism,temper_problems,11.0
Autonomic nervous system disorder,back_pain,31.0
Autonomic nervous system disorder,decreased_appetite,23.0
Autonomic nervous system disorder,difficulty_in_swallowing,13.0
Autonomic nervous system disorder,dizziness,31.0
Autonomic nervous system disorder,fainting,31.0
Autonomic nervous system disorder,fatigue,31.0
Autonomic nervous system disorder,headache,37.0
Autonomic nervous system disorder,leg_pain,52.0
Autonomic nervous system disorder,loss_of_sensation,37.0
Autonomic nervous system disorder,peripheral_edema,13.0
Autonomic nervous system disorder,pupils_unequal,23.0
Autonomic nervous system disorder,skin_lesion,37.0
Avascular necrosis,bowlegged_or_knock_kneed,12.0
Avascular necrosis,drug_abuse,12.0
Avascular necrosis,hip_pain,86.0
Avascular necrosis,knee_pain,53.0
Avascular necrosis,shoulder_pain,45.0
Avascular necrosis,shoulder_stiffness_or_tightness,12.0
Avascular necrosis,shoulder_weakness,12.0
Balanitis,abnormal_appearing_skin,38.0
Balanitis,cough,27.0
Balanitis,diaper_rash,47.0
Balanitis,fever,33.0
Balanitis,itching_of_skin,20.0
Balanitis,painful_urination,33.0
Balanitis,penile_discharge,23.0
Balanitis,penis_pain,53.0
Balanitis,penis_redness,73.0
Balanitis,skin_lesion,23.0
Balanitis,skin_rash,43.0
Balanitis,suprapubic_pain,23.0
Behcet disease,anxiety_and_nervousness,47.0
Behcet disease,blindness,47.0
Behcet disease,cough,47.0
Behcet disease,depression,47.0
Behcet disease,diarrhea,47.0
Behcet disease,diminished_vision,47.0
Behcet disease,mouth_ulcer,47.0
Behcet disease,neck_pain,47.0
Behcet disease,sharp_abdominal_pain,47.0
Behcet disease,shortness_of_breath,47.0
Behcet disease,upper_abdominal_pain,47.0
Behcet disease,vomiting,47.0
Bell palsy,abnormal_involuntary_movements,16.0
Bell palsy,diminished_vision,19.0
Bell palsy,eyelid_lesion_or_rash,16.0
Bell palsy,facial_pain,39.0
Bell palsy,focal_weakness,82.0
Bell palsy,headache,51.0
Bell palsy,loss_of_sensation,70.0
Bell palsy,paresthesia,19.0
Bell palsy,peripheral_edema,24.0
Bell palsy,symptoms_of_eye,21.0
Bell palsy,symptoms_of_the_face,67.0
Bell palsy,weakness,28.0
Benign kidney cyst,back_pain,44.0
Benign kidney cyst,blood_in_urine,49.0
Benign kidney cyst,decreased_appetite,13.0
Benign kidney cyst,drainage_in_throat,13.0
Benign kidney cyst,impotence,13.0
Benign kidney cyst,involuntary_urination,23.0
Benign kidney cyst,low_back_pain,32.0
Benign kidney cyst,sharp_abdominal_pain,57.0
Benign kidney cyst,side_pain,60.0
Benign kidney cyst,symptoms_of_prostate,13.0
Benign kidney cyst,symptoms_of_the_kidneys,23.0
Benign kidney cyst,vomiting,44.0
Benign paroxysmal positional vertical (BPPV),diminished_hearing,10.0
Benign paroxysmal positional vertical (BPPV),dizziness,98.0
Benign paroxysmal positional vertical (BPPV),fainting,18.0
Benign paroxysmal positional vertical (BPPV),feeling_ill,10.0
Benign paroxysmal positional vertical (BPPV),frontal_headache,5.0
Benign paroxysmal positional vertical (BPPV),headache,31.0
Benign paroxysmal positional vertical (BPPV),irregular_heartbeat,10.0
Benign paroxysmal positional vertical (BPPV),nausea,63.0
Benign paroxysmal positional vertical (BPPV),problems_with_movement,25.0
Benign paroxysmal positional vertical (BPPV),ringing_in_ear,18.0
Benign paroxysmal positional vertical (BPPV),vomiting,53.0
Benign paroxysmal positional vertical (BPPV),weakness,22.0
Benign prostatic hyperplasia (BPH),blood_in_urine,34.0
Benign prostatic hyperplasia (BPH),excessive_urination_at_night,30.0
Benign prostatic hyperplasia (BPH),frequent_urination,42.0
Benign prostatic hyperplasia (BPH),hesitancy,5.0
Benign prostatic hyperplasia (BPH),impotence,24.0
Benign prostatic hyperplasia (BPH),involuntary_urination,10.0
Benign prostatic hyperplasia (BPH),low_urine_output,3.0
Benign prostatic hyperplasia (BPH),pain_in_testicles,7.0
Benign prostatic hyperplasia (BPH),retention_of_urine,58.0
Benign prostatic hyperplasia (BPH),swelling_of_scrotum,4.0
Benign prostatic hyperplasia (BPH),symptoms_of_bladder,8.0
Benign prostatic hyperplasia (BPH),symptoms_of_prostate,48.0
Benign vaginal discharge (leukorrhea),burning_abdominal_pain,23.0
Benign vaginal discharge (leukorrhea),frequent_urination,11.0
Benign vaginal discharge (leukorrhea),pain_during_pregnancy,16.0
Benign vaginal discharge (leukorrhea),painful_urination,21.0
Benign vaginal discharge (leukorrhea),pelvic_pain,21.0
Benign vaginal discharge (leukorrhea),problems_during_pregnancy,28.0
Benign vaginal discharge (leukorrhea),sharp_abdominal_pain,57.0
Benign vaginal discharge (leukorrhea),suprapubic_pain,18.0
Benign vaginal discharge (leukorrhea),vaginal_discharge,92.0
Benign vaginal discharge (leukorrhea),vaginal_itching,50.0
Benign vaginal discharge (leukorrhea),vaginal_pain,18.0
Benign vaginal discharge (leukorrhea),vaginal_redness,9.0
Bipolar disorder,abusing_alcohol,18.0
Bipolar disorder,anxiety_and_nervousness,48.0
Bipolar disorder,delusions_or_hallucinations,20.0
Bipolar disorder,depression,62.0
Bipolar disorder,depressive_or_psychotic_symptoms,64.0
Bipolar disorder,drug_abuse,18.0
Bipolar disorder,excessive_anger,15.0
Bipolar disorder,fears_and_phobias,7.0
Bipolar disorder,hostile_behavior,21.0
Bipolar disorder,insomnia,21.0
Bipolar disorder,obsessions_and_compulsions,4.0
Bipolar disorder,temper_problems,13.0
Birth trauma,arm_stiffness_or_tightness,46.0
Birth trauma,depressive_or_psychotic_symptoms,30.0
Birth trauma,difficulty_speaking,30.0
Birth trauma,elbow_cramps_or_spasms,2.0
Birth trauma,emotional_symptoms,2.0
Birth trauma,itching_of_scrotum,2.0
Birth trauma,lack_of_growth,30.0
Birth trauma,low_back_weakness,2.0
Birth trauma,muscle_swelling,2.0
Birth trauma,nasal_congestion,30.0
Birth trauma,pus_in_sputum,2.0
Birth trauma,seizures,46.0
Bladder cancer,bladder_mass,9.0
Bladder cancer,blood_in_urine,44.0
Bladder cancer,excessive_urination_at_night,7.0
Bladder cancer,groin_mass,5.0
Bladder cancer,kidney_mass,2.0
Bladder cancer,mass_in_scrotum,2.0
Bladder cancer,pain_during_intercourse,2.0
Bladder cancer,penile_discharge,2.0
Bladder cancer,penis_redness,2.0
Bladder cancer,retention_of_urine,18.0
Bladder cancer,symptoms_of_bladder,14.0
Bladder cancer,symptoms_of_prostate,2.0
Bladder disorder,bladder_mass,20.0
Bladder disorder,blood_in_urine,53.0
Bladder disorder,coryza,20.0
Bladder disorder,frequent_urination,46.0
Bladder disorder,involuntary_urination,30.0
Bladder disorder,lower_abdominal_pain,16.0
Bladder disorder,painful_urination,20.0
Bladder disorder,pelvic_pain,16.0
Bladder disorder,retention_of_urine,33.0
Bladder disorder,sharp_abdominal_pain,36.0
Bladder disorder,suprapubic_pain,27.0
Bladder disorder,symptoms_of_bladder,59.0
Bladder obstruction,bedwetting,7.0
Bladder obstruction,blood_in_urine,27.0
Bladder obstruction,excessive_urination_at_night,13.0
Bladder obstruction,frequent_urination,41.0
Bladder obstruction,hesitancy,23.0
Bladder obstruction,impotence,44.0
Bladder obstruction,involuntary_urination,13.0
Bladder obstruction,peripheral_edema,13.0
Bladder obstruction,retention_of_urine,80.0
Bladder obstruction,suprapubic_pain,27.0
Bladder obstruction,symptoms_of_bladder,46.0
Bladder obstruction,symptoms_of_prostate,41.0
Blastomycosis,ankle_pain,91.0
Blastomycosis,excessive_anger,91.0
Blastomycosis,excessive_urination_at_night,91.0
Blastomycosis,facial_pain,91.0
Blastomycosis,fatigue,91.0
Blastomycosis,joint_stiffness_or_tightness,91.0
Blastomycosis,knee_lump_or_mass,91.0
Blastomycosis,pain_during_pregnancy,91.0
Blastomycosis,pain_in_eye,91.0
Blastomycosis,pain_or_soreness_of_breast,91.0
Blastomycosis,shoulder_cramps_or_spasms,91.0
Blastomycosis,wrist_pain,91.0
Blepharitis,diminished_vision,64.0
Blepharitis,eye_burns_or_stings,21.0
Blepharitis,eye_redness,56.0
Blepharitis,eyelid_lesion_or_rash,21.0
Blepharitis,eyelid_swelling,26.0
Blepharitis,itchiness_of_eye,47.0
Blepharitis,lacrimation,40.0
Blepharitis,pain_in_eye,54.0
Blepharitis,spots_or_clouds_in_vision,29.0
Blepharitis,swollen_eye,46.0
Blepharitis,symptoms_of_eye,43.0
Blepharitis,white_discharge_from_eye,24.0
Blepharospasm,abnormal_movement_of_eyelid,79.0
Blepharospasm,arm_weakness,27.0
Blepharospasm,blindness,27.0
Blepharospasm,cramps_and_spasms,27.0
Blepharospasm,diminished_vision,43.0
Blepharospasm,eye_moves_abnormally,27.0
Blepharospasm,eyelid_lesion_or_rash,27.0
Blepharospasm,headache,27.0
Blepharospasm,leg_weakness,27.0
Blepharospasm,low_back_weakness,2.0
Blepharospasm,muscle_cramps_contractures_or_spasms,27.0
Blepharospasm,pain_during_intercourse,27.0
Bone cancer,ache_all_over,27.0
Bone cancer,arm_lump_or_mass,8.0
Bone cancer,back_pain,27.0
Bone cancer,fatigue,21.0
Bone cancer,gum_pain,8.0
Bone cancer,joint_pain,8.0
Bone cancer,leg_pain,27.0
Bone cancer,low_back_pain,31.0
Bone cancer,muscle_pain,8.0
Bone cancer,peripheral_edema,15.0
Bone cancer,problems_with_movement,8.0
Bone cancer,rib_pain,15.0
Bone disorder,back_pain,36.0
Bone disorder,bones_are_painful,16.0
Bone disorder,difficulty_speaking,3.0
Bone disorder,hot_flashes,3.0
Bone disorder,knee_pain,27.0
Bone disorder,leg_cramps_or_spasms,5.0
Bone disorder,leg_lump_or_mass,2.0
Bone disorder,leg_pain,25.0
Bone disorder,leg_weakness,5.0
Bone disorder,muscle_stiffness_or_tightness,2.0
Bone disorder,shoulder_pain,25.0
Bone disorder,stiffness_all_over,3.0
Bone spur of the calcaneous,ankle_pain,50.0
Bone spur of the calcaneous,ankle_swelling,14.0
Bone spur of the calcaneous,elbow_pain,14.0
Bone spur of the calcaneous,foot_or_toe_pain,94.0
Bone spur of the calcaneous,foot_or_toe_swelling,32.0
Bone spur of the calcaneous,heartburn,14.0
Bone spur of the calcaneous,joint_pain,14.0
Bone spur of the calcaneous,leg_pain,24.0
Bone spur of the calcaneous,muscle_pain,14.0
Bone spur of the calcaneous,paresthesia,14.0
Bone spur of the calcaneous,problems_with_movement,14.0
Bone spur of the calcaneous,weight_gain,14.0
Brachial neuritis,arm_pain,68.0
Brachial neuritis,arm_weakness,13.0
Brachial neuritis,back_pain,46.0
Brachial neuritis,elbow_pain,13.0
Brachial neuritis,hand_or_finger_pain,27.0
Brachial neuritis,hand_or_finger_weakness,9.0
Brachial neuritis,headache,40.0
Brachial neuritis,loss_of_sensation,63.0
Brachial neuritis,low_back_pain,34.0
Brachial neuritis,neck_pain,86.0
Brachial neuritis,paresthesia,33.0
Brachial neuritis,shoulder_pain,70.0
Brain cancer,arm_weakness,6.0
Brain cancer,blindness,6.0
Brain cancer,decreased_appetite,14.0
Brain cancer,difficulty_speaking,6.0
Brain cancer,disturbance_of_memory,12.0
Brain cancer,focal_weakness,17.0
Brain cancer,headache,52.0
Brain cancer,leg_weakness,6.0
Brain cancer,seizures,45.0
Brain cancer,slurring_words,9.0
Brain cancer,stomach_bloating,6.0
Brain cancer,weakness,21.0
Breast cancer,bleeding_or_discharge_from_nipple,2.0
Breast cancer,hot_flashes,7.0
Breast cancer,joint_stiffness_or_tightness,2.0
Breast cancer,lump_or_mass_of_breast,21.0
Breast cancer,pain_or_soreness_of_breast,9.0
Breast cyst,arm_lump_or_mass,6.0
Breast cyst,bleeding_or_discharge_from_nipple,21.0
Breast cyst,coughing_up_sputum,6.0
Breast cyst,irregular_belly_button,6.0
Breast cyst,lump_or_mass_of_breast,89.0
Breast cyst,neck_mass,6.0
Breast cyst,pain_or_soreness_of_breast,56.0
Breast cyst,skin_growth,21.0
Breast cyst,vaginal_dryness,6.0
Breast cyst,warts,6.0
Breast infection (mastitis),abnormal_appearing_skin,40.0
Breast infection (mastitis),bleeding_or_discharge_from_nipple,23.0
Breast infection (mastitis),bones_are_painful,11.0
Breast infection (mastitis),chills,15.0
Breast infection (mastitis),fever,36.0
Breast infection (mastitis),long_menstrual_periods,4.0
Breast infection (mastitis),lump_or_mass_of_breast,53.0
Breast infection (mastitis),mouth_dryness,4.0
Breast infection (mastitis),pain_or_soreness_of_breast,85.0
Breast infection (mastitis),postpartum_problems_of_the_breast,21.0
Breast infection (mastitis),recent_pregnancy,15.0
Breast infection (mastitis),skin_growth,11.0
Broken tooth,bleeding_gums,11.0
Broken tooth,bleeding_in_mouth,14.0
Broken tooth,difficulty_eating,8.0
Broken tooth,dry_lips,4.0
Broken tooth,facial_pain,37.0
Broken tooth,gum_pain,25.0
Broken tooth,lip_swelling,14.0
Broken tooth,lump_over_jaw,4.0
Broken tooth,mouth_pain,14.0
Broken tooth,peripheral_edema,14.0
Broken tooth,slurring_words,4.0
Broken tooth,toothache,88.0
Bronchiectasis,coryza,34.0
Bronchiectasis,cough,74.0
Bronchiectasis,coughing_up_sputum,41.0
Bronchiectasis,difficulty_breathing,41.0
Bronchiectasis,drainage_in_throat,25.0
Bronchiectasis,fatigue,25.0
Bronchiectasis,fever,25.0
Bronchiectasis,fluid_retention,14.0
Bronchiectasis,hemoptysis,47.0
Bronchiectasis,nasal_congestion,34.0
Bronchiectasis,shortness_of_breath,56.0
Bronchiectasis,sore_throat,34.0
Bruise,arm_pain,28.0
Bruise,back_pain,37.0
Bruise,foot_or_toe_pain,31.0
Bruise,hand_or_finger_pain,34.0
Bruise,headache,36.0
Bruise,hip_pain,25.0
Bruise,knee_pain,41.0
Bruise,leg_pain,29.0
Bruise,neck_pain,25.0
Bruise,rib_pain,26.0
Bruise,sharp_chest_pain,26.0
Bruise,shoulder_pain,34.0
Bunion,foot_or_toe_lump_or_mass,31.0
Bunion,foot_or_toe_pain,80.0
Bunion,foot_or_toe_swelling,10.0
Bunion,knee_pain,25.0
Bunion,leg_swelling,10.0
Bunion,pain_or_soreness_of_breast,10.0
Bunion,problems_with_movement,18.0
Bunion,skin_growth,10.0
Bunion,skin_irritation,10.0
Bunion,skin_moles,18.0
Bunion,skin_on_leg_or_foot_looks_infected,18.0
Bunion,stiffness_all_over,10.0
Burn,bleeding_from_ear,3.0
Burn,elbow_pain,12.0
Burn,hand_or_finger_pain,19.0
Burn,headache,24.0
Burn,knee_pain,26.0
Burn,penis_redness,1.0
Burn,skin_irritation,3.0
Burn,wrist_pain,12.0
Burn,wrist_swelling,1.0
Bursitis,arm_pain,42.0
Bursitis,arm_stiffness_or_tightness,5.0
Bursitis,arm_swelling,4.0
Bursitis,elbow_pain,47.0
Bursitis,elbow_swelling,36.0
Bursitis,hip_pain,23.0
Bursitis,knee_pain,55.0
Bursitis,knee_swelling,22.0
Bursitis,leg_pain,25.0
Bursitis,leg_swelling,8.0
Bursitis,shoulder_pain,88.0
Bursitis,shoulder_stiffness_or_tightness,12.0
Callus,abnormal_appearing_skin,40.0
Callus,acne_or_pimples,30.0
Callus,foot_or_toe_pain,62.0
Callus,foot_or_toe_swelling,17.0
Callus,irregular_appearing_nails,21.0
Callus,itching_of_skin,17.0
Callus,skin_dryness_peeling_scaliness_or_roughness,27.0
Callus,skin_growth,63.0
Callus,skin_lesion,47.0
Callus,skin_rash,52.0
Callus,skin_swelling,27.0
Callus,warts,30.0
Carbon monoxide poisoning,depressive_or_psychotic_symptoms,27.0
Carbon monoxide poisoning,diarrhea,27.0
Carbon monoxide poisoning,dizziness,53.0
Carbon monoxide poisoning,elbow_cramps_or_spasms,2.0
Carbon monoxide poisoning,emotional_symptoms,2.0
Carbon monoxide poisoning,fainting,27.0
Carbon monoxide poisoning,frontal_headache,27.0
Carbon monoxide poisoning,headache,81.0
Carbon monoxide poisoning,low_back_weakness,2.0
Carbon monoxide poisoning,nausea,72.0
Carbon monoxide poisoning,sleepiness,27.0
Carbon monoxide poisoning,vomiting,42.0
Carcinoid syndrome,excessive_growth,11.0
Carcinoid syndrome,eye_strain,11.0
Carcinoid syndrome,involuntary_urination,77.0
Carcinoid syndrome,itchy_eyelid,11.0
Carcinoid syndrome,joint_stiffness_or_tightness,11.0
Carcinoid syndrome,knee_lump_or_mass,11.0
Carcinoid syndrome,loss_of_sex_drive,11.0
Carcinoid syndrome,nailbiting,11.0
Carcinoid syndrome,neck_cramps_or_spasms,11.0
Carcinoid syndrome,shoulder_swelling,11.0
Carcinoid syndrome,vulvar_sore,11.0
Carcinoid syndrome,wrist_weakness,11.0
Cardiac arrest,arm_swelling,3.0
Cardiac arrest,decreased_heart_rate,7.0
Cardiac arrest,difficulty_breathing,30.0
Cardiac arrest,focal_weakness,9.0
Cardiac arrest,hurts_to_breath,7.0
Cardiac arrest,increased_heart_rate,17.0
Cardiac arrest,irregular_heartbeat,17.0
Cardiac arrest,pallor,3.0
Cardiac arrest,palpitations,9.0
Cardiac arrest,sharp_chest_pain,26.0
Cardiac arrest,shortness_of_breath,43.0
Cardiac arrest,weakness,22.0
Cardiomyopathy,chest_tightness,13.0
Cardiomyopathy,decreased_heart_rate,2.0
Cardiomyopathy,excessive_urination_at_night,2.0
Cardiomyopathy,fatigue,27.0
Cardiomyopathy,heartburn,6.0
Cardiomyopathy,irregular_heartbeat,9.0
Cardiomyopathy,muscle_weakness,2.0
Cardiomyopathy,palpitations,13.0
Cardiomyopathy,peripheral_edema,16.0
Cardiomyopathy,sharp_chest_pain,39.0
Cardiomyopathy,shortness_of_breath,53.0
Cardiomyopathy,weight_gain,9.0
Carpal tunnel syndrome,arm_pain,45.0
Carpal tunnel syndrome,arm_weakness,5.0
Carpal tunnel syndrome,elbow_pain,11.0
Carpal tunnel syndrome,hand_or_finger_pain,66.0
Carpal tunnel syndrome,hand_or_finger_stiffness_or_tightness,9.0
Carpal tunnel syndrome,hand_or_finger_swelling,8.0
Carpal tunnel syndrome,hand_or_finger_weakness,11.0
Carpal tunnel syndrome,loss_of_sensation,80.0
Carpal tunnel syndrome,neck_pain,36.0
Carpal tunnel syndrome,paresthesia,48.0
Carpal tunnel syndrome,wrist_pain,57.0
Carpal tunnel syndrome,wrist_swelling,4.0
Cat scratch disease,arm_lump_or_mass,57.0
Cat scratch disease,arm_swelling,57.0
Cat scratch disease,fever,57.0
Cat scratch disease,groin_mass,57.0
Cat scratch disease,headache,57.0
Cat scratch disease,itchy_eyelid,5.0
Cat scratch disease,loss_of_sensation,57.0
Cat scratch disease,neck_swelling,74.0
Cat scratch disease,skin_lesion,57.0
Cat scratch disease,skin_rash,57.0
Cat scratch disease,skin_swelling,74.0
Cat scratch disease,swollen_eye,57.0
Cataract,abnormal_movement_of_eyelid,4.0
Cataract,blindness,9.0
Cataract,cloudy_eye,7.0
Cataract,diminished_vision,77.0
Cataract,double_vision,8.0
Cataract,eye_burns_or_stings,8.0
Cataract,foreign_body_sensation_in_eye,8.0
Cataract,itchiness_of_eye,13.0
Cataract,lacrimation,15.0
Cataract,pain_in_eye,19.0
Cataract,spots_or_clouds_in_vision,33.0
Cataract,symptoms_of_eye,27.0
Celiac disease,allergic_reaction,25.0
Celiac disease,constipation,15.0
Celiac disease,diarrhea,52.0
Celiac disease,fatigue,41.0
Celiac disease,fears_and_phobias,15.0
Celiac disease,leg_lump_or_mass,15.0
Celiac disease,nausea,34.0
Celiac disease,peripheral_edema,15.0
Celiac disease,regurgitation,47.0
Celiac disease,sharp_abdominal_pain,52.0
Celiac disease,sharp_chest_pain,25.0
Celiac disease,vomiting,41.0
Cellulitis or abscess of mouth,abnormal_appearing_skin,26.0
Cellulitis or abscess of mouth,acne_or_pimples,19.0
Cellulitis or abscess of mouth,difficulty_in_swallowing,23.0
Cellulitis or abscess of mouth,dry_lips,19.0
Cellulitis or abscess of mouth,facial_pain,19.0
Cellulitis or abscess of mouth,lip_swelling,87.0
Cellulitis or abscess of mouth,mouth_ulcer,19.0
Cellulitis or abscess of mouth,skin_growth,15.0
Cellulitis or abscess of mouth,skin_lesion,26.0
Cellulitis or abscess of mouth,sore_throat,42.0
Cellulitis or abscess of mouth,throat_swelling,19.0
Cellulitis or abscess of mouth,toothache,40.0
Central atherosclerosis,blood_in_urine,23.0
Central atherosclerosis,excessive_urination_at_night,23.0
Central atherosclerosis,fatigue,31.0
Central atherosclerosis,hand_or_finger_cramps_or_spasms,13.0
Central atherosclerosis,increased_heart_rate,13.0
Central atherosclerosis,irregular_heartbeat,13.0
Central atherosclerosis,joint_pain,13.0
Central atherosclerosis,muscle_pain,13.0
Central atherosclerosis,peripheral_edema,13.0
Central atherosclerosis,shortness_of_breath,43.0
Central atherosclerosis,symptoms_of_the_kidneys,13.0
Central atherosclerosis,weight_gain,13.0
Central retinal artery or vein occlusion,blindness,37.0
Central retinal artery or vein occlusion,diminished_vision,83.0
Central retinal artery or vein occlusion,double_vision,8.0
Central retinal artery or vein occlusion,elbow_pain,8.0
Central retinal artery or vein occlusion,eye_deviation,8.0
Central retinal artery or vein occlusion,foreign_body_sensation_in_eye,14.0
Central retinal artery or vein occlusion,irregular_heartbeat,8.0
Central retinal artery or vein occlusion,pain_in_eye,20.0
Central retinal artery or vein occlusion,spots_or_clouds_in_vision,34.0
Central retinal artery or vein occlusion,symptoms_of_eye,34.0
Cerebral edema,arm_pain,21.0
Cerebral edema,difficulty_speaking,34.0
Cerebral edema,diminished_vision,44.0
Cerebral edema,dizziness,34.0
Cerebral edema,focal_weakness,52.0
Cerebral edema,headache,84.0
Cerebral edema,loss_of_sensation,34.0
Cerebral edema,muscle_stiffness_or_tightness,21.0
Cerebral edema,nausea,34.0
Cerebral edema,neck_pain,63.0
Cerebral edema,problems_with_movement,34.0
Cerebral edema,vomiting,44.0
Cerebral palsy,back_cramps_or_spasms,4.0
Cerebral palsy,blindness,4.0
Cerebral palsy,cramps_and_spasms,14.0
Cerebral palsy,difficulty_eating,6.0
Cerebral palsy,infant_feeding_problem,2.0
Cerebral palsy,lack_of_growth,6.0
Cerebral palsy,leg_cramps_or_spasms,4.0
Cerebral palsy,lip_sore,2.0
Cerebral palsy,problems_with_movement,29.0
Cerebral palsy,seizures,51.0
Cerebral palsy,swollen_tongue,2.0
Cerebral palsy,tongue_lesions,2.0
Cervical cancer,difficulty_eating,2.0
Cervical cancer,heavy_menstrual_flow,6.0
Cervical cancer,intermenstrual_bleeding,5.0
Cervical cancer,jaundice,2.0
Cervical cancer,mass_on_vulva,2.0
Cervical cancer,painful_menstruation,5.0
Cervical cancer,pelvic_pain,13.0
Cervical cancer,swollen_abdomen,2.0
Cervical cancer,unpredictable_menstruation,5.0
Cervical cancer,vaginal_discharge,11.0
Cervical cancer,vaginal_itching,5.0
Cervical cancer,vulvar_irritation,3.0
Cervical disorder,focal_weakness,9.0
Cervical disorder,hot_flashes,9.0
Cervical disorder,intermenstrual_bleeding,16.0
Cervical disorder,pain_during_intercourse,9.0
Cervical disorder,painful_menstruation,9.0
Cervical disorder,painful_urination,16.0
Cervical disorder,pelvic_pain,22.0
Cervical disorder,sharp_abdominal_pain,32.0
Cervical disorder,vaginal_bleeding_after_menopause,32.0
Cervical disorder,vaginal_discharge,16.0
Cervical disorder,vaginal_itching,16.0
Cervical disorder,vaginal_pain,9.0
Cervicitis,burning_abdominal_pain,27.0
Cervicitis,cramps_and_spasms,17.0
Cervicitis,lower_abdominal_pain,41.0
Cervicitis,nausea,27.0
Cervicitis,pain_during_pregnancy,17.0
Cervicitis,painful_urination,41.0
Cervicitis,pelvic_pain,46.0
Cervicitis,sharp_abdominal_pain,73.0
Cervicitis,suprapubic_pain,13.0
Cervicitis,vaginal_discharge,70.0
Cervicitis,vaginal_itching,24.0
Cervicitis,vaginal_pain,24.0
Chagas disease,ankle_pain,32.0
Chagas disease,excessive_anger,32.0
Chagas disease,excessive_urination_at_night,32.0
Chagas disease,facial_pain,32.0
Chagas disease,fatigue,32.0
Chagas disease,joint_stiffness_or_tightness,32.0
Chagas disease,knee_lump_or_mass,32.0
Chagas disease,pain_during_pregnancy,32.0
Chagas disease,pain_in_eye,32.0
Chagas disease,pain_or_soreness_of_breast,32.0
Chagas disease,shoulder_cramps_or_spasms,32.0
Chagas disease,wrist_pain,32.0
Chalazion,diminished_vision,25.0
Chalazion,eye_redness,43.0
Chalazion,eyelid_lesion_or_rash,35.0
Chalazion,eyelid_swelling,35.0
Chalazion,foreign_body_sensation_in_eye,16.0
Chalazion,itchiness_of_eye,25.0
Chalazion,lacrimation,12.0
Chalazion,mass_on_eyelid,84.0
Chalazion,pain_in_eye,58.0
Chalazion,skin_growth,21.0
Chalazion,swollen_eye,45.0
Chalazion,symptoms_of_eye,38.0
Chancroid,ankle_pain,32.0
Chancroid,excessive_anger,32.0
Chancroid,excessive_urination_at_night,32.0
Chancroid,facial_pain,32.0
Chancroid,fatigue,32.0
Chancroid,joint_stiffness_or_tightness,32.0
Chancroid,knee_lump_or_mass,32.0
Chancroid,pain_during_pregnancy,32.0
Chancroid,pain_in_eye,32.0
Chancroid,pain_or_soreness_of_breast,32.0
Chancroid,shoulder_cramps_or_spasms,32.0
Chancroid,wrist_pain,32.0
Chickenpox,abnormal_appearing_skin,45.0
Chickenpox,ache_all_over,28.0
Chickenpox,cough,28.0
Chickenpox,eye_redness,12.0
Chickenpox,fever,62.0
Chickenpox,irritable_infant,12.0
Chickenpox,itching_of_skin,40.0
Chickenpox,pain_in_testicles,12.0
Chickenpox,problems_during_pregnancy,12.0
Chickenpox,skin_lesion,28.0
Chickenpox,skin_rash,93.0
Chickenpox,skin_swelling,28.0
Chlamydia,frequent_urination,22.0
Chlamydia,groin_pain,14.0
Chlamydia,itching_of_skin,22.0
Chlamydia,lower_abdominal_pain,18.0
Chlamydia,painful_urination,49.0
Chlamydia,pelvic_pain,14.0
Chlamydia,penile_discharge,59.0
Chlamydia,penis_pain,14.0
Chlamydia,sharp_abdominal_pain,49.0
Chlamydia,vaginal_discharge,59.0
Chlamydia,vaginal_itching,22.0
Chlamydia,vaginal_pain,37.0
Cholecystitis,back_pain,31.0
Cholecystitis,burning_abdominal_pain,19.0
Cholecystitis,lower_body_pain,10.0
Cholecystitis,nausea,56.0
Cholecystitis,regurgitation,8.0
Cholecystitis,sharp_abdominal_pain,82.0
Cholecystitis,sharp_chest_pain,34.0
Cholecystitis,side_pain,20.0
Cholecystitis,stomach_bloating,4.0
Cholecystitis,symptoms_of_the_kidneys,2.0
Cholecystitis,upper_abdominal_pain,70.0
Cholecystitis,vomiting,51.0
Choledocholithiasis,back_pain,29.0
Choledocholithiasis,chills,17.0
Choledocholithiasis,decreased_appetite,9.0
Choledocholithiasis,diarrhea,29.0
Choledocholithiasis,jaundice,29.0
Choledocholithiasis,nausea,52.0
Choledocholithiasis,sharp_abdominal_pain,83.0
Choledocholithiasis,sharp_chest_pain,42.0
Choledocholithiasis,side_pain,23.0
Choledocholithiasis,unusual_color_or_odor_to_urine,9.0
Choledocholithiasis,upper_abdominal_pain,59.0
Choledocholithiasis,vomiting,57.0
Cholesteatoma,allergic_reaction,21.0
Cholesteatoma,bleeding_from_ear,21.0
Cholesteatoma,diminished_hearing,63.0
Cholesteatoma,ear_pain,63.0
Cholesteatoma,fluid_in_ear,34.0
Cholesteatoma,mass_on_ear,34.0
Cholesteatoma,muscle_swelling,1.0
Cholesteatoma,nasal_congestion,34.0
Cholesteatoma,plugged_feeling_in_ear,34.0
Cholesteatoma,pus_draining_from_ear,21.0
Cholesteatoma,redness_in_ear,34.0
Cholesteatoma,skin_growth,21.0
Chondromalacia of the patella,bones_are_painful,7.0
Chondromalacia of the patella,elbow_pain,12.0
Chondromalacia of the patella,joint_pain,12.0
Chondromalacia of the patella,knee_pain,95.0
Chondromalacia of the patella,knee_stiffness_or_tightness,17.0
Chondromalacia of the patella,knee_swelling,22.0
Chondromalacia of the patella,knee_weakness,12.0
Chondromalacia of the patella,leg_pain,26.0
Chondromalacia of the patella,problems_with_movement,17.0
Chorioretinitis,diminished_vision,78.0
Chorioretinitis,double_vision,19.0
Chorioretinitis,elbow_cramps_or_spasms,1.0
Chorioretinitis,eye_burns_or_stings,32.0
Chorioretinitis,foreign_body_sensation_in_eye,19.0
Chorioretinitis,itchiness_of_eye,19.0
Chorioretinitis,knee_cramps_or_spasms,1.0
Chorioretinitis,low_back_weakness,1.0
Chorioretinitis,muscle_swelling,1.0
Chorioretinitis,pain_in_eye,32.0
Chorioretinitis,pus_in_urine,1.0
Chorioretinitis,spots_or_clouds_in_vision,55.0
Chronic back pain,back_cramps_or_spasms,4.0
Chronic back pain,back_pain,90.0
Chronic back pain,back_stiffness_or_tightness,2.0
Chronic back pain,groin_pain,6.0
Chronic back pain,hip_pain,22.0
Chronic back pain,leg_pain,50.0
Chronic back pain,leg_weakness,4.0
Chronic back pain,loss_of_sensation,21.0
Chronic back pain,low_back_pain,70.0
Chronic back pain,lower_body_pain,15.0
Chronic back pain,neck_pain,34.0
Chronic back pain,side_pain,20.0
Chronic constipation,blood_in_stool,17.0
Chronic constipation,burning_abdominal_pain,37.0
Chronic constipation,changes_in_stool_appearance,10.0
Chronic constipation,constipation,87.0
Chronic constipation,lower_abdominal_pain,19.0
Chronic constipation,nausea,29.0
Chronic constipation,pain_of_the_anus,13.0
Chronic constipation,rectal_bleeding,18.0
Chronic constipation,retention_of_urine,11.0
Chronic constipation,sharp_abdominal_pain,77.0
Chronic constipation,stomach_bloating,11.0
Chronic constipation,vomiting,34.0
Chronic glaucoma,blindness,12.0
Chronic glaucoma,diminished_vision,62.0
Chronic glaucoma,double_vision,5.0
Chronic glaucoma,eye_burns_or_stings,10.0
Chronic glaucoma,foreign_body_sensation_in_eye,13.0
Chronic glaucoma,itchiness_of_eye,12.0
Chronic glaucoma,lacrimation,15.0
Chronic glaucoma,mass_on_eyelid,4.0
Chronic glaucoma,pain_in_eye,30.0
Chronic glaucoma,spots_or_clouds_in_vision,26.0
Chronic glaucoma,symptoms_of_eye,28.0
Chronic glaucoma,white_discharge_from_eye,5.0
Chronic inflammatory demyelinating polyneuropathy (CIDP),abnormal_involuntary_movements,27.0
Chronic inflammatory demyelinating polyneuropathy (CIDP),dizziness,27.0
Chronic inflammatory demyelinating polyneuropathy (CIDP),facial_pain,27.0
Chronic inflammatory demyelinating polyneuropathy (CIDP),fatigue,27.0
Chronic inflammatory demyelinating polyneuropathy (CIDP),focal_weakness,27.0
Chronic inflammatory demyelinating polyneuropathy (CIDP),hand_or_finger_weakness,27.0
Chronic inflammatory demyelinating polyneuropathy (CIDP),leg_cramps_or_spasms,27.0
Chronic inflammatory demyelinating polyneuropathy (CIDP),leg_pain,27.0
Chronic inflammatory demyelinating polyneuropathy (CIDP),leg_weakness,53.0
Chronic inflammatory demyelinating polyneuropathy (CIDP),loss_of_sensation,78.0
Chronic inflammatory demyelinating polyneuropathy (CIDP),problems_with_movement,53.0
Chronic inflammatory demyelinating polyneuropathy (CIDP),weakness,67.0
Chronic kidney disease,fatigue,35.0
Chronic kidney disease,feeling_cold,2.0
Chronic kidney disease,peripheral_edema,13.0
Chronic kidney disease,shortness_of_breath,25.0
Chronic kidney disease,symptoms_of_the_kidneys,21.0
Chronic kidney disease,unusual_color_or_odor_to_urine,2.0
Chronic knee pain,back_pain,25.0
Chronic knee pain,hip_pain,21.0
Chronic knee pain,joint_pain,7.0
Chronic knee pain,knee_pain,95.0
Chronic knee pain,knee_stiffness_or_tightness,8.0
Chronic knee pain,knee_swelling,34.0
Chronic knee pain,knee_weakness,6.0
Chronic knee pain,leg_pain,47.0
Chronic knee pain,leg_swelling,10.0
Chronic obstructive pulmonary disease (COPD),chest_tightness,12.0
Chronic obstructive pulmonary disease (COPD),congestion_in_chest,22.0
Chronic obstructive pulmonary disease (COPD),coryza,31.0
Chronic obstructive pulmonary disease (COPD),cough,83.0
Chronic obstructive pulmonary disease (COPD),coughing_up_sputum,23.0
Chronic obstructive pulmonary disease (COPD),difficulty_breathing,39.0
Chronic obstructive pulmonary disease (COPD),fever,49.0
Chronic obstructive pulmonary disease (COPD),nasal_congestion,54.0
Chronic obstructive pulmonary disease (COPD),sharp_chest_pain,39.0
Chronic obstructive pulmonary disease (COPD),shortness_of_breath,70.0
Chronic obstructive pulmonary disease (COPD),sore_throat,42.0
Chronic obstructive pulmonary disease (COPD),wheezing,25.0
Chronic otitis media,allergic_reaction,14.0
Chronic otitis media,bleeding_from_ear,11.0
Chronic otitis media,cough,48.0
Chronic otitis media,diminished_hearing,48.0
Chronic otitis media,ear_pain,63.0
Chronic otitis media,fever,45.0
Chronic otitis media,fluid_in_ear,40.0
Chronic otitis media,nasal_congestion,50.0
Chronic otitis media,painful_sinuses,11.0
Chronic otitis media,plugged_feeling_in_ear,27.0
Chronic otitis media,pulling_at_ears,20.0
Chronic otitis media,redness_in_ear,68.0
Chronic pain disorder,ache_all_over,48.0
Chronic pain disorder,back_pain,76.0
Chronic pain disorder,headache,37.0
Chronic pain disorder,hip_pain,23.0
Chronic pain disorder,knee_pain,26.0
Chronic pain disorder,leg_pain,41.0
Chronic pain disorder,low_back_pain,63.0
Chronic pain disorder,lower_body_pain,8.0
Chronic pain disorder,neck_pain,41.0
Chronic pain disorder,pelvic_pain,8.0
Chronic pain disorder,sharp_abdominal_pain,34.0
Chronic pain disorder,shoulder_pain,28.0
Chronic pancreatitis,abusing_alcohol,15.0
Chronic pancreatitis,ache_all_over,39.0
Chronic pancreatitis,back_pain,26.0
Chronic pancreatitis,burning_abdominal_pain,31.0
Chronic pancreatitis,diarrhea,31.0
Chronic pancreatitis,leg_weakness,8.0
Chronic pancreatitis,nausea,51.0
Chronic pancreatitis,regurgitation,8.0
Chronic pancreatitis,sharp_abdominal_pain,86.0
Chronic pancreatitis,skin_growth,8.0
Chronic pancreatitis,upper_abdominal_pain,26.0
Chronic pancreatitis,vomiting,55.0
Chronic rheumatic fever,chest_tightness,15.0
Chronic rheumatic fever,difficulty_breathing,26.0
Chronic rheumatic fever,dizziness,26.0
Chronic rheumatic fever,drainage_in_throat,6.0
Chronic rheumatic fever,fluid_in_ear,6.0
Chronic rheumatic fever,increased_heart_rate,11.0
Chronic rheumatic fever,palpitations,33.0
Chronic rheumatic fever,restlessness,6.0
Chronic rheumatic fever,sharp_chest_pain,42.0
Chronic rheumatic fever,shortness_of_breath,52.0
Chronic rheumatic fever,smoking_problems,6.0
Chronic rheumatic fever,throat_feels_tight,6.0
Chronic sinusitis,congestion_in_chest,14.0
Chronic sinusitis,coryza,39.0
Chronic sinusitis,cough,75.0
Chronic sinusitis,ear_pain,39.0
Chronic sinusitis,facial_pain,23.0
Chronic sinusitis,fever,48.0
Chronic sinusitis,frontal_headache,40.0
Chronic sinusitis,headache,62.0
Chronic sinusitis,nasal_congestion,75.0
Chronic sinusitis,painful_sinuses,34.0
Chronic sinusitis,sinus_congestion,27.0
Chronic sinusitis,sore_throat,59.0
Chronic ulcer,skin_lesion,83.0
Chronic ulcer,skin_on_leg_or_foot_looks_infected,7.0
Chronic ulcer,skin_pain,1.0
Cirrhosis,abdominal_distention,16.0
Cirrhosis,blood_in_stool,10.0
Cirrhosis,fatigue,20.0
Cirrhosis,melena,5.0
Cirrhosis,peripheral_edema,24.0
Cirrhosis,regurgitation,8.0
Cirrhosis,sharp_abdominal_pain,39.0
Cirrhosis,shortness_of_breath,30.0
Cirrhosis,stomach_bloating,10.0
Cirrhosis,symptoms_of_the_kidneys,5.0
Cirrhosis,upper_abdominal_pain,20.0
Cirrhosis,vomiting_blood,5.0
Coagulation (bleeding) disorder,blood_in_urine,17.0
Coagulation (bleeding) disorder,early_or_late_onset_of_menopause,4.0
Coagulation (bleeding) disorder,eye_redness,11.0
Coagulation (bleeding) disorder,hemoptysis,8.0
Coagulation (bleeding) disorder,knee_swelling,4.0
Coagulation (bleeding) disorder,leg_cramps_or_spasms,4.0
Coagulation (bleeding) disorder,leg_pain,30.0
Coagulation (bleeding) disorder,leg_swelling,17.0
Coagulation (bleeding) disorder,lymphedema,8.0
Coagulation (bleeding) disorder,melena,8.0
Coagulation (bleeding) disorder,nosebleed,17.0
Coagulation (bleeding) disorder,vaginal_pain,4.0
Cold sore,fever,35.0
Cold sore,itching_of_skin,14.0
Cold sore,lip_sore,38.0
Cold sore,lip_swelling,31.0
Cold sore,mouth_ulcer,35.0
Cold sore,peripheral_edema,14.0
Cold sore,skin_lesion,31.0
Cold sore,skin_rash,50.0
Cold sore,skin_swelling,14.0
Cold sore,sore_throat,28.0
Cold sore,vaginal_discharge,14.0
Cold sore,vaginal_itching,15.0
Colonic polyp,blood_in_stool,35.0
Colonic polyp,changes_in_stool_appearance,6.0
Colonic polyp,constipation,31.0
Colonic polyp,diarrhea,28.0
Colonic polyp,discharge_in_stools,6.0
Colonic polyp,flatulence,6.0
Colonic polyp,heartburn,13.0
Colonic polyp,pain_of_the_anus,11.0
Colonic polyp,rectal_bleeding,42.0
Colonic polyp,regurgitation,11.0
Colonic polyp,sharp_abdominal_pain,31.0
Colonic polyp,upper_abdominal_pain,17.0
Colorectal cancer,blood_in_stool,6.0
Colorectal cancer,drainage_in_throat,2.0
Colorectal cancer,mass_or_swelling_around_the_anus,3.0
Colorectal cancer,pain_of_the_anus,4.0
Colorectal cancer,rectal_bleeding,14.0
Colorectal cancer,sharp_abdominal_pain,26.0
Common cold,chills,12.0
Common cold,congestion_in_chest,12.0
Common cold,coryza,48.0
Common cold,cough,85.0
Common cold,ear_pain,44.0
Common cold,fever,78.0
Common cold,flu_like_syndrome,11.0
Common cold,headache,36.0
Common cold,nasal_congestion,69.0
Common cold,sore_throat,82.0
Common cold,vomiting,34.0
Common cold,wheezing,16.0
Complex regional pain syndrome,abnormal_involuntary_movements,19.0
Complex regional pain syndrome,ache_all_over,33.0
Complex regional pain syndrome,arm_pain,30.0
Complex regional pain syndrome,back_pain,37.0
Complex regional pain syndrome,foot_or_toe_pain,42.0
Complex regional pain syndrome,hand_or_finger_pain,28.0
Complex regional pain syndrome,leg_pain,52.0
Complex regional pain syndrome,loss_of_sensation,63.0
Complex regional pain syndrome,low_back_pain,27.0
Complex regional pain syndrome,neck_pain,26.0
Complex regional pain syndrome,paresthesia,40.0
Complex regional pain syndrome,problems_with_movement,18.0
Concussion,back_pain,28.0
Concussion,difficulty_speaking,5.0
Concussion,disturbance_of_memory,30.0
Concussion,dizziness,49.0
Concussion,double_vision,6.0
Concussion,facial_pain,15.0
Concussion,headache,83.0
Concussion,nausea,29.0
Concussion,neck_pain,45.0
Concussion,rib_pain,8.0
Concussion,sleepiness,11.0
Concussion,vomiting,31.0
Conduct disorder,abusing_alcohol,11.0
Conduct disorder,delusions_or_hallucinations,6.0
Conduct disorder,depression,28.0
Conduct disorder,depressive_or_psychotic_symptoms,54.0
Conduct disorder,excessive_anger,31.0
Conduct disorder,fainting,20.0
Conduct disorder,hostile_behavior,52.0
Conduct disorder,hysterical_behavior,8.0
Conduct disorder,lack_of_growth,6.0
Conduct disorder,restlessness,11.0
Conduct disorder,seizures,30.0
Conduct disorder,temper_problems,18.0
Conductive hearing loss,difficulty_speaking,11.0
Conductive hearing loss,diminished_hearing,85.0
Conductive hearing loss,dizziness,29.0
Conductive hearing loss,ear_pain,43.0
Conductive hearing loss,fluid_in_ear,16.0
Conductive hearing loss,hoarse_voice,5.0
Conductive hearing loss,lack_of_growth,5.0
Conductive hearing loss,low_self_esteem,3.0
Conductive hearing loss,plugged_feeling_in_ear,40.0
Conductive hearing loss,redness_in_ear,35.0
Conductive hearing loss,ringing_in_ear,32.0
Conductive hearing loss,swollen_or_red_tonsils,5.0
Congenital heart defect,arm_swelling,4.0
Congenital heart defect,cross_eyed,2.0
Congenital heart defect,decreased_heart_rate,2.0
Congenital heart defect,excessive_appetite,2.0
Congenital heart defect,hand_or_finger_stiffness_or_tightness,2.0
Congenital heart defect,infant_feeding_problem,4.0
Congenital heart defect,irregular_belly_button,2.0
Congenital heart defect,lack_of_growth,6.0
Congenital heart defect,lymphedema,6.0
Congenital heart defect,neck_cramps_or_spasms,2.0
Congenital heart defect,sharp_chest_pain,26.0
Congenital heart defect,slurring_words,2.0
Congenital malformation syndrome,delusions_or_hallucinations,8.0
Congenital malformation syndrome,difficulty_eating,8.0
Congenital malformation syndrome,diminished_hearing,8.0
Congenital malformation syndrome,fluid_retention,8.0
Congenital malformation syndrome,groin_pain,8.0
Congenital malformation syndrome,gum_pain,15.0
Congenital malformation syndrome,lack_of_growth,39.0
Congenital malformation syndrome,leg_stiffness_or_tightness,8.0
Congenital malformation syndrome,rib_pain,8.0
Congenital malformation syndrome,ringing_in_ear,8.0
Congenital malformation syndrome,seizures,31.0
Congenital malformation syndrome,symptoms_of_the_kidneys,8.0
Congenital rubella,ankle_pain,91.0
Congenital rubella,excessive_anger,91.0
Congenital rubella,excessive_urination_at_night,91.0
Congenital rubella,facial_pain,91.0
Congenital rubella,fatigue,91.0
Congenital rubella,joint_stiffness_or_tightness,91.0
Congenital rubella,knee_lump_or_mass,91.0
Congenital rubella,pain_during_pregnancy,91.0
Congenital rubella,pain_in_eye,91.0
Congenital rubella,pain_or_soreness_of_breast,91.0
Congenital rubella,shoulder_cramps_or_spasms,91.0
Congenital rubella,wrist_pain,91.0
Conjunctivitis,coryza,21.0
Conjunctivitis,cough,49.0
Conjunctivitis,eye_redness,87.0
Conjunctivitis,fever,44.0
Conjunctivitis,itchiness_of_eye,43.0
Conjunctivitis,lacrimation,30.0
Conjunctivitis,nasal_congestion,46.0
Conjunctivitis,pain_in_eye,67.0
Conjunctivitis,sore_throat,27.0
Conjunctivitis,swollen_eye,41.0
Conjunctivitis,symptoms_of_eye,27.0
Conjunctivitis,white_discharge_from_eye,36.0
Conjunctivitis due to allergy,allergic_reaction,28.0
Conjunctivitis due to allergy,cough,26.0
Conjunctivitis due to allergy,diminished_vision,32.0
Conjunctivitis due to allergy,eye_burns_or_stings,37.0
Conjunctivitis due to allergy,eye_redness,74.0
Conjunctivitis due to allergy,itchiness_of_eye,71.0
Conjunctivitis due to allergy,lacrimation,54.0
Conjunctivitis due to allergy,nasal_congestion,45.0
Conjunctivitis due to allergy,pain_in_eye,67.0
Conjunctivitis due to allergy,sneezing,14.0
Conjunctivitis due to allergy,swollen_eye,42.0
Conjunctivitis due to allergy,symptoms_of_eye,34.0
Conjunctivitis due to bacteria,abnormal_appearing_skin,21.0
Conjunctivitis due to bacteria,coryza,21.0
Conjunctivitis due to bacteria,cough,62.0
Conjunctivitis due to bacteria,ear_pain,29.0
Conjunctivitis due to bacteria,eye_redness,90.0
Conjunctivitis due to bacteria,fever,59.0
Conjunctivitis due to bacteria,itchiness_of_eye,49.0
Conjunctivitis due to bacteria,nasal_congestion,49.0
Conjunctivitis due to bacteria,pain_in_eye,62.0
Conjunctivitis due to bacteria,sore_throat,29.0
Conjunctivitis due to bacteria,symptoms_of_eye,21.0
Conjunctivitis due to bacteria,white_discharge_from_eye,49.0
Conjunctivitis due to virus,coryza,29.0
Conjunctivitis due to virus,cough,38.0
Conjunctivitis due to virus,diminished_vision,19.0
Conjunctivitis due to virus,eye_burns_or_stings,19.0
Conjunctivitis due to virus,eye_redness,91.0
Conjunctivitis due to virus,fever,50.0
Conjunctivitis due to virus,itchiness_of_eye,54.0
Conjunctivitis due to virus,lacrimation,29.0
Conjunctivitis due to virus,nasal_congestion,42.0
Conjunctivitis due to virus,pain_in_eye,66.0
Conjunctivitis due to virus,swollen_eye,49.0
Conjunctivitis due to virus,white_discharge_from_eye,40.0
Connective tissue disorder,ache_all_over,36.0
Connective tissue disorder,arm_pain,36.0
Connective tissue disorder,difficulty_in_swallowing,22.0
Connective tissue disorder,fatigue,36.0
Connective tissue disorder,feeling_ill,36.0
Connective tissue disorder,fever,36.0
Connective tissue disorder,foot_or_toe_pain,36.0
Connective tissue disorder,headache,36.0
Connective tissue disorder,joint_pain,46.0
Connective tissue disorder,lymphedema,22.0
Connective tissue disorder,paresthesia,36.0
Connective tissue disorder,skin_rash,36.0
Contact dermatitis,abnormal_appearing_skin,31.0
Contact dermatitis,acne_or_pimples,12.0
Contact dermatitis,allergic_reaction,16.0
Contact dermatitis,diaper_rash,5.0
Contact dermatitis,itching_of_skin,55.0
Contact dermatitis,skin_dryness_peeling_scaliness_or_roughness,21.0
Contact dermatitis,skin_irritation,9.0
Contact dermatitis,skin_lesion,26.0
Contact dermatitis,skin_moles,5.0
Contact dermatitis,skin_rash,88.0
Contact dermatitis,skin_swelling,13.0
Contact dermatitis,swollen_eye,6.0
Conversion disorder,abnormal_involuntary_movements,40.0
Conversion disorder,allergic_reaction,40.0
Conversion disorder,anxiety_and_nervousness,40.0
Conversion disorder,cough,25.0
Conversion disorder,depression,58.0
Conversion disorder,fainting,25.0
Conversion disorder,fatigue,25.0
Conversion disorder,focal_weakness,25.0
Conversion disorder,seizures,69.0
Conversion disorder,sore_throat,40.0
Conversion disorder,sweating,40.0
Conversion disorder,weakness,40.0
Cornea infection,diminished_vision,55.0
Cornea infection,eye_burns_or_stings,28.0
Cornea infection,eye_redness,66.0
Cornea infection,foreign_body_sensation_in_eye,39.0
Cornea infection,itchiness_of_eye,21.0
Cornea infection,itchy_eyelid,7.0
Cornea infection,lacrimation,32.0
Cornea infection,lip_swelling,7.0
Cornea infection,pain_in_eye,80.0
Cornea infection,spots_or_clouds_in_vision,13.0
Cornea infection,swollen_eye,10.0
Cornea infection,symptoms_of_eye,44.0
Corneal abrasion,diminished_vision,28.0
Corneal abrasion,eye_burns_or_stings,14.0
Corneal abrasion,eye_redness,55.0
Corneal abrasion,eyelid_lesion_or_rash,3.0
Corneal abrasion,eyelid_swelling,6.0
Corneal abrasion,foreign_body_sensation_in_eye,24.0
Corneal abrasion,itchiness_of_eye,14.0
Corneal abrasion,lacrimation,27.0
Corneal abrasion,pain_in_eye,87.0
Corneal abrasion,swollen_eye,28.0
Corneal abrasion,symptoms_of_eye,32.0
Corneal abrasion,white_discharge_from_eye,3.0
Corneal disorder,diminished_vision,76.0
Corneal disorder,double_vision,5.0
Corneal disorder,eye_redness,43.0
Corneal disorder,eyelid_lesion_or_rash,5.0
Corneal disorder,foreign_body_sensation_in_eye,27.0
Corneal disorder,itchiness_of_eye,21.0
Corneal disorder,lacrimation,24.0
Corneal disorder,pain_in_eye,62.0
Corneal disorder,spots_or_clouds_in_vision,32.0
Corneal disorder,swollen_eye,10.0
Corneal disorder,symptoms_of_eye,30.0
Corneal disorder,white_discharge_from_eye,10.0
Coronary atherosclerosis,burning_chest_pain,2.0
Coronary atherosclerosis,chest_tightness,18.0
Coronary atherosclerosis,fatigue,20.0
Coronary atherosclerosis,irregular_heartbeat,5.0
Coronary atherosclerosis,leg_cramps_or_spasms,3.0
Coronary atherosclerosis,lymphedema,5.0
Coronary atherosclerosis,palpitations,12.0
Coronary atherosclerosis,sharp_chest_pain,55.0
Coronary atherosclerosis,shortness_of_breath,41.0
Cranial nerve palsy,abnormal_involuntary_movements,29.0
Cranial nerve palsy,abnormal_movement_of_eyelid,22.0
Cranial nerve palsy,cramps_and_spasms,10.0
Cranial nerve palsy,difficulty_speaking,10.0
Cranial nerve palsy,diminished_vision,35.0
Cranial nerve palsy,double_vision,53.0
Cranial nerve palsy,facial_pain,19.0
Cranial nerve palsy,headache,40.0
Cranial nerve palsy,loss_of_sensation,22.0
Cranial nerve palsy,pain_in_eye,19.0
Cranial nerve palsy,pupils_unequal,19.0
Cranial nerve palsy,symptoms_of_the_face,26.0
Crohn disease,blood_in_stool,17.0
Crohn disease,burning_abdominal_pain,20.0
Crohn disease,diarrhea,42.0
Crohn disease,heartburn,6.0
Crohn disease,joint_pain,6.0
Crohn disease,nausea,33.0
Crohn disease,pain_of_the_anus,6.0
Crohn disease,rectal_bleeding,15.0
Crohn disease,regurgitation,4.0
Crohn disease,sharp_abdominal_pain,74.0
Crohn disease,stomach_bloating,6.0
Crohn disease,vomiting,38.0
Croup,abnormal_breathing_sounds,10.0
Croup,coryza,24.0
Croup,cough,94.0
Croup,difficulty_breathing,66.0
Croup,fever,77.0
Croup,hoarse_voice,12.0
Croup,nasal_congestion,66.0
Croup,pulling_at_ears,9.0
Croup,shortness_of_breath,37.0
Croup,sore_throat,26.0
Croup,vomiting,32.0
Croup,wheezing,50.0
Crushing injury,ankle_swelling,8.0
Crushing injury,foot_or_toe_pain,30.0
Crushing injury,hand_or_finger_pain,62.0
Crushing injury,hand_or_finger_stiffness_or_tightness,12.0
Crushing injury,hand_or_finger_swelling,22.0
Crushing injury,knee_swelling,8.0
Crushing injury,loss_of_sensation,22.0
Crushing injury,lymphedema,4.0
Crushing injury,neck_swelling,4.0
Cryptococcosis,cross_eyed,7.0
Cryptococcosis,depressive_or_psychotic_symptoms,63.0
Cryptococcosis,eye_strain,7.0
Cryptococcosis,fainting,63.0
Cryptococcosis,hip_stiffness_or_tightness,7.0
Cryptococcosis,itchy_eyelid,7.0
Cryptococcosis,lip_swelling,63.0
Cryptococcosis,nailbiting,7.0
Cryptococcosis,seizures,63.0
Cryptococcosis,shoulder_swelling,7.0
Cryptococcosis,vulvar_sore,7.0
Cryptococcosis,wrist_weakness,7.0
Cryptorchidism,flatulence,9.0
Cryptorchidism,irritable_infant,9.0
Cryptorchidism,jaundice,9.0
Cryptorchidism,lack_of_growth,9.0
Cryptorchidism,mass_in_scrotum,9.0
Cryptorchidism,pain_in_testicles,9.0
Cryptorchidism,pus_draining_from_ear,9.0
Cryptorchidism,swelling_of_scrotum,16.0
Cryptorchidism,symptoms_of_the_scrotum_and_testes,50.0
Cryptorchidism,white_discharge_from_eye,9.0
Cushing syndrome,bladder_mass,2.0
Cushing syndrome,decreased_heart_rate,34.0
Cushing syndrome,elbow_cramps_or_spasms,2.0
Cushing syndrome,elbow_weakness,2.0
Cushing syndrome,emotional_symptoms,2.0
Cushing syndrome,infrequent_menstruation,2.0
Cushing syndrome,itching_of_scrotum,2.0
Cushing syndrome,low_back_weakness,2.0
Cushing syndrome,muscle_swelling,2.0
Cushing syndrome,nailbiting,2.0
Cushing syndrome,shoulder_pain,34.0
Cushing syndrome,weight_gain,34.0
Cyst of the eyelid,abnormal_movement_of_eyelid,31.0
Cyst of the eyelid,diminished_vision,48.0
Cyst of the eyelid,elbow_cramps_or_spasms,2.0
Cyst of the eyelid,eyelid_lesion_or_rash,48.0
Cyst of the eyelid,itchiness_of_eye,31.0
Cyst of the eyelid,mass_on_eyelid,73.0
Cyst of the eyelid,muscle_swelling,2.0
Cyst of the eyelid,pain_in_eye,48.0
Cyst of the eyelid,skin_growth,67.0
Cyst of the eyelid,skin_rash,31.0
Cyst of the eyelid,symptoms_of_eye,48.0
Cyst of the eyelid,wrinkles_on_skin,31.0
Cystic Fibrosis,bleeding_gums,4.0
Cystic Fibrosis,cough,48.0
Cystic Fibrosis,decreased_appetite,11.0
Cystic Fibrosis,drainage_in_throat,4.0
Cystic Fibrosis,feeling_ill,28.0
Cystic Fibrosis,hemoptysis,4.0
Cystic Fibrosis,intermenstrual_bleeding,4.0
Cystic Fibrosis,muscle_pain,4.0
Cystic Fibrosis,sinus_congestion,4.0
Cystic Fibrosis,spots_or_clouds_in_vision,4.0
Cysticercosis,abnormal_involuntary_movements,43.0
Cysticercosis,elbow_cramps_or_spasms,3.0
Cysticercosis,elbow_weakness,3.0
Cysticercosis,excessive_growth,3.0
Cysticercosis,feeling_hot_and_cold,3.0
Cysticercosis,headache,87.0
Cysticercosis,low_back_weakness,3.0
Cysticercosis,seizures,90.0
Cysticercosis,shortness_of_breath,43.0
Cysticercosis,underweight,3.0
Cysticercosis,vomiting,43.0
Cysticercosis,wrist_weakness,3.0
Cystitis,back_pain,31.0
Cystitis,blood_in_urine,57.0
Cystitis,frequent_urination,62.0
Cystitis,involuntary_urination,18.0
Cystitis,lower_abdominal_pain,25.0
Cystitis,painful_urination,72.0
Cystitis,pelvic_pain,22.0
Cystitis,retention_of_urine,28.0
Cystitis,sharp_abdominal_pain,49.0
Cystitis,side_pain,27.0
Cystitis,suprapubic_pain,64.0
Cystitis,symptoms_of_bladder,17.0
Cytomegalovirus infection,ankle_pain,91.0
Cytomegalovirus infection,excessive_anger,91.0
Cytomegalovirus infection,excessive_urination_at_night,91.0
Cytomegalovirus infection,facial_pain,91.0
Cytomegalovirus infection,fatigue,91.0
Cytomegalovirus infection,joint_stiffness_or_tightness,91.0
Cytomegalovirus infection,knee_lump_or_mass,91.0
Cytomegalovirus infection,pain_during_pregnancy,91.0
Cytomegalovirus infection,pain_in_eye,91.0
Cytomegalovirus infection,pain_or_soreness_of_breast,91.0
Cytomegalovirus infection,shoulder_cramps_or_spasms,91.0
Cytomegalovirus infection,wrist_pain,91.0
De Quervain disease,abnormal_involuntary_movements,13.0
De Quervain disease,arm_pain,31.0
De Quervain disease,hand_or_finger_pain,73.0
De Quervain disease,hand_or_finger_swelling,23.0
De Quervain disease,lower_body_pain,13.0
De Quervain disease,peripheral_edema,13.0
De Quervain disease,shoulder_pain,43.0
De Quervain disease,wrist_pain,88.0
De Quervain disease,wrist_stiffness_or_tightness,13.0
De Quervain disease,wrist_swelling,37.0
Decubitus ulcer,difficulty_speaking,11.0
Decubitus ulcer,disturbance_of_smell_or_taste,1.0
Decubitus ulcer,incontinence_of_stool,1.0
Decubitus ulcer,penis_redness,1.0
Decubitus ulcer,skin_lesion,78.0
Decubitus ulcer,skin_on_leg_or_foot_looks_infected,6.0
Decubitus ulcer,skin_pain,1.0
Deep vein thrombosis (DVT),abnormal_appearing_skin,15.0
Deep vein thrombosis (DVT),ankle_swelling,4.0
Deep vein thrombosis (DVT),arm_swelling,10.0
Deep vein thrombosis (DVT),disturbance_of_smell_or_taste,3.0
Deep vein thrombosis (DVT),foot_or_toe_swelling,8.0
Deep vein thrombosis (DVT),leg_cramps_or_spasms,3.0
Deep vein thrombosis (DVT),leg_lump_or_mass,3.0
Deep vein thrombosis (DVT),leg_pain,66.0
Deep vein thrombosis (DVT),leg_stiffness_or_tightness,4.0
Deep vein thrombosis (DVT),leg_swelling,57.0
Deep vein thrombosis (DVT),paresthesia,10.0
Deep vein thrombosis (DVT),peripheral_edema,15.0
Degenerative disc disease,ache_all_over,29.0
Degenerative disc disease,arm_pain,22.0
Degenerative disc disease,back_pain,78.0
Degenerative disc disease,hip_pain,31.0
Degenerative disc disease,joint_pain,7.0
Degenerative disc disease,leg_pain,61.0
Degenerative disc disease,loss_of_sensation,27.0
Degenerative disc disease,low_back_pain,77.0
Degenerative disc disease,lower_body_pain,15.0
Degenerative disc disease,neck_pain,60.0
Degenerative disc disease,paresthesia,12.0
Degenerative disc disease,shoulder_pain,29.0
Delirium,abnormal_involuntary_movements,11.0
Delirium,delusions_or_hallucinations,13.0
Delirium,depression,31.0
Delirium,depressive_or_psychotic_symptoms,48.0
Delirium,difficulty_speaking,4.0
Delirium,disturbance_of_memory,52.0
Delirium,disturbance_of_smell_or_taste,2.0
Delirium,focal_weakness,5.0
Delirium,hostile_behavior,16.0
Delirium,hysterical_behavior,2.0
Delirium,problems_with_movement,19.0
Delirium,slurring_words,2.0
Dementia,abnormal_involuntary_movements,26.0
Dementia,delusions_or_hallucinations,15.0
Dementia,depressive_or_psychotic_symptoms,32.0
Dementia,difficulty_speaking,13.0
Dementia,disturbance_of_memory,53.0
Dementia,disturbance_of_smell_or_taste,13.0
Dementia,dizziness,32.0
Dementia,focal_weakness,9.0
Dementia,hostile_behavior,21.0
Dementia,insomnia,13.0
Dementia,paresthesia,21.0
Dementia,problems_with_movement,45.0
Dengue fever,ankle_pain,32.0
Dengue fever,excessive_anger,32.0
Dengue fever,facial_pain,32.0
Dengue fever,fever,100.0
Dengue fever,joint_stiffness_or_tightness,32.0
Dengue fever,knee_lump_or_mass,32.0
Dengue fever,pain_during_pregnancy,32.0
Dengue fever,pain_in_eye,32.0
Dengue fever,pain_or_soreness_of_breast,32.0
Dengue fever,shoulder_cramps_or_spasms,32.0
Dengue fever,sore_throat,100.0
Dengue fever,wrist_pain,32.0
Dental caries,ear_pain,24.0
Dental caries,facial_pain,40.0
Dental caries,gum_pain,45.0
Dental caries,jaw_swelling,20.0
Dental caries,mouth_pain,22.0
Dental caries,neck_swelling,4.0
Dental caries,pain_in_gums,5.0
Dental caries,peripheral_edema,30.0
Dental caries,restlessness,2.0
Dental caries,skin_irritation,3.0
Dental caries,skin_swelling,6.0
Dental caries,toothache,95.0
Depression,abusing_alcohol,13.0
Depression,anxiety_and_nervousness,53.0
Depression,delusions_or_hallucinations,10.0
Depression,depression,81.0
Depression,depressive_or_psychotic_symptoms,57.0
Depression,disturbance_of_memory,7.0
Depression,drug_abuse,11.0
Depression,excessive_anger,8.0
Depression,hostile_behavior,6.0
Depression,insomnia,23.0
Depression,low_self_esteem,7.0
Depression,temper_problems,5.0
Dermatitis due to sun exposure,abnormal_appearing_skin,74.0
Dermatitis due to sun exposure,acne_or_pimples,17.0
Dermatitis due to sun exposure,irregular_appearing_scalp,24.0
Dermatitis due to sun exposure,itchy_scalp,9.0
Dermatitis due to sun exposure,lack_of_growth,9.0
Dermatitis due to sun exposure,skin_dryness_peeling_scaliness_or_roughness,27.0
Dermatitis due to sun exposure,skin_growth,17.0
Dermatitis due to sun exposure,skin_lesion,51.0
Dermatitis due to sun exposure,skin_moles,39.0
Dermatitis due to sun exposure,skin_rash,45.0
Dermatitis due to sun exposure,skin_swelling,13.0
Dermatitis due to sun exposure,symptoms_of_the_face,9.0
Developmental disability,antisocial_behavior,3.0
Developmental disability,delusions_or_hallucinations,6.0
Developmental disability,depressive_or_psychotic_symptoms,47.0
Developmental disability,difficulty_speaking,20.0
Developmental disability,excessive_anger,5.0
Developmental disability,fears_and_phobias,2.0
Developmental disability,hostile_behavior,26.0
Developmental disability,lack_of_growth,24.0
Developmental disability,obsessions_and_compulsions,7.0
Developmental disability,restlessness,5.0
Developmental disability,seizures,34.0
Developmental disability,temper_problems,9.0
Deviated nasal septum,abnormal_breathing_sounds,43.0
Deviated nasal septum,allergic_reaction,35.0
Deviated nasal septum,apnea,27.0
Deviated nasal septum,difficulty_breathing,34.0
Deviated nasal septum,facial_pain,21.0
Deviated nasal septum,frontal_headache,21.0
Deviated nasal septum,headache,36.0
Deviated nasal septum,nasal_congestion,79.0
Deviated nasal septum,nosebleed,19.0
Deviated nasal septum,painful_sinuses,29.0
Deviated nasal septum,plugged_feeling_in_ear,21.0
Deviated nasal septum,sore_throat,24.0
Diabetes,symptoms_of_the_kidneys,1.0
Diabetes,thirst,2.0
Diabetes,weight_gain,7.0
Diabetes insipidus,cough,51.0
Diabetes insipidus,difficulty_in_swallowing,51.0
Diabetes insipidus,dizziness,51.0
Diabetes insipidus,elbow_cramps_or_spasms,4.0
Diabetes insipidus,elbow_weakness,4.0
Diabetes insipidus,emotional_symptoms,4.0
Diabetes insipidus,excessive_appetite,51.0
Diabetes insipidus,frequent_urination,51.0
Diabetes insipidus,hip_stiffness_or_tightness,4.0
Diabetes insipidus,itchy_eyelid,4.0
Diabetes insipidus,nailbiting,4.0
Diabetes insipidus,wrist_weakness,4.0
Diabetic ketoacidosis,decreased_appetite,16.0
Diabetic ketoacidosis,depressive_or_psychotic_symptoms,31.0
Diabetic ketoacidosis,diarrhea,34.0
Diabetic ketoacidosis,fluid_retention,6.0
Diabetic ketoacidosis,frequent_urination,11.0
Diabetic ketoacidosis,nausea,66.0
Diabetic ketoacidosis,polyuria,11.0
Diabetic ketoacidosis,sharp_abdominal_pain,42.0
Diabetic ketoacidosis,sharp_chest_pain,37.0
Diabetic ketoacidosis,thirst,16.0
Diabetic ketoacidosis,vomiting,84.0
Diabetic ketoacidosis,weakness,46.0
Diabetic kidney disease,blood_in_stool,7.0
Diabetic kidney disease,delusions_or_hallucinations,7.0
Diabetic kidney disease,excessive_anger,7.0
Diabetic kidney disease,heartburn,7.0
Diabetic kidney disease,hurts_to_breath,7.0
Diabetic kidney disease,impotence,12.0
Diabetic kidney disease,irregular_appearing_nails,7.0
Diabetic kidney disease,lack_of_growth,7.0
Diabetic kidney disease,leg_cramps_or_spasms,7.0
Diabetic kidney disease,leg_swelling,12.0
Diabetic kidney disease,symptoms_of_the_kidneys,7.0
Diabetic kidney disease,thirst,7.0
Diabetic peripheral neuropathy,foot_or_toe_pain,37.0
Diabetic peripheral neuropathy,foot_or_toe_stiffness_or_tightness,1.0
Diabetic peripheral neuropathy,foot_or_toe_swelling,9.0
Diabetic peripheral neuropathy,hand_or_finger_cramps_or_spasms,1.0
Diabetic peripheral neuropathy,leg_pain,31.0
Diabetic peripheral neuropathy,loss_of_sensation,33.0
Diabetic peripheral neuropathy,lymphedema,4.0
Diabetic peripheral neuropathy,paresthesia,22.0
Diabetic peripheral neuropathy,poor_circulation,4.0
Diabetic peripheral neuropathy,problems_with_movement,11.0
Diabetic peripheral neuropathy,skin_lesion,48.0
Diabetic peripheral neuropathy,skin_on_leg_or_foot_looks_infected,4.0
Diabetic retinopathy,abnormal_movement_of_eyelid,7.0
Diabetic retinopathy,bleeding_from_eye,7.0
Diabetic retinopathy,blindness,7.0
Diabetic retinopathy,diminished_vision,71.0
Diabetic retinopathy,double_vision,4.0
Diabetic retinopathy,eye_redness,11.0
Diabetic retinopathy,foreign_body_sensation_in_eye,11.0
Diabetic retinopathy,itchiness_of_eye,8.0
Diabetic retinopathy,lacrimation,22.0
Diabetic retinopathy,pain_in_eye,25.0
Diabetic retinopathy,spots_or_clouds_in_vision,33.0
Diabetic retinopathy,symptoms_of_eye,21.0
Diaper rash,blood_in_stool,20.0
Diaper rash,cough,43.0
Diaper rash,diaper_rash,81.0
Diaper rash,diarrhea,56.0
Diaper rash,fever,53.0
Diaper rash,irritable_infant,17.0
Diaper rash,nasal_congestion,40.0
Diaper rash,pulling_at_ears,10.0
Diaper rash,redness_in_ear,6.0
Diaper rash,skin_rash,64.0
Diaper rash,temper_problems,6.0
Diaper rash,vomiting,33.0
Dislocation of the ankle,ankle_pain,86.0
Dislocation of the ankle,ankle_swelling,56.0
Dislocation of the ankle,elbow_cramps_or_spasms,3.0
Dislocation of the ankle,elbow_weakness,3.0
Dislocation of the ankle,emotional_symptoms,3.0
Dislocation of the ankle,eye_strain,3.0
Dislocation of the ankle,feeling_hot_and_cold,3.0
Dislocation of the ankle,foot_or_toe_pain,38.0
Dislocation of the ankle,low_back_weakness,3.0
Dislocation of the ankle,muscle_swelling,3.0
Dislocation of the ankle,underweight,3.0
Dislocation of the ankle,wrist_weakness,3.0
Dislocation of the elbow,arm_pain,77.0
Dislocation of the elbow,arm_stiffness_or_tightness,51.0
Dislocation of the elbow,arm_swelling,5.0
Dislocation of the elbow,arm_weakness,10.0
Dislocation of the elbow,depression,28.0
Dislocation of the elbow,elbow_pain,67.0
Dislocation of the elbow,elbow_swelling,10.0
Dislocation of the elbow,irritable_infant,5.0
Dislocation of the elbow,wrist_pain,25.0
Dislocation of the finger,difficulty_speaking,7.0
Dislocation of the finger,hand_or_finger_pain,79.0
Dislocation of the finger,hand_or_finger_stiffness_or_tightness,18.0
Dislocation of the finger,hand_or_finger_swelling,38.0
Dislocation of the finger,hysterical_behavior,7.0
Dislocation of the finger,joint_pain,7.0
Dislocation of the finger,wrist_pain,13.0
Dislocation of the foot,ankle_pain,37.0
Dislocation of the foot,elbow_cramps_or_spasms,3.0
Dislocation of the foot,elbow_weakness,3.0
Dislocation of the foot,eye_strain,3.0
Dislocation of the foot,feeling_hot_and_cold,3.0
Dislocation of the foot,foot_or_toe_pain,78.0
Dislocation of the foot,knee_weakness,37.0
Dislocation of the foot,low_back_weakness,3.0
Dislocation of the foot,muscle_swelling,3.0
Dislocation of the foot,underweight,3.0
Dislocation of the foot,vomiting,37.0
Dislocation of the foot,wrist_weakness,3.0
Dislocation of the hip,abusing_alcohol,14.0
Dislocation of the hip,back_pain,24.0
Dislocation of the hip,groin_pain,14.0
Dislocation of the hip,hip_pain,90.0
Dislocation of the hip,hip_stiffness_or_tightness,14.0
Dislocation of the hip,knee_pain,24.0
Dislocation of the hip,leg_pain,24.0
Dislocation of the knee,joint_pain,18.0
Dislocation of the knee,knee_pain,95.0
Dislocation of the knee,knee_stiffness_or_tightness,18.0
Dislocation of the knee,knee_swelling,30.0
Dislocation of the knee,shoulder_pain,30.0
Dislocation of the patella,fluid_retention,12.0
Dislocation of the patella,knee_pain,90.0
Dislocation of the patella,knee_stiffness_or_tightness,12.0
Dislocation of the patella,knee_swelling,22.0
Dislocation of the patella,problems_during_pregnancy,12.0
Dislocation of the shoulder,arm_pain,32.0
Dislocation of the shoulder,arm_stiffness_or_tightness,7.0
Dislocation of the shoulder,arm_swelling,5.0
Dislocation of the shoulder,leg_weakness,3.0
Dislocation of the shoulder,neck_mass,3.0
Dislocation of the shoulder,redness_in_or_around_nose,3.0
Dislocation of the shoulder,shoulder_lump_or_mass,3.0
Dislocation of the shoulder,shoulder_pain,91.0
Dislocation of the shoulder,shoulder_stiffness_or_tightness,7.0
Dislocation of the shoulder,wrist_pain,11.0
Dislocation of the vertebra,arm_pain,41.0
Dislocation of the vertebra,back_pain,70.0
Dislocation of the vertebra,bones_are_painful,41.0
Dislocation of the vertebra,elbow_weakness,3.0
Dislocation of the vertebra,excessive_growth,3.0
Dislocation of the vertebra,feeling_hot_and_cold,3.0
Dislocation of the vertebra,hand_or_finger_pain,41.0
Dislocation of the vertebra,leg_pain,41.0
Dislocation of the vertebra,loss_of_sensation,41.0
Dislocation of the vertebra,low_back_pain,59.0
Dislocation of the vertebra,neck_pain,77.0
Dislocation of the vertebra,wrist_weakness,3.0
Dislocation of the wrist,arm_pain,68.0
Dislocation of the wrist,arm_stiffness_or_tightness,40.0
Dislocation of the wrist,depression,40.0
Dislocation of the wrist,elbow_pain,58.0
Dislocation of the wrist,elbow_weakness,3.0
Dislocation of the wrist,eye_strain,3.0
Dislocation of the wrist,feeling_hot_and_cold,3.0
Dislocation of the wrist,hand_or_finger_pain,58.0
Dislocation of the wrist,hand_or_finger_swelling,58.0
Dislocation of the wrist,nailbiting,3.0
Dislocation of the wrist,wrist_pain,40.0
Dislocation of the wrist,wrist_weakness,3.0
Dissociative disorder,anxiety_and_nervousness,66.0
Dissociative disorder,back_weakness,1.0
Dissociative disorder,delusions_or_hallucinations,18.0
Dissociative disorder,depression,66.0
Dissociative disorder,depressive_or_psychotic_symptoms,83.0
Dissociative disorder,disturbance_of_memory,18.0
Dissociative disorder,elbow_cramps_or_spasms,1.0
Dissociative disorder,excessive_anger,30.0
Dissociative disorder,low_back_weakness,1.0
Dissociative disorder,low_self_esteem,30.0
Dissociative disorder,muscle_swelling,1.0
Dissociative disorder,pus_in_urine,1.0
Diverticulitis,blood_in_stool,22.0
Diverticulitis,burning_abdominal_pain,35.0
Diverticulitis,chills,14.0
Diverticulitis,constipation,17.0
Diverticulitis,diarrhea,49.0
Diverticulitis,fever,28.0
Diverticulitis,lower_abdominal_pain,60.0
Diverticulitis,nausea,48.0
Diverticulitis,sharp_abdominal_pain,87.0
Diverticulitis,side_pain,26.0
Diverticulitis,upper_abdominal_pain,18.0
Diverticulitis,vomiting,40.0
Diverticulosis,blood_in_stool,34.0
Diverticulosis,burning_abdominal_pain,31.0
Diverticulosis,constipation,40.0
Diverticulosis,diarrhea,37.0
Diverticulosis,heartburn,10.0
Diverticulosis,lower_abdominal_pain,20.0
Diverticulosis,melena,13.0
Diverticulosis,nausea,31.0
Diverticulosis,rectal_bleeding,40.0
Diverticulosis,sharp_abdominal_pain,70.0
Diverticulosis,upper_abdominal_pain,12.0
Diverticulosis,vomiting,25.0
Down syndrome,apnea,9.0
Down syndrome,cough,32.0
Down syndrome,decreased_appetite,17.0
Down syndrome,difficulty_in_swallowing,9.0
Down syndrome,difficulty_speaking,9.0
Down syndrome,fever,35.0
Down syndrome,fluid_in_ear,9.0
Down syndrome,infant_feeding_problem,9.0
Down syndrome,lack_of_growth,13.0
Down syndrome,nasal_congestion,35.0
Down syndrome,seizures,24.0
Down syndrome,temper_problems,13.0
Drug abuse,abusing_alcohol,36.0
Drug abuse,antisocial_behavior,10.0
Drug abuse,anxiety_and_nervousness,32.0
Drug abuse,delusions_or_hallucinations,16.0
Drug abuse,depression,46.0
Drug abuse,depressive_or_psychotic_symptoms,51.0
Drug abuse,drug_abuse,60.0
Drug abuse,excessive_anger,3.0
Drug abuse,fears_and_phobias,3.0
Drug abuse,hostile_behavior,5.0
Drug abuse,smoking_problems,3.0
Drug abuse,sweating,6.0
Drug abuse (barbiturates),abnormal_involuntary_movements,17.0
Drug abuse (barbiturates),abusing_alcohol,43.0
Drug abuse (barbiturates),anxiety_and_nervousness,43.0
Drug abuse (barbiturates),delusions_or_hallucinations,12.0
Drug abuse (barbiturates),depression,41.0
Drug abuse (barbiturates),depressive_or_psychotic_symptoms,41.0
Drug abuse (barbiturates),drug_abuse,50.0
Drug abuse (barbiturates),excessive_anger,6.0
Drug abuse (barbiturates),hostile_behavior,6.0
Drug abuse (barbiturates),slurring_words,6.0
Drug abuse (cocaine),abusing_alcohol,55.0
Drug abuse (cocaine),delusions_or_hallucinations,19.0
Drug abuse (cocaine),depression,40.0
Drug abuse (cocaine),depressive_or_psychotic_symptoms,48.0
Drug abuse (cocaine),drug_abuse,76.0
Drug abuse (cocaine),excessive_anger,5.0
Drug abuse (cocaine),fears_and_phobias,2.0
Drug abuse (cocaine),hostile_behavior,11.0
Drug abuse (cocaine),hysterical_behavior,2.0
Drug abuse (cocaine),nightmares,2.0
Drug abuse (cocaine),sharp_chest_pain,32.0
Drug abuse (methamphetamine),abusing_alcohol,18.0
Drug abuse (methamphetamine),anxiety_and_nervousness,39.0
Drug abuse (methamphetamine),delusions_or_hallucinations,22.0
Drug abuse (methamphetamine),depression,39.0
Drug abuse (methamphetamine),depressive_or_psychotic_symptoms,54.0
Drug abuse (methamphetamine),drug_abuse,66.0
Drug abuse (methamphetamine),fears_and_phobias,22.0
Drug abuse (methamphetamine),feeling_ill,10.0
Drug abuse (methamphetamine),hostile_behavior,22.0
Drug abuse (methamphetamine),pain_during_pregnancy,10.0
Drug abuse (methamphetamine),palpitations,14.0
Drug abuse (methamphetamine),shortness_of_breath,28.0
Drug abuse (opioids),abusing_alcohol,30.0
Drug abuse (opioids),antisocial_behavior,3.0
Drug abuse (opioids),anxiety_and_nervousness,35.0
Drug abuse (opioids),delusions_or_hallucinations,8.0
Drug abuse (opioids),depression,40.0
Drug abuse (opioids),depressive_or_psychotic_symptoms,46.0
Drug abuse (opioids),drug_abuse,67.0
Drug abuse (opioids),excessive_anger,6.0
Drug abuse (opioids),insomnia,13.0
Drug abuse (opioids),low_self_esteem,3.0
Drug abuse (opioids),restlessness,3.0
Drug abuse (opioids),temper_problems,4.0
Drug poisoning due to medication,abusing_alcohol,15.0
Drug poisoning due to medication,allergic_reaction,10.0
Drug poisoning due to medication,delusions_or_hallucinations,7.0
Drug poisoning due to medication,depression,48.0
Drug poisoning due to medication,depressive_or_psychotic_symptoms,53.0
Drug poisoning due to medication,drug_abuse,18.0
Drug poisoning due to medication,fainting,15.0
Drug poisoning due to medication,fluid_retention,7.0
Drug poisoning due to medication,lip_swelling,7.0
Drug poisoning due to medication,sleepiness,12.0
Drug poisoning due to medication,slurring_words,10.0
Drug poisoning due to medication,stiffness_all_over,7.0
Drug reaction,abnormal_appearing_skin,22.0
Drug reaction,allergic_reaction,52.0
Drug reaction,dizziness,35.0
Drug reaction,headache,27.0
Drug reaction,itching_of_skin,40.0
Drug reaction,lip_swelling,33.0
Drug reaction,nausea,33.0
Drug reaction,peripheral_edema,34.0
Drug reaction,shortness_of_breath,28.0
Drug reaction,skin_rash,68.0
Drug reaction,throat_swelling,18.0
Drug reaction,vomiting,25.0
Drug withdrawal,abnormal_involuntary_movements,33.0
Drug withdrawal,ache_all_over,36.0
Drug withdrawal,antisocial_behavior,45.0
Drug withdrawal,anxiety_and_nervousness,45.0
Drug withdrawal,chills,40.0
Drug withdrawal,depression,36.0
Drug withdrawal,diarrhea,38.0
Drug withdrawal,dizziness,33.0
Drug withdrawal,nausea,53.0
Drug withdrawal,seizures,36.0
Drug withdrawal,sharp_abdominal_pain,38.0
Drug withdrawal,vomiting,59.0
Dry eye of unknown cause,abnormal_movement_of_eyelid,9.0
Dry eye of unknown cause,diminished_vision,69.0
Dry eye of unknown cause,double_vision,7.0
Dry eye of unknown cause,eye_burns_or_stings,33.0
Dry eye of unknown cause,eye_redness,44.0
Dry eye of unknown cause,foreign_body_sensation_in_eye,33.0
Dry eye of unknown cause,itchiness_of_eye,45.0
Dry eye of unknown cause,lacrimation,46.0
Dry eye of unknown cause,pain_in_eye,50.0
Dry eye of unknown cause,spots_or_clouds_in_vision,29.0
Dry eye of unknown cause,symptoms_of_eye,72.0
Dry eye of unknown cause,white_discharge_from_eye,10.0
Dumping syndrome,diarrhea,68.0
Dumping syndrome,ear_pain,68.0
Dumping syndrome,excessive_growth,8.0
Dumping syndrome,fatigue,68.0
Dumping syndrome,headache,68.0
Dumping syndrome,itchy_eyelid,8.0
Dumping syndrome,knee_lump_or_mass,8.0
Dumping syndrome,nausea,84.0
Dumping syndrome,upper_abdominal_pain,68.0
Dumping syndrome,vomiting,68.0
Dumping syndrome,vulvar_sore,8.0
Dumping syndrome,weight_gain,68.0
Dyshidrosis,abnormal_appearing_skin,38.0
Dyshidrosis,acne_or_pimples,29.0
Dyshidrosis,ankle_pain,17.0
Dyshidrosis,back_pain,29.0
Dyshidrosis,dry_or_flaky_scalp,17.0
Dyshidrosis,foot_or_toe_lump_or_mass,17.0
Dyshidrosis,frequent_urination,17.0
Dyshidrosis,itching_of_skin,38.0
Dyshidrosis,skin_dryness_peeling_scaliness_or_roughness,38.0
Dyshidrosis,skin_lesion,45.0
Dyshidrosis,skin_on_leg_or_foot_looks_infected,17.0
Dyshidrosis,skin_rash,83.0
Dysthymic disorder,antisocial_behavior,2.0
Dysthymic disorder,anxiety_and_nervousness,72.0
Dysthymic disorder,depression,76.0
Dysthymic disorder,depressive_or_psychotic_symptoms,44.0
Dysthymic disorder,disturbance_of_memory,6.0
Dysthymic disorder,excessive_anger,7.0
Dysthymic disorder,fears_and_phobias,4.0
Dysthymic disorder,insomnia,22.0
Dysthymic disorder,loss_of_sex_drive,2.0
Dysthymic disorder,low_self_esteem,7.0
Dysthymic disorder,slurring_words,3.0
Dysthymic disorder,temper_problems,4.0
Ear drum damage,bleeding_from_ear,30.0
Ear drum damage,cough,25.0
Ear drum damage,diminished_hearing,60.0
Ear drum damage,ear_pain,80.0
Ear drum damage,flu_like_syndrome,9.0
Ear drum damage,fluid_in_ear,43.0
Ear drum damage,nasal_congestion,28.0
Ear drum damage,plugged_feeling_in_ear,22.0
Ear drum damage,pulling_at_ears,13.0
Ear drum damage,pus_draining_from_ear,9.0
Ear drum damage,redness_in_ear,41.0
Ear drum damage,ringing_in_ear,16.0
Ear wax impaction,cough,38.0
Ear wax impaction,diminished_hearing,67.0
Ear wax impaction,ear_pain,76.0
Ear wax impaction,fever,27.0
Ear wax impaction,fluid_in_ear,10.0
Ear wax impaction,nasal_congestion,32.0
Ear wax impaction,painful_sinuses,6.0
Ear wax impaction,plugged_feeling_in_ear,81.0
Ear wax impaction,pulling_at_ears,7.0
Ear wax impaction,redness_in_ear,10.0
Ear wax impaction,ringing_in_ear,16.0
Ear wax impaction,sinus_congestion,6.0
Eating disorder,abusing_alcohol,24.0
Eating disorder,acne_or_pimples,9.0
Eating disorder,anxiety_and_nervousness,51.0
Eating disorder,decreased_appetite,41.0
Eating disorder,depression,63.0
Eating disorder,depressive_or_psychotic_symptoms,43.0
Eating disorder,difficulty_eating,20.0
Eating disorder,excessive_anger,13.0
Eating disorder,excessive_appetite,24.0
Eating disorder,insomnia,13.0
Eating disorder,vomiting_blood,9.0
Eating disorder,weight_gain,17.0
Ectopic pregnancy,burning_abdominal_pain,21.0
Ectopic pregnancy,cramps_and_spasms,21.0
Ectopic pregnancy,dizziness,24.0
Ectopic pregnancy,intermenstrual_bleeding,21.0
Ectopic pregnancy,lower_abdominal_pain,60.0
Ectopic pregnancy,nausea,27.0
Ectopic pregnancy,pain_during_pregnancy,66.0
Ectopic pregnancy,pelvic_pain,48.0
Ectopic pregnancy,problems_during_pregnancy,13.0
Ectopic pregnancy,sharp_abdominal_pain,79.0
Ectopic pregnancy,spotting_or_bleeding_during_pregnancy,60.0
Ectopic pregnancy,vaginal_discharge,13.0
Ectropion,abnormal_movement_of_eyelid,58.0
Ectropion,diminished_vision,30.0
Ectropion,eye_redness,47.0
Ectropion,eyelid_lesion_or_rash,30.0
Ectropion,foreign_body_sensation_in_eye,30.0
Ectropion,itchiness_of_eye,30.0
Ectropion,lacrimation,72.0
Ectropion,pain_in_eye,66.0
Ectropion,spots_or_clouds_in_vision,30.0
Ectropion,swollen_eye,30.0
Ectropion,symptoms_of_eye,58.0
Ectropion,white_discharge_from_eye,30.0
Eczema,abnormal_appearing_skin,45.0
Eczema,acne_or_pimples,15.0
Eczema,allergic_reaction,22.0
Eczema,cough,24.0
Eczema,irregular_appearing_scalp,10.0
Eczema,itching_of_skin,49.0
Eczema,skin_dryness_peeling_scaliness_or_roughness,33.0
Eczema,skin_irritation,7.0
Eczema,skin_lesion,29.0
Eczema,skin_rash,78.0
Eczema,skin_swelling,12.0
Eczema,warts,6.0
Edward syndrome,cross_eyed,8.0
Edward syndrome,excessive_growth,8.0
Edward syndrome,eye_strain,8.0
Edward syndrome,fever,68.0
Edward syndrome,itchy_eyelid,8.0
Edward syndrome,joint_stiffness_or_tightness,8.0
Edward syndrome,knee_lump_or_mass,8.0
Edward syndrome,nailbiting,8.0
Edward syndrome,shoulder_swelling,8.0
Edward syndrome,suprapubic_pain,68.0
Edward syndrome,vulvar_sore,8.0
Edward syndrome,wrist_weakness,8.0
Emphysema,ache_all_over,51.0
Emphysema,back_pain,51.0
Emphysema,chest_tightness,69.0
Emphysema,cough,51.0
Emphysema,cross_eyed,4.0
Emphysema,elbow_cramps_or_spasms,4.0
Emphysema,emotional_symptoms,4.0
Emphysema,excessive_growth,4.0
Emphysema,itchy_eyelid,4.0
Emphysema,nausea,51.0
Emphysema,sharp_chest_pain,89.0
Emphysema,shortness_of_breath,69.0
Empyema,abnormal_appearing_skin,28.0
Empyema,back_pain,44.0
Empyema,coryza,44.0
Empyema,cough,69.0
Empyema,difficulty_breathing,28.0
Empyema,hurts_to_breath,44.0
Empyema,leg_pain,28.0
Empyema,sharp_abdominal_pain,28.0
Empyema,sharp_chest_pain,44.0
Empyema,shortness_of_breath,63.0
Empyema,skin_lesion,28.0
Empyema,skin_rash,28.0
Encephalitis,disturbance_of_memory,30.0
Encephalitis,dizziness,39.0
Encephalitis,fatigue,30.0
Encephalitis,headache,62.0
Encephalitis,insomnia,18.0
Encephalitis,joint_pain,18.0
Encephalitis,leg_pain,39.0
Encephalitis,leg_weakness,18.0
Encephalitis,loss_of_sensation,53.0
Encephalitis,paresthesia,18.0
Encephalitis,problems_with_movement,18.0
Encephalitis,seizures,53.0
Endocarditis,chills,9.0
Endocarditis,dizziness,37.0
Endocarditis,fatigue,28.0
Endocarditis,increased_heart_rate,16.0
Endocarditis,irregular_heartbeat,9.0
Endocarditis,leg_swelling,9.0
Endocarditis,lower_body_pain,9.0
Endocarditis,pain_or_soreness_of_breast,9.0
Endocarditis,palpitations,28.0
Endocarditis,sharp_chest_pain,33.0
Endocarditis,shortness_of_breath,47.0
Endocarditis,weakness,28.0
Endometrial cancer,absence_of_menstruation,6.0
Endometrial cancer,cramps_and_spasms,10.0
Endometrial cancer,hot_flashes,15.0
Endometrial cancer,infrequent_menstruation,6.0
Endometrial cancer,intermenstrual_bleeding,32.0
Endometrial cancer,long_menstrual_periods,15.0
Endometrial cancer,mass_on_vulva,6.0
Endometrial cancer,pelvic_pain,15.0
Endometrial cancer,unpredictable_menstruation,10.0
Endometrial cancer,vaginal_bleeding_after_menopause,76.0
Endometrial cancer,vaginal_discharge,10.0
Endometrial cancer,vaginal_itching,10.0
Endometrial hyperplasia,abnormal_size_or_shape_of_ear,1.0
Endometrial hyperplasia,back_weakness,1.0
Endometrial hyperplasia,elbow_cramps_or_spasms,1.0
Endometrial hyperplasia,heavy_menstrual_flow,45.0
Endometrial hyperplasia,involuntary_urination,21.0
Endometrial hyperplasia,low_back_weakness,1.0
Endometrial hyperplasia,muscle_swelling,1.0
Endometrial hyperplasia,pelvic_pain,21.0
Endometrial hyperplasia,pus_in_sputum,1.0
Endometrial hyperplasia,unpredictable_menstruation,35.0
Endometrial hyperplasia,vaginal_bleeding_after_menopause,53.0
Endometrial hyperplasia,vaginal_discharge,21.0
Endometriosis,absence_of_menstruation,10.0
Endometriosis,burning_abdominal_pain,18.0
Endometriosis,chills,10.0
Endometriosis,heavy_menstrual_flow,20.0
Endometriosis,hot_flashes,10.0
Endometriosis,infertility,15.0
Endometriosis,intermenstrual_bleeding,12.0
Endometriosis,lower_abdominal_pain,30.0
Endometriosis,painful_menstruation,28.0
Endometriosis,pelvic_pain,67.0
Endometriosis,sharp_abdominal_pain,61.0
Endometriosis,vaginal_pain,10.0
Endophthalmitis,diminished_vision,48.0
Endophthalmitis,eye_redness,83.0
Endophthalmitis,foot_or_toe_pain,23.0
Endophthalmitis,itchiness_of_eye,38.0
Endophthalmitis,lacrimation,23.0
Endophthalmitis,mass_on_eyelid,23.0
Endophthalmitis,pain_in_eye,86.0
Endophthalmitis,painful_sinuses,23.0
Endophthalmitis,painful_urination,23.0
Endophthalmitis,paresthesia,23.0
Endophthalmitis,skin_lesion,23.0
Endophthalmitis,swollen_eye,56.0
Envenomation from spider or animal bite,abnormal_appearing_skin,27.0
Envenomation from spider or animal bite,allergic_reaction,42.0
Envenomation from spider or animal bite,arm_swelling,14.0
Envenomation from spider or animal bite,fluid_retention,18.0
Envenomation from spider or animal bite,foot_or_toe_swelling,16.0
Envenomation from spider or animal bite,hand_or_finger_swelling,34.0
Envenomation from spider or animal bite,itching_of_skin,35.0
Envenomation from spider or animal bite,leg_swelling,14.0
Envenomation from spider or animal bite,paresthesia,10.0
Envenomation from spider or animal bite,peripheral_edema,14.0
Envenomation from spider or animal bite,skin_rash,35.0
Envenomation from spider or animal bite,skin_swelling,12.0
Ependymoma,abnormal_appearing_skin,27.0
Ependymoma,diminished_vision,68.0
Ependymoma,elbow_cramps_or_spasms,2.0
Ependymoma,elbow_weakness,2.0
Ependymoma,emotional_symptoms,2.0
Ependymoma,eye_redness,27.0
Ependymoma,eyelid_swelling,27.0
Ependymoma,headache,27.0
Ependymoma,muscle_swelling,2.0
Ependymoma,pain_in_eye,43.0
Ependymoma,pus_in_sputum,2.0
Ependymoma,symptoms_of_eye,27.0
Epididymitis,blood_in_urine,15.0
Epididymitis,groin_pain,46.0
Epididymitis,lower_abdominal_pain,18.0
Epididymitis,lower_body_pain,11.0
Epididymitis,mass_in_scrotum,8.0
Epididymitis,pain_in_testicles,91.0
Epididymitis,painful_urination,18.0
Epididymitis,retention_of_urine,15.0
Epididymitis,sharp_abdominal_pain,30.0
Epididymitis,side_pain,20.0
Epididymitis,swelling_of_scrotum,73.0
Epididymitis,swollen_abdomen,8.0
Epidural hemorrhage,back_pain,63.0
Epidural hemorrhage,depressive_or_psychotic_symptoms,63.0
Epidural hemorrhage,diminished_hearing,45.0
Epidural hemorrhage,dizziness,45.0
Epidural hemorrhage,elbow_weakness,3.0
Epidural hemorrhage,emotional_symptoms,3.0
Epidural hemorrhage,excessive_growth,3.0
Epidural hemorrhage,feeling_hot_and_cold,3.0
Epidural hemorrhage,leg_pain,45.0
Epidural hemorrhage,low_back_weakness,3.0
Epidural hemorrhage,side_pain,45.0
Epidural hemorrhage,wrist_weakness,3.0
Epilepsy,abnormal_involuntary_movements,13.0
Epilepsy,difficulty_speaking,4.0
Epilepsy,disturbance_of_memory,9.0
Epilepsy,eye_moves_abnormally,2.0
Epilepsy,headache,32.0
Epilepsy,lack_of_growth,2.0
Epilepsy,muscle_weakness,1.0
Epilepsy,seizures,91.0
Epilepsy,stiffness_all_over,2.0
Erectile dysfunction,blood_in_urine,16.0
Erectile dysfunction,excessive_urination_at_night,11.0
Erectile dysfunction,frequent_urination,22.0
Erectile dysfunction,impotence,84.0
Erectile dysfunction,involuntary_urination,7.0
Erectile dysfunction,loss_of_sex_drive,12.0
Erectile dysfunction,pain_during_intercourse,6.0
Erectile dysfunction,pain_in_testicles,14.0
Erectile dysfunction,penis_pain,7.0
Erectile dysfunction,premature_ejaculation,7.0
Erectile dysfunction,retention_of_urine,28.0
Erectile dysfunction,symptoms_of_prostate,23.0
Erythema multiforme,allergic_reaction,20.0
Erythema multiforme,coryza,44.0
Erythema multiforme,difficulty_in_swallowing,20.0
Erythema multiforme,fever,67.0
Erythema multiforme,fluid_retention,20.0
Erythema multiforme,itching_of_skin,44.0
Erythema multiforme,mouth_ulcer,34.0
Erythema multiforme,pain_in_eye,20.0
Erythema multiforme,skin_lesion,44.0
Erythema multiforme,skin_pain,20.0
Erythema multiforme,skin_rash,92.0
Erythema multiforme,vomiting,44.0
Esophageal cancer,ache_all_over,32.0
Esophageal cancer,changes_in_stool_appearance,7.0
Esophageal cancer,decreased_appetite,23.0
Esophageal cancer,difficulty_in_swallowing,28.0
Esophageal cancer,fatigue,32.0
Esophageal cancer,hoarse_voice,13.0
Esophageal cancer,mouth_pain,7.0
Esophageal cancer,sharp_abdominal_pain,32.0
Esophageal cancer,shortness_of_breath,28.0
Esophageal cancer,stomach_bloating,7.0
Esophageal cancer,vomiting,32.0
Esophageal cancer,weakness,32.0
Esophageal varices,burning_abdominal_pain,41.0
Esophageal varices,changes_in_stool_appearance,41.0
Esophageal varices,decreased_appetite,26.0
Esophageal varices,difficulty_in_swallowing,26.0
Esophageal varices,dizziness,26.0
Esophageal varices,itching_of_skin,26.0
Esophageal varices,lower_abdominal_pain,26.0
Esophageal varices,melena,26.0
Esophageal varices,nausea,41.0
Esophageal varices,pain_of_the_anus,26.0
Esophageal varices,sharp_abdominal_pain,26.0
Esophageal varices,weakness,26.0
Esophagitis,burning_abdominal_pain,22.0
Esophagitis,chest_tightness,19.0
Esophagitis,cough,29.0
Esophagitis,difficulty_in_swallowing,47.0
Esophagitis,heartburn,39.0
Esophagitis,nausea,40.0
Esophagitis,sharp_abdominal_pain,53.0
Esophagitis,sharp_chest_pain,66.0
Esophagitis,shortness_of_breath,24.0
Esophagitis,sore_throat,32.0
Esophagitis,upper_abdominal_pain,33.0
Esophagitis,vomiting,50.0
Essential tremor,abnormal_involuntary_movements,95.0
Essential tremor,arm_stiffness_or_tightness,5.0
Essential tremor,disturbance_of_memory,18.0
Essential tremor,dizziness,30.0
Essential tremor,fears_and_phobias,5.0
Essential tremor,headache,30.0
Essential tremor,hoarse_voice,5.0
Essential tremor,loss_of_sensation,21.0
Essential tremor,muscle_pain,10.0
Essential tremor,painful_sinuses,5.0
Essential tremor,problems_with_movement,35.0
Essential tremor,seizures,21.0
Eustachian tube dysfunction (ear disorder),abnormal_breathing_sounds,12.0
Eustachian tube dysfunction (ear disorder),allergic_reaction,11.0
Eustachian tube dysfunction (ear disorder),diminished_hearing,52.0
Eustachian tube dysfunction (ear disorder),dizziness,27.0
Eustachian tube dysfunction (ear disorder),ear_pain,75.0
Eustachian tube dysfunction (ear disorder),fluid_in_ear,30.0
Eustachian tube dysfunction (ear disorder),nasal_congestion,45.0
Eustachian tube dysfunction (ear disorder),plugged_feeling_in_ear,50.0
Eustachian tube dysfunction (ear disorder),redness_in_ear,49.0
Eustachian tube dysfunction (ear disorder),ringing_in_ear,23.0
Eustachian tube dysfunction (ear disorder),sore_throat,30.0
Eustachian tube dysfunction (ear disorder),swollen_or_red_tonsils,10.0
Extrapyramidal effect of drugs,abnormal_involuntary_movements,66.0
Extrapyramidal effect of drugs,anxiety_and_nervousness,31.0
Extrapyramidal effect of drugs,arm_stiffness_or_tightness,10.0
Extrapyramidal effect of drugs,cramps_and_spasms,25.0
Extrapyramidal effect of drugs,delusions_or_hallucinations,18.0
Extrapyramidal effect of drugs,disturbance_of_memory,25.0
Extrapyramidal effect of drugs,headache,25.0
Extrapyramidal effect of drugs,nausea,25.0
Extrapyramidal effect of drugs,neck_stiffness_or_tightness,18.0
Extrapyramidal effect of drugs,problems_with_movement,25.0
Extrapyramidal effect of drugs,restlessness,18.0
Extrapyramidal effect of drugs,seizures,41.0
Eye alignment disorder,abnormal_movement_of_eyelid,6.0
Eye alignment disorder,cross_eyed,35.0
Eye alignment disorder,diminished_vision,39.0
Eye alignment disorder,double_vision,36.0
Eye alignment disorder,eye_deviation,41.0
Eye alignment disorder,eye_moves_abnormally,11.0
Eye alignment disorder,foreign_body_sensation_in_eye,6.0
Eye alignment disorder,irregular_appearing_scalp,3.0
Eye alignment disorder,lack_of_growth,6.0
Eye alignment disorder,pain_in_eye,14.0
Eye alignment disorder,swollen_lymph_nodes,3.0
Eye alignment disorder,symptoms_of_eye,28.0
Factitious disorder,depression,54.0
Factitious disorder,depressive_or_psychotic_symptoms,72.0
Factitious disorder,disturbance_of_memory,81.0
Factitious disorder,elbow_cramps_or_spasms,5.0
Factitious disorder,elbow_weakness,5.0
Factitious disorder,excessive_growth,5.0
Factitious disorder,itchy_eyelid,5.0
Factitious disorder,lip_swelling,54.0
Factitious disorder,loss_of_sensation,54.0
Factitious disorder,nailbiting,5.0
Factitious disorder,paresthesia,54.0
Factitious disorder,wrist_weakness,5.0
Fat embolism,ankle_pain,91.0
Fat embolism,excessive_anger,91.0
Fat embolism,excessive_urination_at_night,91.0
Fat embolism,facial_pain,91.0
Fat embolism,fatigue,91.0
Fat embolism,joint_stiffness_or_tightness,91.0
Fat embolism,knee_lump_or_mass,91.0
Fat embolism,pain_during_pregnancy,91.0
Fat embolism,pain_in_eye,91.0
Fat embolism,pain_or_soreness_of_breast,91.0
Fat embolism,shoulder_cramps_or_spasms,91.0
Fat embolism,wrist_pain,91.0
Female genitalia infection,fever,32.0
Female genitalia infection,groin_pain,9.0
Female genitalia infection,mass_on_vulva,16.0
Female genitalia infection,pelvic_pain,16.0
Female genitalia infection,skin_growth,27.0
Female genitalia infection,skin_lesion,32.0
Female genitalia infection,skin_swelling,16.0
Female genitalia infection,spotting_or_bleeding_during_pregnancy,16.0
Female genitalia infection,vaginal_discharge,27.0
Female genitalia infection,vaginal_pain,49.0
Female genitalia infection,vulvar_irritation,36.0
Female genitalia infection,vulvar_sore,22.0
Female infertility of unknown cause,absence_of_menstruation,2.0
Female infertility of unknown cause,bleeding_or_discharge_from_nipple,2.0
Female infertility of unknown cause,infertility,92.0
Female infertility of unknown cause,irregular_belly_button,2.0
Female infertility of unknown cause,long_menstrual_periods,6.0
Female infertility of unknown cause,loss_of_sex_drive,2.0
Female infertility of unknown cause,pain_during_intercourse,2.0
Female infertility of unknown cause,scanty_menstrual_flow,3.0
Female infertility of unknown cause,unpredictable_menstruation,15.0
Female infertility of unknown cause,unwanted_hair,2.0
Fetal alcohol syndrome,coryza,40.0
Fetal alcohol syndrome,depressive_or_psychotic_symptoms,40.0
Fetal alcohol syndrome,emotional_symptoms,3.0
Fetal alcohol syndrome,excessive_anger,58.0
Fetal alcohol syndrome,eye_redness,40.0
Fetal alcohol syndrome,eye_strain,3.0
Fetal alcohol syndrome,hostile_behavior,40.0
Fetal alcohol syndrome,lack_of_growth,40.0
Fetal alcohol syndrome,seizures,40.0
Fetal alcohol syndrome,smoking_problems,40.0
Fetal alcohol syndrome,temper_problems,58.0
Fetal alcohol syndrome,wrist_weakness,3.0
Fibroadenoma,arm_lump_or_mass,5.0
Fibroadenoma,back_swelling,1.0
Fibroadenoma,bleeding_or_discharge_from_nipple,19.0
Fibroadenoma,bones_are_painful,5.0
Fibroadenoma,hot_flashes,2.0
Fibroadenoma,lump_or_mass_of_breast,90.0
Fibroadenoma,pain_during_intercourse,1.0
Fibroadenoma,pain_or_soreness_of_breast,50.0
Fibroadenoma,problems_with_shape_or_size_of_breast,2.0
Fibroadenoma,throat_irritation,1.0
Fibroadenoma,vaginal_dryness,1.0
Fibrocystic breast disease,absence_of_menstruation,3.0
Fibrocystic breast disease,bleeding_or_discharge_from_nipple,16.0
Fibrocystic breast disease,frequent_menstruation,3.0
Fibrocystic breast disease,intermenstrual_bleeding,3.0
Fibrocystic breast disease,leg_cramps_or_spasms,3.0
Fibrocystic breast disease,long_menstrual_periods,3.0
Fibrocystic breast disease,lump_or_mass_of_breast,77.0
Fibrocystic breast disease,pain_or_soreness_of_breast,58.0
Fibrocystic breast disease,skin_irritation,3.0
Fibromyalgia,ache_all_over,54.0
Fibromyalgia,arm_pain,26.0
Fibromyalgia,back_pain,59.0
Fibromyalgia,fatigue,21.0
Fibromyalgia,headache,40.0
Fibromyalgia,hip_pain,21.0
Fibromyalgia,leg_pain,44.0
Fibromyalgia,low_back_pain,39.0
Fibromyalgia,muscle_pain,48.0
Fibromyalgia,neck_pain,53.0
Fibromyalgia,sharp_chest_pain,34.0
Fibromyalgia,shoulder_pain,39.0
Flat feet,ankle_pain,31.0
Flat feet,cramps_and_spasms,23.0
Flat feet,feet_turned_in,23.0
Flat feet,foot_or_toe_pain,74.0
Flat feet,foot_or_toe_stiffness_or_tightness,13.0
Flat feet,knee_pain,43.0
Flat feet,problems_with_movement,23.0
Flat feet,retention_of_urine,13.0
Flat feet,skin_growth,13.0
Flat feet,skin_swelling,13.0
Flat feet,symptoms_of_eye,13.0
Flat feet,weight_gain,13.0
Floaters,diminished_vision,69.0
Floaters,eye_burns_or_stings,9.0
Floaters,foreign_body_sensation_in_eye,9.0
Floaters,itchiness_of_eye,17.0
Floaters,lacrimation,23.0
Floaters,pain_in_eye,17.0
Floaters,spots_or_clouds_in_vision,88.0
Floaters,symptoms_of_eye,17.0
Flu,ache_all_over,56.0
Flu,chills,38.0
Flu,coryza,37.0
Flu,cough,87.0
Flu,diarrhea,26.0
Flu,fever,91.0
Flu,flu_like_syndrome,52.0
Flu,headache,52.0
Flu,nasal_congestion,63.0
Flu,nausea,35.0
Flu,sore_throat,63.0
Flu,vomiting,47.0
Fluid overload,cough,24.0
Fluid overload,difficulty_breathing,35.0
Fluid overload,fluid_retention,44.0
Fluid overload,hand_or_finger_swelling,18.0
Fluid overload,leg_swelling,35.0
Fluid overload,nausea,35.0
Fluid overload,peripheral_edema,58.0
Fluid overload,sharp_abdominal_pain,47.0
Fluid overload,sharp_chest_pain,24.0
Fluid overload,shortness_of_breath,84.0
Fluid overload,vomiting,30.0
Fluid overload,weakness,30.0
Folate deficiency,delusions_or_hallucinations,13.0
Folate deficiency,difficulty_breathing,23.0
Folate deficiency,fatigue,23.0
Folate deficiency,increased_heart_rate,13.0
Folate deficiency,joint_pain,13.0
Folate deficiency,melena,13.0
Folate deficiency,problems_during_pregnancy,13.0
Folate deficiency,sharp_abdominal_pain,31.0
Folate deficiency,sharp_chest_pain,37.0
Folate deficiency,shortness_of_breath,48.0
Folate deficiency,vomiting_blood,13.0
Folate deficiency,weakness,31.0
Food allergy,abnormal_appearing_skin,23.0
Food allergy,allergic_reaction,85.0
Food allergy,cough,28.0
Food allergy,hand_or_finger_swelling,13.0
Food allergy,itching_of_skin,38.0
Food allergy,lip_swelling,20.0
Food allergy,nasal_congestion,36.0
Food allergy,peripheral_edema,20.0
Food allergy,skin_rash,62.0
Food allergy,sneezing,20.0
Food allergy,vomiting,31.0
Food allergy,wheezing,28.0
Foreign body in the ear,bleeding_from_ear,14.0
Foreign body in the ear,diminished_hearing,17.0
Foreign body in the ear,ear_pain,70.0
Foreign body in the ear,fluid_in_ear,11.0
Foreign body in the ear,hysterical_behavior,4.0
Foreign body in the ear,irregular_appearing_scalp,4.0
Foreign body in the ear,skin_irritation,4.0
Foreign body in the ear,throat_feels_tight,4.0
Foreign body in the ear,throat_irritation,4.0
Foreign body in the eye,abnormal_movement_of_eyelid,3.0
Foreign body in the eye,eye_burns_or_stings,22.0
Foreign body in the eye,eye_redness,47.0
Foreign body in the eye,eyelid_lesion_or_rash,3.0
Foreign body in the eye,eyelid_swelling,3.0
Foreign body in the eye,foreign_body_sensation_in_eye,38.0
Foreign body in the eye,itchiness_of_eye,8.0
Foreign body in the eye,lacrimation,18.0
Foreign body in the eye,pain_in_eye,79.0
Foreign body in the eye,swollen_eye,13.0
Foreign body in the eye,symptoms_of_eye,13.0
Foreign body in the eye,white_discharge_from_eye,3.0
Foreign body in the gastrointestinal tract,cramps_and_spasms,4.0
Foreign body in the gastrointestinal tract,difficulty_in_swallowing,48.0
Foreign body in the gastrointestinal tract,foot_or_toe_cramps_or_spasms,4.0
Foreign body in the gastrointestinal tract,incontinence_of_stool,4.0
Foreign body in the gastrointestinal tract,lump_in_throat,7.0
Foreign body in the gastrointestinal tract,recent_weight_loss,4.0
Foreign body in the gastrointestinal tract,regurgitation,10.0
Foreign body in the gastrointestinal tract,sharp_abdominal_pain,26.0
Foreign body in the gastrointestinal tract,temper_problems,4.0
Foreign body in the gastrointestinal tract,throat_feels_tight,7.0
Foreign body in the gastrointestinal tract,vomiting,32.0
Foreign body in the gastrointestinal tract,vomiting_blood,10.0
Foreign body in the nose,coughing_up_sputum,8.0
Foreign body in the nose,nasal_congestion,26.0
Foreign body in the nose,nosebleed,8.0
Foreign body in the nose,redness_in_or_around_nose,8.0
Foreign body in the nose,regurgitation,8.0
Foreign body in the throat,cough,43.0
Foreign body in the throat,coughing_up_sputum,10.0
Foreign body in the throat,difficulty_breathing,39.0
Foreign body in the throat,difficulty_in_swallowing,78.0
Foreign body in the throat,infant_feeding_problem,10.0
Foreign body in the throat,infant_spitting_up,17.0
Foreign body in the throat,lymphedema,10.0
Foreign body in the throat,paresthesia,10.0
Foreign body in the throat,shortness_of_breath,39.0
Foreign body in the throat,sore_throat,47.0
Foreign body in the throat,throat_swelling,10.0
Foreign body in the throat,vomiting,58.0
Foreign body in the vagina,abnormal_size_or_shape_of_ear,1.0
Foreign body in the vagina,back_weakness,1.0
Foreign body in the vagina,emotional_symptoms,1.0
Foreign body in the vagina,low_back_weakness,1.0
Foreign body in the vagina,lower_abdominal_pain,22.0
Foreign body in the vagina,muscle_swelling,1.0
Foreign body in the vagina,painful_urination,22.0
Foreign body in the vagina,pelvic_pain,22.0
Foreign body in the vagina,pus_in_sputum,1.0
Foreign body in the vagina,pus_in_urine,1.0
Foreign body in the vagina,skin_lesion,22.0
Foreign body in the vagina,vaginal_discharge,54.0
Fracture of the ankle,ankle_pain,79.0
Fracture of the ankle,ankle_swelling,36.0
Fracture of the ankle,ankle_weakness,3.0
Fracture of the ankle,foot_or_toe_pain,29.0
Fracture of the ankle,foot_or_toe_swelling,9.0
Fracture of the ankle,knee_weakness,2.0
Fracture of the ankle,leg_pain,31.0
Fracture of the arm,arm_pain,61.0
Fracture of the arm,arm_stiffness_or_tightness,4.0
Fracture of the arm,arm_swelling,8.0
Fracture of the arm,elbow_pain,39.0
Fracture of the arm,elbow_stiffness_or_tightness,1.0
Fracture of the arm,elbow_swelling,6.0
Fracture of the arm,shoulder_pain,37.0
Fracture of the arm,shoulder_stiffness_or_tightness,1.0
Fracture of the arm,wrist_pain,58.0
Fracture of the arm,wrist_stiffness_or_tightness,2.0
Fracture of the arm,wrist_swelling,10.0
Fracture of the facial bones,abusing_alcohol,13.0
Fracture of the facial bones,difficulty_eating,3.0
Fracture of the facial bones,double_vision,6.0
Fracture of the facial bones,facial_pain,43.0
Fracture of the facial bones,headache,41.0
Fracture of the facial bones,hemoptysis,3.0
Fracture of the facial bones,lip_swelling,3.0
Fracture of the facial bones,nosebleed,31.0
Fracture of the facial bones,pain_in_eye,31.0
Fracture of the facial bones,peripheral_edema,18.0
Fracture of the facial bones,redness_in_or_around_nose,16.0
Fracture of the facial bones,swollen_eye,28.0
Fracture of the finger,foot_or_toe_pain,54.0
Fracture of the finger,foot_or_toe_swelling,14.0
Fracture of the finger,hand_or_finger_pain,69.0
Fracture of the finger,hand_or_finger_stiffness_or_tightness,6.0
Fracture of the finger,hand_or_finger_swelling,35.0
Fracture of the foot,ankle_pain,49.0
Fracture of the foot,ankle_swelling,16.0
Fracture of the foot,foot_or_toe_pain,84.0
Fracture of the foot,foot_or_toe_stiffness_or_tightness,1.0
Fracture of the foot,foot_or_toe_swelling,42.0
Fracture of the foot,foot_or_toe_weakness,3.0
Fracture of the hand,arm_pain,23.0
Fracture of the hand,arm_stiffness_or_tightness,4.0
Fracture of the hand,arm_swelling,4.0
Fracture of the hand,hand_or_finger_pain,71.0
Fracture of the hand,hand_or_finger_stiffness_or_tightness,3.0
Fracture of the hand,hand_or_finger_swelling,39.0
Fracture of the hand,wrist_pain,67.0
Fracture of the hand,wrist_stiffness_or_tightness,2.0
Fracture of the hand,wrist_swelling,12.0
Fracture of the jaw,bleeding_gums,15.0
Fracture of the jaw,bleeding_in_mouth,8.0
Fracture of the jaw,bones_are_painful,8.0
Fracture of the jaw,facial_pain,72.0
Fracture of the jaw,gum_pain,8.0
Fracture of the jaw,jaw_swelling,26.0
Fracture of the jaw,mouth_pain,21.0
Fracture of the jaw,pain_in_eye,15.0
Fracture of the jaw,peripheral_edema,31.0
Fracture of the jaw,redness_in_ear,8.0
Fracture of the jaw,skin_irritation,8.0
Fracture of the jaw,swollen_eye,8.0
Fracture of the leg,ankle_pain,35.0
Fracture of the leg,ankle_swelling,7.0
Fracture of the leg,hip_pain,65.0
Fracture of the leg,hip_stiffness_or_tightness,2.0
Fracture of the leg,knee_pain,44.0
Fracture of the leg,knee_swelling,10.0
Fracture of the leg,knee_weakness,2.0
Fracture of the leg,leg_pain,56.0
Fracture of the leg,leg_stiffness_or_tightness,3.0
Fracture of the leg,leg_swelling,11.0
Fracture of the leg,leg_weakness,3.0
Fracture of the leg,problems_with_movement,17.0
Fracture of the neck,elbow_pain,22.0
Fracture of the neck,groin_pain,22.0
Fracture of the neck,hip_pain,83.0
Fracture of the neck,leg_pain,29.0
Fracture of the neck,low_back_pain,36.0
Fracture of the neck,low_self_esteem,12.0
Fracture of the neck,lower_body_pain,12.0
Fracture of the neck,regurgitation,12.0
Fracture of the neck,side_pain,22.0
Fracture of the neck,symptoms_of_bladder,12.0
Fracture of the patella,ankle_pain,18.0
Fracture of the patella,back_cramps_or_spasms,7.0
Fracture of the patella,bones_are_painful,7.0
Fracture of the patella,hip_pain,18.0
Fracture of the patella,knee_pain,85.0
Fracture of the patella,knee_swelling,23.0
Fracture of the patella,knee_weakness,7.0
Fracture of the patella,leg_pain,43.0
Fracture of the patella,leg_swelling,18.0
Fracture of the patella,leg_weakness,13.0
Fracture of the patella,melena,7.0
Fracture of the pelvis,ache_all_over,32.0
Fracture of the pelvis,back_pain,50.0
Fracture of the pelvis,bones_are_painful,14.0
Fracture of the pelvis,delusions_or_hallucinations,14.0
Fracture of the pelvis,difficulty_speaking,14.0
Fracture of the pelvis,focal_weakness,14.0
Fracture of the pelvis,groin_pain,54.0
Fracture of the pelvis,hip_pain,82.0
Fracture of the pelvis,knee_pain,24.0
Fracture of the pelvis,leg_pain,39.0
Fracture of the pelvis,problems_with_movement,24.0
Fracture of the pelvis,side_pain,24.0
Fracture of the rib,ache_all_over,29.0
Fracture of the rib,arm_pain,24.0
Fracture of the rib,back_mass_or_lump,2.0
Fracture of the rib,back_pain,49.0
Fracture of the rib,bones_are_painful,6.0
Fracture of the rib,hip_pain,17.0
Fracture of the rib,hurts_to_breath,22.0
Fracture of the rib,rib_pain,81.0
Fracture of the rib,sharp_chest_pain,61.0
Fracture of the rib,shortness_of_breath,24.0
Fracture of the rib,shoulder_pain,32.0
Fracture of the rib,side_pain,36.0
Fracture of the shoulder,arm_pain,28.0
Fracture of the shoulder,arm_stiffness_or_tightness,10.0
Fracture of the shoulder,arm_weakness,2.0
Fracture of the shoulder,bones_are_painful,26.0
Fracture of the shoulder,changes_in_stool_appearance,2.0
Fracture of the shoulder,fluid_retention,8.0
Fracture of the shoulder,mass_on_ear,2.0
Fracture of the shoulder,neck_swelling,2.0
Fracture of the shoulder,shoulder_pain,85.0
Fracture of the shoulder,shoulder_stiffness_or_tightness,4.0
Fracture of the shoulder,shoulder_swelling,8.0
Fracture of the shoulder,stiffness_all_over,2.0
Fracture of the skull,depressive_or_psychotic_symptoms,25.0
Fracture of the skull,diminished_hearing,20.0
Fracture of the skull,drug_abuse,8.0
Fracture of the skull,facial_pain,30.0
Fracture of the skull,fainting,25.0
Fracture of the skull,headache,54.0
Fracture of the skull,nausea,25.0
Fracture of the skull,neck_pain,25.0
Fracture of the skull,nosebleed,8.0
Fracture of the skull,ringing_in_ear,8.0
Fracture of the skull,symptoms_of_the_face,8.0
Fracture of the skull,vomiting,30.0
Fracture of the vertebra,arm_weakness,2.0
Fracture of the vertebra,back_pain,79.0
Fracture of the vertebra,bones_are_painful,16.0
Fracture of the vertebra,hand_or_finger_stiffness_or_tightness,2.0
Fracture of the vertebra,hip_pain,28.0
Fracture of the vertebra,hip_weakness,2.0
Fracture of the vertebra,leg_stiffness_or_tightness,4.0
Fracture of the vertebra,low_back_pain,66.0
Fracture of the vertebra,muscle_stiffness_or_tightness,2.0
Fracture of the vertebra,neck_pain,47.0
Fracture of the vertebra,pelvic_pain,10.0
Fracture of the vertebra,problems_with_movement,16.0
Friedrich ataxia,arm_pain,72.0
Friedrich ataxia,arm_weakness,72.0
Friedrich ataxia,back_stiffness_or_tightness,9.0
Friedrich ataxia,cough,72.0
Friedrich ataxia,ear_pain,87.0
Friedrich ataxia,flatulence,72.0
Friedrich ataxia,itchy_eyelid,9.0
Friedrich ataxia,knee_lump_or_mass,9.0
Friedrich ataxia,peripheral_edema,72.0
Friedrich ataxia,shoulder_swelling,9.0
Friedrich ataxia,vulvar_sore,9.0
Friedrich ataxia,wheezing,72.0
Frostbite,ache_all_over,37.0
Frostbite,back_pain,37.0
Frostbite,elbow_cramps_or_spasms,3.0
Frostbite,elbow_weakness,3.0
Frostbite,fainting,37.0
Frostbite,feeling_hot_and_cold,3.0
Frostbite,foot_or_toe_pain,55.0
Frostbite,hand_or_finger_swelling,37.0
Frostbite,loss_of_sensation,55.0
Frostbite,low_back_weakness,3.0
Frostbite,nailbiting,3.0
Frostbite,sharp_chest_pain,37.0
Fungal infection of the hair,abnormal_appearing_skin,42.0
Fungal infection of the hair,acne_or_pimples,25.0
Fungal infection of the hair,irregular_appearing_scalp,22.0
Fungal infection of the hair,itching_of_skin,26.0
Fungal infection of the hair,itchy_scalp,12.0
Fungal infection of the hair,pelvic_pain,9.0
Fungal infection of the hair,skin_dryness_peeling_scaliness_or_roughness,11.0
Fungal infection of the hair,skin_growth,14.0
Fungal infection of the hair,skin_irritation,18.0
Fungal infection of the hair,skin_lesion,44.0
Fungal infection of the hair,skin_rash,79.0
Fungal infection of the hair,skin_swelling,52.0
Fungal infection of the skin,abnormal_appearing_skin,35.0
Fungal infection of the skin,acne_or_pimples,7.0
Fungal infection of the skin,dry_or_flaky_scalp,12.0
Fungal infection of the skin,irregular_appearing_nails,7.0
Fungal infection of the skin,irregular_appearing_scalp,22.0
Fungal infection of the skin,itching_of_skin,41.0
Fungal infection of the skin,itchy_scalp,12.0
Fungal infection of the skin,skin_dryness_peeling_scaliness_or_roughness,13.0
Fungal infection of the skin,skin_lesion,28.0
Fungal infection of the skin,skin_rash,86.0
Fungal infection of the skin,skin_swelling,19.0
Fungal infection of the skin,too_little_hair,15.0
G6PD enzyme deficiency,cough,43.0
G6PD enzyme deficiency,elbow_cramps_or_spasms,3.0
G6PD enzyme deficiency,elbow_weakness,3.0
G6PD enzyme deficiency,emotional_symptoms,3.0
G6PD enzyme deficiency,excessive_growth,3.0
G6PD enzyme deficiency,feeling_hot_and_cold,3.0
G6PD enzyme deficiency,low_back_weakness,3.0
G6PD enzyme deficiency,muscle_swelling,3.0
G6PD enzyme deficiency,nailbiting,3.0
G6PD enzyme deficiency,nasal_congestion,43.0
G6PD enzyme deficiency,underweight,3.0
G6PD enzyme deficiency,wrist_weakness,3.0
Galactorrhea of unknown cause,anxiety_and_nervousness,30.0
Galactorrhea of unknown cause,back_pain,30.0
Galactorrhea of unknown cause,bleeding_or_discharge_from_nipple,84.0
Galactorrhea of unknown cause,burning_abdominal_pain,30.0
Galactorrhea of unknown cause,cough,30.0
Galactorrhea of unknown cause,emotional_symptoms,2.0
Galactorrhea of unknown cause,low_back_weakness,2.0
Galactorrhea of unknown cause,lump_or_mass_of_breast,30.0
Galactorrhea of unknown cause,pain_or_soreness_of_breast,65.0
Galactorrhea of unknown cause,pelvic_pain,30.0
Galactorrhea of unknown cause,sharp_chest_pain,30.0
Galactorrhea of unknown cause,weight_gain,30.0
Gallbladder cancer,constipation,32.0
Gallbladder cancer,elbow_cramps_or_spasms,2.0
Gallbladder cancer,emotional_symptoms,2.0
Gallbladder cancer,fatigue,32.0
Gallbladder cancer,fluid_retention,32.0
Gallbladder cancer,infrequent_menstruation,2.0
Gallbladder cancer,itching_of_scrotum,2.0
Gallbladder cancer,nausea,68.0
Gallbladder cancer,sharp_abdominal_pain,49.0
Gallbladder cancer,shortness_of_breath,32.0
Gallbladder cancer,vomiting,60.0
Gallbladder cancer,weakness,32.0
Gallbladder disease,back_pain,29.0
Gallbladder disease,burning_abdominal_pain,24.0
Gallbladder disease,constipation,12.0
Gallbladder disease,lower_body_pain,15.0
Gallbladder disease,nausea,50.0
Gallbladder disease,peripheral_edema,15.0
Gallbladder disease,regurgitation,8.0
Gallbladder disease,sharp_abdominal_pain,81.0
Gallbladder disease,sharp_chest_pain,38.0
Gallbladder disease,side_pain,24.0
Gallbladder disease,upper_abdominal_pain,70.0
Gallbladder disease,vomiting,38.0
Gallstone,back_pain,39.0
Gallstone,burning_abdominal_pain,28.0
Gallstone,heartburn,6.0
Gallstone,lower_body_pain,12.0
Gallstone,nausea,58.0
Gallstone,regurgitation,4.0
Gallstone,sharp_abdominal_pain,87.0
Gallstone,sharp_chest_pain,27.0
Gallstone,side_pain,26.0
Gallstone,sweating,4.0
Gallstone,upper_abdominal_pain,68.0
Gallstone,vomiting,52.0
Ganglion cyst,foot_or_toe_pain,25.0
Ganglion cyst,hand_or_finger_lump_or_mass,33.0
Ganglion cyst,hand_or_finger_pain,31.0
Ganglion cyst,knee_lump_or_mass,15.0
Ganglion cyst,knee_pain,62.0
Ganglion cyst,knee_swelling,13.0
Ganglion cyst,leg_pain,53.0
Ganglion cyst,leg_swelling,15.0
Ganglion cyst,skin_growth,45.0
Ganglion cyst,wrist_lump_or_mass,34.0
Ganglion cyst,wrist_pain,53.0
Ganglion cyst,wrist_swelling,11.0
Gas gangrene,ankle_pain,32.0
Gas gangrene,excessive_anger,32.0
Gas gangrene,facial_pain,32.0
Gas gangrene,fatigue,32.0
Gas gangrene,joint_stiffness_or_tightness,32.0
Gas gangrene,knee_lump_or_mass,32.0
Gas gangrene,pain_during_pregnancy,32.0
Gas gangrene,pain_in_eye,32.0
Gas gangrene,pain_or_soreness_of_breast,32.0
Gas gangrene,sharp_abdominal_pain,100.0
Gas gangrene,shoulder_cramps_or_spasms,32.0
Gas gangrene,wrist_pain,32.0
Gastritis,burning_abdominal_pain,55.0
Gastritis,diarrhea,40.0
Gastritis,fever,27.0
Gastritis,headache,24.0
Gastritis,heartburn,24.0
Gastritis,nausea,65.0
Gastritis,regurgitation,15.0
Gastritis,sharp_abdominal_pain,82.0
Gastritis,sharp_chest_pain,41.0
Gastritis,upper_abdominal_pain,40.0
Gastritis,vomiting,75.0
Gastritis,vomiting_blood,20.0
Gastroduodenal ulcer,blood_in_stool,27.0
Gastroduodenal ulcer,burning_abdominal_pain,46.0
Gastroduodenal ulcer,changes_in_stool_appearance,22.0
Gastroduodenal ulcer,headache,27.0
Gastroduodenal ulcer,heartburn,21.0
Gastroduodenal ulcer,melena,22.0
Gastroduodenal ulcer,nausea,51.0
Gastroduodenal ulcer,sharp_abdominal_pain,79.0
Gastroduodenal ulcer,sharp_chest_pain,30.0
Gastroduodenal ulcer,upper_abdominal_pain,42.0
Gastroduodenal ulcer,vomiting,52.0
Gastroduodenal ulcer,vomiting_blood,40.0
Gastroesophageal reflux disease (GERD),burning_abdominal_pain,21.0
Gastroesophageal reflux disease (GERD),chest_tightness,11.0
Gastroesophageal reflux disease (GERD),cough,33.0
Gastroesophageal reflux disease (GERD),difficulty_in_swallowing,16.0
Gastroesophageal reflux disease (GERD),heartburn,33.0
Gastroesophageal reflux disease (GERD),hoarse_voice,10.0
Gastroesophageal reflux disease (GERD),nausea,28.0
Gastroesophageal reflux disease (GERD),regurgitation,13.0
Gastroesophageal reflux disease (GERD),sharp_abdominal_pain,43.0
Gastroesophageal reflux disease (GERD),sharp_chest_pain,44.0
Gastroesophageal reflux disease (GERD),upper_abdominal_pain,16.0
Gastroesophageal reflux disease (GERD),vomiting,33.0
Gastrointestinal hemorrhage,blood_in_stool,75.0
Gastrointestinal hemorrhage,changes_in_stool_appearance,39.0
Gastrointestinal hemorrhage,diarrhea,45.0
Gastrointestinal hemorrhage,dizziness,33.0
Gastrointestinal hemorrhage,fainting,19.0
Gastrointestinal hemorrhage,melena,51.0
Gastrointestinal hemorrhage,nausea,34.0
Gastrointestinal hemorrhage,rectal_bleeding,68.0
Gastrointestinal hemorrhage,sharp_abdominal_pain,53.0
Gastrointestinal hemorrhage,vomiting,46.0
Gastrointestinal hemorrhage,vomiting_blood,43.0
Gastrointestinal hemorrhage,weakness,36.0
Gastroparesis,burning_abdominal_pain,22.0
Gastroparesis,constipation,15.0
Gastroparesis,diarrhea,27.0
Gastroparesis,fatigue,22.0
Gastroparesis,heartburn,22.0
Gastroparesis,loss_of_sensation,22.0
Gastroparesis,nausea,75.0
Gastroparesis,regurgitation,36.0
Gastroparesis,sharp_abdominal_pain,74.0
Gastroparesis,sharp_chest_pain,27.0
Gastroparesis,upper_abdominal_pain,15.0
Gastroparesis,vomiting,85.0
Genital herpes,groin_pain,22.0
Genital herpes,itching_of_skin,17.0
Genital herpes,painful_urination,36.0
Genital herpes,pelvic_pain,30.0
Genital herpes,recent_pregnancy,12.0
Genital herpes,skin_lesion,30.0
Genital herpes,skin_pain,12.0
Genital herpes,skin_rash,47.0
Genital herpes,suprapubic_pain,17.0
Genital herpes,vaginal_discharge,33.0
Genital herpes,vaginal_itching,22.0
Genital herpes,vaginal_pain,33.0
Gestational diabetes,excessive_appetite,1.0
Gestational diabetes,hip_stiffness_or_tightness,1.0
Gestational diabetes,itching_of_the_anus,1.0
Gestational diabetes,mass_on_vulva,1.0
Gestational diabetes,pain_during_pregnancy,18.0
Gestational diabetes,pelvic_pressure,2.0
Gestational diabetes,problems_during_pregnancy,24.0
Gestational diabetes,uterine_contractions,15.0
Gestational diabetes,vaginal_redness,1.0
Glaucoma,blindness,8.0
Glaucoma,diminished_vision,46.0
Glaucoma,eye_burns_or_stings,5.0
Glaucoma,eye_redness,16.0
Glaucoma,feeling_cold,1.0
Glaucoma,foreign_body_sensation_in_eye,5.0
Glaucoma,itchiness_of_eye,8.0
Glaucoma,itchy_eyelid,1.0
Glaucoma,lacrimation,13.0
Glaucoma,pain_in_eye,32.0
Glaucoma,spots_or_clouds_in_vision,19.0
Glaucoma,symptoms_of_eye,26.0
Glucocorticoid deficiency,apnea,21.0
Glucocorticoid deficiency,diarrhea,34.0
Glucocorticoid deficiency,drug_abuse,21.0
Glucocorticoid deficiency,feeling_ill,21.0
Glucocorticoid deficiency,lack_of_growth,21.0
Glucocorticoid deficiency,muscle_cramps_contractures_or_spasms,21.0
Glucocorticoid deficiency,problems_with_movement,34.0
Glucocorticoid deficiency,rib_pain,21.0
Glucocorticoid deficiency,shortness_of_breath,44.0
Glucocorticoid deficiency,side_pain,34.0
Glucocorticoid deficiency,symptoms_of_the_kidneys,21.0
Glucocorticoid deficiency,weakness,44.0
Goiter,arm_weakness,3.0
Goiter,bones_are_painful,3.0
Goiter,difficulty_in_swallowing,12.0
Goiter,fatigue,22.0
Goiter,feeling_hot_and_cold,3.0
Goiter,heartburn,10.0
Goiter,hot_flashes,3.0
Goiter,leg_weakness,3.0
Goiter,lump_in_throat,10.0
Goiter,neck_mass,12.0
Goiter,neck_swelling,10.0
Goiter,weight_gain,15.0
Gonorrhea,cramps_and_spasms,11.0
Gonorrhea,itching_of_skin,20.0
Gonorrhea,painful_urination,28.0
Gonorrhea,paresthesia,20.0
Gonorrhea,penile_discharge,72.0
Gonorrhea,penis_redness,20.0
Gonorrhea,problems_with_movement,20.0
Gonorrhea,sharp_abdominal_pain,48.0
Gonorrhea,spotting_or_bleeding_during_pregnancy,11.0
Gonorrhea,vaginal_discharge,44.0
Gonorrhea,vaginal_itching,28.0
Gonorrhea,vaginal_pain,11.0
Gout,ankle_pain,35.0
Gout,ankle_swelling,13.0
Gout,foot_or_toe_pain,75.0
Gout,foot_or_toe_swelling,43.0
Gout,hand_or_finger_pain,27.0
Gout,hand_or_finger_swelling,16.0
Gout,joint_pain,14.0
Gout,knee_pain,48.0
Gout,knee_swelling,10.0
Gout,leg_swelling,9.0
Gout,wrist_pain,29.0
Gout,wrist_swelling,6.0
Granuloma inguinale,excessive_growth,11.0
Granuloma inguinale,groin_pain,77.0
Granuloma inguinale,knee_lump_or_mass,11.0
Granuloma inguinale,loss_of_sex_drive,11.0
Granuloma inguinale,nailbiting,11.0
Granuloma inguinale,nausea,77.0
Granuloma inguinale,neck_cramps_or_spasms,11.0
Granuloma inguinale,sharp_chest_pain,77.0
Granuloma inguinale,shoulder_swelling,11.0
Granuloma inguinale,vaginal_pain,77.0
Granuloma inguinale,vulvar_sore,11.0
Granuloma inguinale,wrist_weakness,11.0
Graves disease,abnormal_involuntary_movements,11.0
Graves disease,dizziness,27.0
Graves disease,fatigue,27.0
Graves disease,foot_or_toe_swelling,6.0
Graves disease,hemoptysis,3.0
Graves disease,involuntary_urination,6.0
Graves disease,irregular_heartbeat,8.0
Graves disease,leg_cramps_or_spasms,8.0
Graves disease,muscle_cramps_contractures_or_spasms,3.0
Graves disease,palpitations,21.0
Graves disease,sweating,13.0
Graves disease,weight_gain,8.0
Guillain Barre syndrome,ache_all_over,41.0
Guillain Barre syndrome,difficulty_speaking,19.0
Guillain Barre syndrome,dizziness,41.0
Guillain Barre syndrome,facial_pain,19.0
Guillain Barre syndrome,fever,41.0
Guillain Barre syndrome,hand_or_finger_pain,32.0
Guillain Barre syndrome,leg_pain,55.0
Guillain Barre syndrome,leg_weakness,55.0
Guillain Barre syndrome,loss_of_sensation,49.0
Guillain Barre syndrome,paresthesia,32.0
Guillain Barre syndrome,problems_with_movement,19.0
Guillain Barre syndrome,weakness,32.0
Gum disease,bleeding_gums,22.0
Gum disease,ear_pain,26.0
Gum disease,facial_pain,46.0
Gum disease,fever,36.0
Gum disease,gum_pain,53.0
Gum disease,jaw_swelling,11.0
Gum disease,lip_swelling,13.0
Gum disease,mouth_pain,25.0
Gum disease,mouth_ulcer,25.0
Gum disease,pain_in_gums,21.0
Gum disease,peripheral_edema,44.0
Gum disease,toothache,89.0
Gynecomastia,back_pain,55.0
Gynecomastia,bones_are_painful,7.0
Gynecomastia,irregular_belly_button,7.0
Gynecomastia,lump_or_mass_of_breast,61.0
Gynecomastia,neck_pain,39.0
Gynecomastia,pain_or_soreness_of_breast,53.0
Gynecomastia,problems_with_shape_or_size_of_breast,67.0
Gynecomastia,skin_swelling,12.0
Gynecomastia,weight_gain,12.0
HPV,coughing_up_sputum,6.0
HPV,eyelid_lesion_or_rash,6.0
HPV,frequent_urination,12.0
HPV,hand_or_finger_lump_or_mass,6.0
HPV,involuntary_urination,6.0
HPV,joint_pain,6.0
HPV,lump_or_mass_of_breast,6.0
HPV,mass_or_swelling_around_the_anus,6.0
HPV,unpredictable_menstruation,6.0
HPV,vaginal_discharge,12.0
HPV,vaginal_itching,12.0
HPV,warts,28.0
Hammer toe,foot_or_toe_pain,90.0
Hammer toe,foot_or_toe_swelling,13.0
Hammer toe,irregular_appearing_nails,13.0
Hammer toe,loss_of_sensation,31.0
Hammer toe,problems_with_movement,13.0
Hammer toe,skin_growth,13.0
Hammer toe,skin_lesion,23.0
Hashimoto thyroiditis,abnormal_involuntary_movements,11.0
Hashimoto thyroiditis,constipation,19.0
Hashimoto thyroiditis,difficulty_in_swallowing,11.0
Hashimoto thyroiditis,feeling_hot,11.0
Hashimoto thyroiditis,heartburn,11.0
Hashimoto thyroiditis,heavy_menstrual_flow,11.0
Hashimoto thyroiditis,palpitations,11.0
Hashimoto thyroiditis,premenstrual_tension_or_irritability,11.0
Hashimoto thyroiditis,suprapubic_pain,11.0
Hashimoto thyroiditis,too_little_hair,11.0
Hashimoto thyroiditis,warts,11.0
Hashimoto thyroiditis,weight_gain,19.0
Head and neck cancer,bleeding_in_mouth,6.0
Head and neck cancer,difficulty_in_swallowing,23.0
Head and neck cancer,facial_pain,12.0
Head and neck cancer,hemoptysis,6.0
Head and neck cancer,hoarse_voice,12.0
Head and neck cancer,mouth_pain,15.0
Head and neck cancer,neck_mass,10.0
Head and neck cancer,plugged_feeling_in_ear,8.0
Head and neck cancer,sore_throat,28.0
Head and neck cancer,throat_feels_tight,14.0
Head and neck cancer,tongue_lesions,8.0
Head and neck cancer,tongue_pain,6.0
Head injury,back_pain,25.0
Head injury,dizziness,29.0
Head injury,double_vision,2.0
Head injury,facial_pain,12.0
Head injury,fainting,15.0
Head injury,headache,68.0
Head injury,lip_swelling,3.0
Head injury,neck_pain,36.0
Head injury,redness_in_or_around_nose,2.0
Head injury,ringing_in_ear,3.0
Headache after lumbar puncture,back_pain,65.0
Headache after lumbar puncture,dizziness,47.0
Headache after lumbar puncture,headache,98.0
Headache after lumbar puncture,impotence,14.0
Headache after lumbar puncture,low_back_pain,25.0
Headache after lumbar puncture,nausea,65.0
Headache after lumbar puncture,neck_pain,34.0
Headache after lumbar puncture,pain_during_pregnancy,14.0
Headache after lumbar puncture,pain_of_the_anus,14.0
Headache after lumbar puncture,painful_urination,14.0
Headache after lumbar puncture,pelvic_pain,14.0
Headache after lumbar puncture,vomiting,56.0
Heart attack,arm_pain,20.0
Heart attack,burning_chest_pain,5.0
Heart attack,chest_tightness,37.0
Heart attack,fainting,17.0
Heart attack,heartburn,8.0
Heart attack,increased_heart_rate,4.0
Heart attack,irregular_heartbeat,6.0
Heart attack,lower_body_pain,8.0
Heart attack,nausea,25.0
Heart attack,sharp_chest_pain,90.0
Heart attack,shortness_of_breath,56.0
Heart attack,sweating,10.0
Heart block,chest_tightness,18.0
Heart block,decreased_heart_rate,12.0
Heart block,dizziness,39.0
Heart block,fainting,33.0
Heart block,increased_heart_rate,12.0
Heart block,irregular_heartbeat,8.0
Heart block,palpitations,24.0
Heart block,peripheral_edema,15.0
Heart block,sharp_chest_pain,48.0
Heart block,shortness_of_breath,46.0
Heart block,weakness,29.0
Heart block,weight_gain,12.0
Heart contusion,apnea,51.0
Heart contusion,cross_eyed,4.0
Heart contusion,depression,51.0
Heart contusion,elbow_cramps_or_spasms,4.0
Heart contusion,elbow_weakness,4.0
Heart contusion,excessive_growth,4.0
Heart contusion,fainting,51.0
Heart contusion,hip_stiffness_or_tightness,4.0
Heart contusion,itchy_eyelid,4.0
Heart contusion,nailbiting,4.0
Heart contusion,sharp_chest_pain,51.0
Heart contusion,wrist_weakness,4.0
Heart failure,chest_tightness,18.0
Heart failure,cough,27.0
Heart failure,difficulty_breathing,37.0
Heart failure,fluid_retention,9.0
Heart failure,hurts_to_breath,6.0
Heart failure,leg_swelling,14.0
Heart failure,palpitations,8.0
Heart failure,peripheral_edema,27.0
Heart failure,sharp_chest_pain,47.0
Heart failure,shortness_of_breath,77.0
Heart failure,weakness,22.0
Heart failure,weight_gain,10.0
Heat exhaustion,dizziness,80.0
Heat exhaustion,fainting,61.0
Heat exhaustion,feeling_hot,30.0
Heat exhaustion,fluid_retention,37.0
Heat exhaustion,headache,64.0
Heat exhaustion,leg_cramps_or_spasms,30.0
Heat exhaustion,nausea,58.0
Heat exhaustion,sharp_chest_pain,42.0
Heat exhaustion,shortness_of_breath,30.0
Heat exhaustion,sweating,30.0
Heat exhaustion,vomiting,58.0
Heat exhaustion,weakness,68.0
Heat stroke,chills,63.0
Heat stroke,dizziness,63.0
Heat stroke,fainting,63.0
Heat stroke,feeling_hot,80.0
Heat stroke,feeling_ill,63.0
Heat stroke,fever,63.0
Heat stroke,leg_pain,63.0
Heat stroke,loss_of_sensation,63.0
Heat stroke,nailbiting,7.0
Heat stroke,nausea,63.0
Heat stroke,palpitations,63.0
Heat stroke,vomiting,63.0
Hemangioma,abnormal_appearing_skin,64.0
Hemangioma,irregular_appearing_nails,5.0
Hemangioma,irregular_appearing_scalp,7.0
Hemangioma,lip_swelling,10.0
Hemangioma,lymphedema,30.0
Hemangioma,skin_dryness_peeling_scaliness_or_roughness,18.0
Hemangioma,skin_growth,36.0
Hemangioma,skin_irritation,10.0
Hemangioma,skin_lesion,50.0
Hemangioma,skin_moles,38.0
Hemangioma,skin_swelling,26.0
Hemangioma,warts,7.0
Hemarthrosis,abnormal_appearing_skin,36.0
Hemarthrosis,ache_all_over,36.0
Hemarthrosis,ankle_swelling,36.0
Hemarthrosis,elbow_cramps_or_spasms,2.0
Hemarthrosis,elbow_weakness,2.0
Hemarthrosis,frequent_urination,36.0
Hemarthrosis,knee_lump_or_mass,36.0
Hemarthrosis,knee_pain,92.0
Hemarthrosis,knee_stiffness_or_tightness,36.0
Hemarthrosis,knee_swelling,64.0
Hemarthrosis,problems_with_movement,36.0
Hemarthrosis,shoulder_pain,36.0
Hematoma,abdominal_distention,8.0
Hematoma,abnormal_appearing_skin,20.0
Hematoma,ache_all_over,25.0
Hematoma,arm_swelling,20.0
Hematoma,fluid_retention,20.0
Hematoma,groin_pain,25.0
Hematoma,lump_or_mass_of_breast,20.0
Hematoma,lymphedema,14.0
Hematoma,peripheral_edema,20.0
Hematoma,sharp_abdominal_pain,37.0
Hematoma,skin_swelling,8.0
Hematoma,swelling_of_scrotum,14.0
Hemiplegia,abnormal_involuntary_movements,27.0
Hemiplegia,arm_stiffness_or_tightness,6.0
Hemiplegia,arm_weakness,11.0
Hemiplegia,cramps_and_spasms,16.0
Hemiplegia,difficulty_speaking,11.0
Hemiplegia,focal_weakness,42.0
Hemiplegia,headache,46.0
Hemiplegia,loss_of_sensation,37.0
Hemiplegia,problems_with_movement,31.0
Hemiplegia,seizures,50.0
Hemiplegia,slurring_words,16.0
Hemiplegia,weakness,42.0
Hemochromatosis,abnormal_appearing_skin,16.0
Hemochromatosis,ache_all_over,28.0
Hemochromatosis,bones_are_painful,9.0
Hemochromatosis,difficulty_speaking,9.0
Hemochromatosis,disturbance_of_memory,9.0
Hemochromatosis,drainage_in_throat,9.0
Hemochromatosis,joint_pain,9.0
Hemochromatosis,pain_in_testicles,9.0
Hemochromatosis,pelvic_pain,9.0
Hemochromatosis,recent_weight_loss,9.0
Hemochromatosis,too_little_hair,9.0
Hemolytic anemia,allergic_reaction,14.0
Hemolytic anemia,cough,41.0
Hemolytic anemia,fatigue,47.0
Hemolytic anemia,fever,25.0
Hemolytic anemia,itching_of_skin,14.0
Hemolytic anemia,joint_pain,14.0
Hemolytic anemia,nausea,25.0
Hemolytic anemia,peripheral_edema,14.0
Hemolytic anemia,skin_growth,14.0
Hemolytic anemia,stomach_bloating,14.0
Hemolytic anemia,swollen_abdomen,14.0
Hemolytic anemia,weakness,25.0
Hemophilia,absence_of_menstruation,8.0
Hemophilia,bleeding_gums,14.0
Hemophilia,cough,25.0
Hemophilia,frontal_headache,8.0
Hemophilia,groin_pain,8.0
Hemophilia,headache,25.0
Hemophilia,hemoptysis,8.0
Hemophilia,leg_pain,29.0
Hemophilia,melena,8.0
Hemophilia,nosebleed,8.0
Hemophilia,skin_on_arm_or_hand_looks_infected,8.0
Hemophilia,uterine_contractions,8.0
Hemorrhagic fever,ankle_pain,91.0
Hemorrhagic fever,excessive_anger,91.0
Hemorrhagic fever,excessive_urination_at_night,91.0
Hemorrhagic fever,facial_pain,91.0
Hemorrhagic fever,fatigue,91.0
Hemorrhagic fever,joint_stiffness_or_tightness,91.0
Hemorrhagic fever,knee_lump_or_mass,91.0
Hemorrhagic fever,pain_during_pregnancy,91.0
Hemorrhagic fever,pain_in_eye,91.0
Hemorrhagic fever,pain_or_soreness_of_breast,91.0
Hemorrhagic fever,shoulder_cramps_or_spasms,91.0
Hemorrhagic fever,wrist_pain,91.0
Hemorrhoids,blood_in_stool,50.0
Hemorrhoids,changes_in_stool_appearance,5.0
Hemorrhoids,constipation,42.0
Hemorrhoids,heartburn,4.0
Hemorrhoids,itching_of_the_anus,9.0
Hemorrhoids,lower_body_pain,8.0
Hemorrhoids,mass_or_swelling_around_the_anus,17.0
Hemorrhoids,melena,7.0
Hemorrhoids,pain_of_the_anus,60.0
Hemorrhoids,rectal_bleeding,74.0
Hemorrhoids,sharp_abdominal_pain,34.0
Hemorrhoids,vaginal_pain,4.0
Hepatic encephalopathy,abusing_alcohol,22.0
Hepatic encephalopathy,depressive_or_psychotic_symptoms,69.0
Hepatic encephalopathy,drug_abuse,22.0
Hepatic encephalopathy,fainting,29.0
Hepatic encephalopathy,fatigue,22.0
Hepatic encephalopathy,fluid_retention,12.0
Hepatic encephalopathy,peripheral_edema,29.0
Hepatic encephalopathy,problems_with_movement,22.0
Hepatic encephalopathy,seizures,22.0
Hepatic encephalopathy,sharp_abdominal_pain,42.0
Hepatic encephalopathy,shortness_of_breath,36.0
Hepatic encephalopathy,weakness,29.0
Hepatitis due to a toxin,depression,27.0
Hepatitis due to a toxin,diarrhea,33.0
Hepatitis due to a toxin,fatigue,27.0
Hepatitis due to a toxin,feeling_ill,16.0
Hepatitis due to a toxin,flu_like_syndrome,11.0
Hepatitis due to a toxin,itching_of_skin,20.0
Hepatitis due to a toxin,jaundice,24.0
Hepatitis due to a toxin,nausea,33.0
Hepatitis due to a toxin,rectal_bleeding,11.0
Hepatitis due to a toxin,sharp_abdominal_pain,53.0
Hepatitis due to a toxin,upper_abdominal_pain,16.0
Hepatitis due to a toxin,vomiting,30.0
Herniated disk,arm_pain,27.0
Herniated disk,arm_weakness,5.0
Herniated disk,back_pain,76.0
Herniated disk,hip_pain,29.0
Herniated disk,leg_pain,66.0
Herniated disk,leg_weakness,7.0
Herniated disk,loss_of_sensation,35.0
Herniated disk,low_back_pain,78.0
Herniated disk,lower_body_pain,27.0
Herniated disk,neck_pain,64.0
Herniated disk,paresthesia,13.0
Herniated disk,shoulder_pain,31.0
Herpangina,abnormal_appearing_skin,16.0
Herpangina,cough,35.0
Herpangina,decreased_appetite,40.0
Herpangina,fever,92.0
Herpangina,insomnia,16.0
Herpangina,mouth_ulcer,47.0
Herpangina,redness_in_ear,12.0
Herpangina,skin_rash,69.0
Herpangina,sore_throat,62.0
Herpangina,swollen_lymph_nodes,12.0
Herpangina,tongue_lesions,12.0
Herpangina,vomiting,58.0
Hiatal hernia,back_pain,25.0
Hiatal hernia,burning_abdominal_pain,40.0
Hiatal hernia,difficulty_in_swallowing,43.0
Hiatal hernia,dizziness,29.0
Hiatal hernia,heartburn,27.0
Hiatal hernia,nausea,45.0
Hiatal hernia,regurgitation,16.0
Hiatal hernia,sharp_abdominal_pain,63.0
Hiatal hernia,sharp_chest_pain,48.0
Hiatal hernia,upper_abdominal_pain,23.0
Hiatal hernia,vomiting,43.0
Hiatal hernia,vomiting_blood,18.0
Hidradenitis suppurativa,acne_or_pimples,13.0
Hidradenitis suppurativa,arm_lump_or_mass,41.0
Hidradenitis suppurativa,arm_pain,41.0
Hidradenitis suppurativa,arm_swelling,13.0
Hidradenitis suppurativa,groin_mass,13.0
Hidradenitis suppurativa,lower_body_pain,18.0
Hidradenitis suppurativa,lump_or_mass_of_breast,13.0
Hidradenitis suppurativa,skin_growth,34.0
Hidradenitis suppurativa,skin_lesion,27.0
Hidradenitis suppurativa,skin_on_arm_or_hand_looks_infected,27.0
Hidradenitis suppurativa,skin_rash,38.0
Hidradenitis suppurativa,skin_swelling,18.0
High blood pressure,headache,26.0
High blood pressure,sharp_chest_pain,29.0
Hirschsprung disease,ankle_pain,41.0
Hirschsprung disease,constipation,86.0
Hirschsprung disease,elbow_weakness,3.0
Hirschsprung disease,emotional_symptoms,3.0
Hirschsprung disease,eye_strain,3.0
Hirschsprung disease,feeling_hot_and_cold,3.0
Hirschsprung disease,low_back_weakness,3.0
Hirschsprung disease,nailbiting,3.0
Hirschsprung disease,sharp_abdominal_pain,41.0
Hirschsprung disease,underweight,3.0
Hirschsprung disease,vomiting,41.0
Hirschsprung disease,wrist_weakness,3.0
Hirsutism,abnormal_appearing_skin,23.0
Hirsutism,acne_or_pimples,32.0
Hirsutism,apnea,13.0
Hirsutism,fatigue,23.0
Hirsutism,heavy_menstrual_flow,13.0
Hirsutism,infertility,23.0
Hirsutism,skin_moles,23.0
Hirsutism,too_little_hair,13.0
Hirsutism,unpredictable_menstruation,32.0
Hirsutism,unwanted_hair,82.0
Hirsutism,warts,23.0
Hirsutism,weight_gain,23.0
Histoplasmosis,ache_all_over,47.0
Histoplasmosis,cough,47.0
Histoplasmosis,decreased_appetite,47.0
Histoplasmosis,diminished_vision,47.0
Histoplasmosis,double_vision,47.0
Histoplasmosis,elbow_cramps_or_spasms,4.0
Histoplasmosis,elbow_weakness,4.0
Histoplasmosis,excessive_growth,4.0
Histoplasmosis,eye_redness,47.0
Histoplasmosis,feeling_hot_and_cold,4.0
Histoplasmosis,lacrimation,65.0
Histoplasmosis,low_back_weakness,4.0
Hormone disorder,acne_or_pimples,10.0
Hormone disorder,excessive_growth,35.0
Hormone disorder,frontal_headache,6.0
Hormone disorder,headache,26.0
Hormone disorder,hot_flashes,19.0
Hormone disorder,lack_of_growth,6.0
Hormone disorder,loss_of_sex_drive,10.0
Hormone disorder,lump_or_mass_of_breast,10.0
Hormone disorder,painful_menstruation,10.0
Hormone disorder,symptoms_of_eye,19.0
Hormone disorder,unpredictable_menstruation,19.0
Hormone disorder,weight_gain,26.0
Human immunodeficiency virus infection (HIV),drug_abuse,9.0
Human immunodeficiency virus infection (HIV),fears_and_phobias,2.0
Human immunodeficiency virus infection (HIV),mouth_pain,2.0
Human immunodeficiency virus infection (HIV),nightmares,1.0
Huntington disease,anxiety_and_nervousness,41.0
Huntington disease,back_pain,41.0
Huntington disease,constipation,41.0
Huntington disease,depression,41.0
Huntington disease,drug_abuse,41.0
Huntington disease,elbow_weakness,3.0
Huntington disease,excessive_growth,3.0
Huntington disease,loss_of_sensation,41.0
Huntington disease,low_back_weakness,3.0
Huntington disease,problems_with_movement,41.0
Huntington disease,sharp_abdominal_pain,41.0
Huntington disease,symptoms_of_the_face,41.0
Hydatidiform mole,burning_abdominal_pain,21.0
Hydatidiform mole,diminished_vision,21.0
Hydatidiform mole,dizziness,34.0
Hydatidiform mole,low_back_pain,34.0
Hydatidiform mole,nausea,34.0
Hydatidiform mole,pain_during_pregnancy,52.0
Hydatidiform mole,pelvic_pain,34.0
Hydatidiform mole,problems_during_pregnancy,44.0
Hydatidiform mole,sharp_abdominal_pain,44.0
Hydatidiform mole,side_pain,21.0
Hydatidiform mole,spotting_or_bleeding_during_pregnancy,71.0
Hydatidiform mole,vomiting,34.0
Hydrocele of the testicle,blood_in_urine,11.0
Hydrocele of the testicle,excessive_urination_at_night,11.0
Hydrocele of the testicle,groin_mass,15.0
Hydrocele of the testicle,groin_pain,38.0
Hydrocele of the testicle,impotence,11.0
Hydrocele of the testicle,lower_abdominal_pain,23.0
Hydrocele of the testicle,mass_in_scrotum,29.0
Hydrocele of the testicle,pain_in_testicles,68.0
Hydrocele of the testicle,retention_of_urine,19.0
Hydrocele of the testicle,skin_growth,11.0
Hydrocele of the testicle,swelling_of_scrotum,75.0
Hydrocele of the testicle,symptoms_of_the_scrotum_and_testes,11.0
Hydrocephalus,abnormal_involuntary_movements,14.0
Hydrocephalus,arm_stiffness_or_tightness,10.0
Hydrocephalus,depressive_or_psychotic_symptoms,25.0
Hydrocephalus,difficulty_speaking,14.0
Hydrocephalus,disturbance_of_memory,14.0
Hydrocephalus,focal_weakness,14.0
Hydrocephalus,headache,54.0
Hydrocephalus,lack_of_growth,10.0
Hydrocephalus,paresthesia,14.0
Hydrocephalus,problems_with_movement,22.0
Hydrocephalus,seizures,49.0
Hydrocephalus,vomiting,29.0
Hydronephrosis,back_pain,39.0
Hydronephrosis,blood_in_urine,23.0
Hydronephrosis,lower_abdominal_pain,21.0
Hydronephrosis,lower_body_pain,10.0
Hydronephrosis,nausea,34.0
Hydronephrosis,pain_in_testicles,10.0
Hydronephrosis,sharp_abdominal_pain,56.0
Hydronephrosis,side_pain,67.0
Hydronephrosis,suprapubic_pain,23.0
Hydronephrosis,symptoms_of_bladder,10.0
Hydronephrosis,symptoms_of_the_kidneys,21.0
Hydronephrosis,vomiting,32.0
Hypercalcemia,allergic_reaction,11.0
Hypercalcemia,arm_cramps_or_spasms,11.0
Hypercalcemia,delusions_or_hallucinations,11.0
Hypercalcemia,dizziness,28.0
Hypercalcemia,feeling_ill,11.0
Hypercalcemia,focal_weakness,11.0
Hypercalcemia,hand_or_finger_weakness,11.0
Hypercalcemia,irregular_appearing_nails,11.0
Hypercalcemia,leg_weakness,11.0
Hypercalcemia,loss_of_sensation,20.0
Hypercalcemia,retention_of_urine,11.0
Hypercalcemia,weakness,39.0
Hypercholesterolemia,excessive_urination_at_night,3.0
Hypercholesterolemia,hand_or_finger_stiffness_or_tightness,2.0
Hypercholesterolemia,palpitations,12.0
Hypercholesterolemia,sharp_chest_pain,26.0
Hypercholesterolemia,weight_gain,8.0
Hyperemesis gravidarum,burning_abdominal_pain,33.0
Hyperemesis gravidarum,diarrhea,38.0
Hyperemesis gravidarum,dizziness,26.0
Hyperemesis gravidarum,headache,25.0
Hyperemesis gravidarum,nausea,85.0
Hyperemesis gravidarum,pain_during_pregnancy,46.0
Hyperemesis gravidarum,problems_during_pregnancy,74.0
Hyperemesis gravidarum,sharp_abdominal_pain,66.0
Hyperemesis gravidarum,upper_abdominal_pain,19.0
Hyperemesis gravidarum,vomiting,93.0
Hyperemesis gravidarum,vomiting_blood,19.0
Hyperemesis gravidarum,weakness,23.0
Hypergammaglobulinemia,blood_in_stool,8.0
Hypergammaglobulinemia,fatigue,41.0
Hypergammaglobulinemia,hip_stiffness_or_tightness,8.0
Hypergammaglobulinemia,knee_stiffness_or_tightness,8.0
Hyperhidrosis,acne_or_pimples,50.0
Hyperhidrosis,cough,25.0
Hyperhidrosis,cramps_and_spasms,25.0
Hyperhidrosis,diminished_vision,25.0
Hyperhidrosis,fever,40.0
Hyperhidrosis,headache,25.0
Hyperhidrosis,redness_in_ear,25.0
Hyperhidrosis,sharp_abdominal_pain,25.0
Hyperhidrosis,skin_rash,25.0
Hyperhidrosis,sweating,88.0
Hyperhidrosis,vomiting,25.0
Hyperhidrosis,warts,58.0
Hyperkalemia,decreased_appetite,12.0
Hyperkalemia,decreased_heart_rate,12.0
Hyperkalemia,depressive_or_psychotic_symptoms,24.0
Hyperkalemia,difficulty_in_swallowing,8.0
Hyperkalemia,dizziness,36.0
Hyperkalemia,feeling_ill,15.0
Hyperkalemia,nausea,45.0
Hyperkalemia,sharp_abdominal_pain,24.0
Hyperkalemia,sharp_chest_pain,32.0
Hyperkalemia,shortness_of_breath,52.0
Hyperkalemia,vomiting,40.0
Hyperkalemia,weakness,49.0
Hyperlipidemia,leg_cramps_or_spasms,2.0
Hyperlipidemia,lymphedema,2.0
Hyperlipidemia,sharp_chest_pain,25.0
Hyperlipidemia,smoking_problems,2.0
Hyperlipidemia,weight_gain,10.0
Hypernatremia,ache_all_over,35.0
Hypernatremia,apnea,21.0
Hypernatremia,depressive_or_psychotic_symptoms,35.0
Hypernatremia,difficulty_breathing,53.0
Hypernatremia,fainting,21.0
Hypernatremia,fever,45.0
Hypernatremia,fluid_retention,45.0
Hypernatremia,heavy_menstrual_flow,21.0
Hypernatremia,problems_with_movement,21.0
Hypernatremia,shortness_of_breath,35.0
Hypernatremia,vomiting,35.0
Hypernatremia,weakness,64.0
Hyperopia,abnormal_movement_of_eyelid,24.0
Hyperopia,blindness,5.0
Hyperopia,difficulty_speaking,5.0
Hyperopia,diminished_vision,70.0
Hyperopia,eye_deviation,21.0
Hyperopia,eye_moves_abnormally,5.0
Hyperopia,eye_redness,14.0
Hyperopia,itchiness_of_eye,21.0
Hyperopia,neck_cramps_or_spasms,5.0
Hyperopia,pain_in_eye,21.0
Hyperopia,spots_or_clouds_in_vision,17.0
Hyperopia,symptoms_of_eye,24.0
Hyperosmotic hyperketotic state,burning_chest_pain,32.0
Hyperosmotic hyperketotic state,cough,32.0
Hyperosmotic hyperketotic state,diminished_vision,32.0
Hyperosmotic hyperketotic state,fainting,32.0
Hyperosmotic hyperketotic state,frequent_urination,49.0
Hyperosmotic hyperketotic state,mouth_dryness,32.0
Hyperosmotic hyperketotic state,mouth_ulcer,32.0
Hyperosmotic hyperketotic state,neck_pain,32.0
Hyperosmotic hyperketotic state,pain_during_intercourse,32.0
Hyperosmotic hyperketotic state,sharp_abdominal_pain,32.0
Hyperosmotic hyperketotic state,thirst,60.0
Hyperosmotic hyperketotic state,weakness,60.0
Hypertension of pregnancy,absence_of_menstruation,5.0
Hypertension of pregnancy,cramps_and_spasms,5.0
Hypertension of pregnancy,headache,25.0
Hypertension of pregnancy,heartburn,5.0
Hypertension of pregnancy,pain_during_pregnancy,22.0
Hypertension of pregnancy,painful_sinuses,5.0
Hypertension of pregnancy,pelvic_pressure,5.0
Hypertension of pregnancy,problems_during_pregnancy,30.0
Hypertension of pregnancy,spotting_or_bleeding_during_pregnancy,9.0
Hypertension of pregnancy,unusual_color_or_odor_to_urine,5.0
Hypertension of pregnancy,uterine_contractions,12.0
Hypertensive heart disease,chest_tightness,23.0
Hypertensive heart disease,difficulty_breathing,42.0
Hypertensive heart disease,fatigue,26.0
Hypertensive heart disease,fluid_retention,8.0
Hypertensive heart disease,heartburn,11.0
Hypertensive heart disease,insomnia,15.0
Hypertensive heart disease,leg_swelling,8.0
Hypertensive heart disease,palpitations,48.0
Hypertensive heart disease,recent_pregnancy,4.0
Hypertensive heart disease,sharp_chest_pain,44.0
Hypertensive heart disease,shortness_of_breath,45.0
Hypertensive heart disease,weakness,28.0
Hypertrophic obstructive cardiomyopathy (HOCM),anxiety_and_nervousness,36.0
Hypertrophic obstructive cardiomyopathy (HOCM),chest_tightness,36.0
Hypertrophic obstructive cardiomyopathy (HOCM),cough,36.0
Hypertrophic obstructive cardiomyopathy (HOCM),difficulty_breathing,36.0
Hypertrophic obstructive cardiomyopathy (HOCM),elbow_cramps_or_spasms,2.0
Hypertrophic obstructive cardiomyopathy (HOCM),elbow_weakness,2.0
Hypertrophic obstructive cardiomyopathy (HOCM),emotional_symptoms,2.0
Hypertrophic obstructive cardiomyopathy (HOCM),joint_pain,36.0
Hypertrophic obstructive cardiomyopathy (HOCM),leg_swelling,36.0
Hypertrophic obstructive cardiomyopathy (HOCM),muscle_swelling,2.0
Hypertrophic obstructive cardiomyopathy (HOCM),nailbiting,2.0
Hypertrophic obstructive cardiomyopathy (HOCM),sharp_chest_pain,64.0
Hypocalcemia,abnormal_involuntary_movements,27.0
Hypocalcemia,constipation,36.0
Hypocalcemia,diarrhea,27.0
Hypocalcemia,leg_weakness,16.0
Hypocalcemia,loss_of_sensation,43.0
Hypocalcemia,nausea,27.0
Hypocalcemia,paresthesia,43.0
Hypocalcemia,seizures,43.0
Hypocalcemia,sharp_abdominal_pain,49.0
Hypocalcemia,sharp_chest_pain,43.0
Hypocalcemia,shortness_of_breath,49.0
Hypocalcemia,weakness,43.0
Hypoglycemia,abnormal_involuntary_movements,17.0
Hypoglycemia,decreased_appetite,14.0
Hypoglycemia,depressive_or_psychotic_symptoms,49.0
Hypoglycemia,dizziness,39.0
Hypoglycemia,fainting,27.0
Hypoglycemia,feeling_ill,13.0
Hypoglycemia,nausea,25.0
Hypoglycemia,problems_with_movement,9.0
Hypoglycemia,seizures,21.0
Hypoglycemia,sleepiness,10.0
Hypoglycemia,sweating,11.0
Hypoglycemia,weakness,45.0
Hypokalemia,diarrhea,45.0
Hypokalemia,dizziness,47.0
Hypokalemia,fainting,32.0
Hypokalemia,fever,31.0
Hypokalemia,headache,27.0
Hypokalemia,loss_of_sensation,21.0
Hypokalemia,nausea,58.0
Hypokalemia,sharp_abdominal_pain,53.0
Hypokalemia,sharp_chest_pain,47.0
Hypokalemia,shortness_of_breath,33.0
Hypokalemia,vomiting,62.0
Hypokalemia,weakness,47.0
Hyponatremia,back_pain,28.0
Hyponatremia,dizziness,44.0
Hyponatremia,fainting,25.0
Hyponatremia,fever,28.0
Hyponatremia,headache,33.0
Hyponatremia,nausea,48.0
Hyponatremia,seizures,23.0
Hyponatremia,sharp_abdominal_pain,38.0
Hyponatremia,sharp_chest_pain,33.0
Hyponatremia,shortness_of_breath,44.0
Hyponatremia,vomiting,53.0
Hyponatremia,weakness,55.0
Hypospadias,jaundice,17.0
Hypospadias,penis_pain,17.0
Hypospadias,recent_weight_loss,17.0
Hypospadias,retention_of_urine,29.0
Hypospadias,skin_growth,17.0
Hypospadias,suprapubic_pain,17.0
Hypospadias,symptoms_of_the_scrotum_and_testes,17.0
Hypospadias,unusual_color_or_odor_to_urine,17.0
Hypothermia,depressive_or_psychotic_symptoms,73.0
Hypothermia,elbow_weakness,3.0
Hypothermia,emotional_symptoms,3.0
Hypothermia,fainting,45.0
Hypothermia,feeling_hot_and_cold,3.0
Hypothermia,leg_stiffness_or_tightness,45.0
Hypothermia,leg_swelling,45.0
Hypothermia,loss_of_sensation,45.0
Hypothermia,skin_rash,45.0
Hypothermia,vomiting,45.0
Hypothermia,weakness,63.0
Hypothermia,wrist_weakness,3.0
Hypothyroidism,absence_of_menstruation,1.0
Hypothyroidism,fatigue,30.0
Hypothyroidism,feeling_cold,1.0
Hypothyroidism,hot_flashes,2.0
Hypothyroidism,leg_cramps_or_spasms,2.0
Hypothyroidism,muscle_pain,3.0
Hypothyroidism,poor_circulation,1.0
Hypothyroidism,thirst,1.0
Hypothyroidism,too_little_hair,4.0
Hypothyroidism,weight_gain,12.0
Hypothyroidism,wrist_swelling,1.0
Hypovolemia,decreased_appetite,25.0
Hypovolemia,diarrhea,69.0
Hypovolemia,dizziness,51.0
Hypovolemia,fainting,33.0
Hypovolemia,feeling_ill,17.0
Hypovolemia,fever,52.0
Hypovolemia,fluid_retention,33.0
Hypovolemia,headache,33.0
Hypovolemia,nausea,67.0
Hypovolemia,sharp_abdominal_pain,47.0
Hypovolemia,vomiting,83.0
Hypovolemia,weakness,51.0
Idiopathic absence of menstruation,absence_of_menstruation,78.0
Idiopathic absence of menstruation,heartburn,6.0
Idiopathic absence of menstruation,long_menstrual_periods,18.0
Idiopathic absence of menstruation,lower_abdominal_pain,16.0
Idiopathic absence of menstruation,nausea,24.0
Idiopathic absence of menstruation,pain_or_soreness_of_breast,11.0
Idiopathic absence of menstruation,pelvic_pain,20.0
Idiopathic absence of menstruation,sharp_abdominal_pain,36.0
Idiopathic absence of menstruation,unpredictable_menstruation,36.0
Idiopathic absence of menstruation,vaginal_discharge,16.0
Idiopathic absence of menstruation,vaginal_itching,9.0
Idiopathic absence of menstruation,weight_gain,9.0
Idiopathic excessive menstruation,blood_clots_during_menstrual_periods,16.0
Idiopathic excessive menstruation,cramps_and_spasms,12.0
Idiopathic excessive menstruation,frequent_menstruation,13.0
Idiopathic excessive menstruation,heavy_menstrual_flow,77.0
Idiopathic excessive menstruation,intermenstrual_bleeding,17.0
Idiopathic excessive menstruation,involuntary_urination,8.0
Idiopathic excessive menstruation,long_menstrual_periods,23.0
Idiopathic excessive menstruation,painful_menstruation,28.0
Idiopathic excessive menstruation,pelvic_pain,30.0
Idiopathic excessive menstruation,sharp_abdominal_pain,30.0
Idiopathic excessive menstruation,unpredictable_menstruation,33.0
Idiopathic excessive menstruation,vaginal_discharge,9.0
Idiopathic infrequent menstruation,absence_of_menstruation,28.0
Idiopathic infrequent menstruation,frequent_urination,16.0
Idiopathic infrequent menstruation,infertility,28.0
Idiopathic infrequent menstruation,infrequent_menstruation,28.0
Idiopathic infrequent menstruation,nausea,28.0
Idiopathic infrequent menstruation,pain_or_soreness_of_breast,16.0
Idiopathic infrequent menstruation,painful_menstruation,37.0
Idiopathic infrequent menstruation,retention_of_urine,16.0
Idiopathic infrequent menstruation,scanty_menstrual_flow,37.0
Idiopathic infrequent menstruation,sharp_abdominal_pain,37.0
Idiopathic infrequent menstruation,unpredictable_menstruation,69.0
Idiopathic infrequent menstruation,vaginal_discharge,37.0
Idiopathic irregular menstrual cycle,blood_clots_during_menstrual_periods,10.0
Idiopathic irregular menstrual cycle,cramps_and_spasms,10.0
Idiopathic irregular menstrual cycle,frequent_menstruation,9.0
Idiopathic irregular menstrual cycle,heavy_menstrual_flow,31.0
Idiopathic irregular menstrual cycle,infertility,8.0
Idiopathic irregular menstrual cycle,intermenstrual_bleeding,16.0
Idiopathic irregular menstrual cycle,long_menstrual_periods,26.0
Idiopathic irregular menstrual cycle,lower_abdominal_pain,22.0
Idiopathic irregular menstrual cycle,painful_menstruation,15.0
Idiopathic irregular menstrual cycle,pelvic_pain,23.0
Idiopathic irregular menstrual cycle,sharp_abdominal_pain,42.0
Idiopathic irregular menstrual cycle,unpredictable_menstruation,67.0
Idiopathic nonmenstrual bleeding,blood_clots_during_menstrual_periods,17.0
Idiopathic nonmenstrual bleeding,frequent_menstruation,17.0
Idiopathic nonmenstrual bleeding,heavy_menstrual_flow,34.0
Idiopathic nonmenstrual bleeding,intermenstrual_bleeding,63.0
Idiopathic nonmenstrual bleeding,long_menstrual_periods,39.0
Idiopathic nonmenstrual bleeding,painful_menstruation,24.0
Idiopathic nonmenstrual bleeding,painful_urination,17.0
Idiopathic nonmenstrual bleeding,pelvic_pain,34.0
Idiopathic nonmenstrual bleeding,sharp_abdominal_pain,34.0
Idiopathic nonmenstrual bleeding,sweating,17.0
Idiopathic nonmenstrual bleeding,unpredictable_menstruation,43.0
Idiopathic nonmenstrual bleeding,vaginal_discharge,24.0
Idiopathic painful menstruation,absence_of_menstruation,9.0
Idiopathic painful menstruation,blood_clots_during_menstrual_periods,13.0
Idiopathic painful menstruation,cramps_and_spasms,29.0
Idiopathic painful menstruation,heavy_menstrual_flow,40.0
Idiopathic painful menstruation,long_menstrual_periods,21.0
Idiopathic painful menstruation,lower_abdominal_pain,33.0
Idiopathic painful menstruation,painful_menstruation,69.0
Idiopathic painful menstruation,pelvic_pain,44.0
Idiopathic painful menstruation,sharp_abdominal_pain,64.0
Idiopathic painful menstruation,unpredictable_menstruation,17.0
Idiopathic painful menstruation,vaginal_discharge,9.0
Idiopathic painful menstruation,vaginal_itching,8.0
Ileus,burning_abdominal_pain,33.0
Ileus,constipation,57.0
Ileus,diarrhea,64.0
Ileus,headache,27.0
Ileus,lower_abdominal_pain,20.0
Ileus,nausea,70.0
Ileus,pain_of_the_anus,11.0
Ileus,sharp_abdominal_pain,88.0
Ileus,side_pain,20.0
Ileus,stomach_bloating,27.0
Ileus,upper_abdominal_pain,20.0
Ileus,vomiting,77.0
Impetigo,abnormal_appearing_skin,37.0
Impetigo,cough,36.0
Impetigo,fever,40.0
Impetigo,itching_of_skin,27.0
Impetigo,mouth_ulcer,15.0
Impetigo,nasal_congestion,25.0
Impetigo,peripheral_edema,15.0
Impetigo,skin_lesion,53.0
Impetigo,skin_on_head_or_neck_looks_infected,19.0
Impetigo,skin_rash,86.0
Impetigo,skin_swelling,19.0
Impetigo,sore_in_nose,13.0
Impulse control disorder,antisocial_behavior,4.0
Impulse control disorder,anxiety_and_nervousness,44.0
Impulse control disorder,delusions_or_hallucinations,7.0
Impulse control disorder,depression,38.0
Impulse control disorder,depressive_or_psychotic_symptoms,55.0
Impulse control disorder,excessive_anger,35.0
Impulse control disorder,excessive_appetite,4.0
Impulse control disorder,hostile_behavior,44.0
Impulse control disorder,insomnia,13.0
Impulse control disorder,long_menstrual_periods,4.0
Impulse control disorder,obsessions_and_compulsions,7.0
Impulse control disorder,temper_problems,27.0
Indigestion,burning_abdominal_pain,63.0
Indigestion,constipation,16.0
Indigestion,decreased_appetite,12.0
Indigestion,diarrhea,29.0
Indigestion,heartburn,47.0
Indigestion,nausea,55.0
Indigestion,regurgitation,16.0
Indigestion,sharp_abdominal_pain,74.0
Indigestion,sharp_chest_pain,42.0
Indigestion,stomach_bloating,16.0
Indigestion,upper_abdominal_pain,47.0
Indigestion,vomiting,45.0
Induced abortion,absence_of_menstruation,7.0
Induced abortion,blood_clots_during_menstrual_periods,7.0
Induced abortion,cramps_and_spasms,38.0
Induced abortion,groin_pain,7.0
Induced abortion,intermenstrual_bleeding,27.0
Induced abortion,lower_abdominal_pain,31.0
Induced abortion,pain_during_pregnancy,54.0
Induced abortion,pelvic_pain,27.0
Induced abortion,problems_during_pregnancy,27.0
Induced abortion,sharp_abdominal_pain,59.0
Induced abortion,spotting_or_bleeding_during_pregnancy,67.0
Induced abortion,vaginal_discharge,13.0
Infection of open wound,abnormal_appearing_skin,46.0
Infection of open wound,chills,22.0
Infection of open wound,decreased_appetite,12.0
Infection of open wound,fever,29.0
Infection of open wound,fluid_retention,12.0
Infection of open wound,hand_or_finger_swelling,22.0
Infection of open wound,insomnia,12.0
Infection of open wound,leg_pain,29.0
Infection of open wound,leg_swelling,22.0
Infection of open wound,skin_lesion,22.0
Infection of open wound,skin_on_arm_or_hand_looks_infected,22.0
Infection of open wound,skin_swelling,12.0
Infectious gastroenteritis,blood_in_stool,21.0
Infectious gastroenteritis,burning_abdominal_pain,38.0
Infectious gastroenteritis,chills,13.0
Infectious gastroenteritis,decreased_appetite,16.0
Infectious gastroenteritis,diarrhea,89.0
Infectious gastroenteritis,fever,62.0
Infectious gastroenteritis,flu_like_syndrome,11.0
Infectious gastroenteritis,fluid_retention,12.0
Infectious gastroenteritis,headache,24.0
Infectious gastroenteritis,nausea,72.0
Infectious gastroenteritis,sharp_abdominal_pain,68.0
Infectious gastroenteritis,vomiting,91.0
Ingrown toe nail,abnormal_appearing_skin,26.0
Ingrown toe nail,foot_or_toe_pain,73.0
Ingrown toe nail,foot_or_toe_swelling,32.0
Ingrown toe nail,irregular_appearing_nails,87.0
Ingrown toe nail,itchy_scalp,3.0
Ingrown toe nail,neck_swelling,3.0
Ingrown toe nail,skin_dryness_peeling_scaliness_or_roughness,12.0
Ingrown toe nail,skin_growth,10.0
Ingrown toe nail,skin_irritation,3.0
Ingrown toe nail,skin_on_arm_or_hand_looks_infected,7.0
Ingrown toe nail,skin_on_leg_or_foot_looks_infected,46.0
Ingrown toe nail,swollen_eye,5.0
Inguinal hernia,ache_all_over,32.0
Inguinal hernia,groin_mass,37.0
Inguinal hernia,groin_pain,57.0
Inguinal hernia,lower_abdominal_pain,33.0
Inguinal hernia,mass_in_scrotum,3.0
Inguinal hernia,pain_in_testicles,14.0
Inguinal hernia,penis_redness,1.0
Inguinal hernia,sharp_abdominal_pain,36.0
Inguinal hernia,swelling_of_scrotum,16.0
Inguinal hernia,swollen_abdomen,24.0
Inguinal hernia,symptoms_of_the_scrotum_and_testes,1.0
Injury of the ankle,ankle_pain,88.0
Injury of the ankle,ankle_stiffness_or_tightness,2.0
Injury of the ankle,ankle_swelling,40.0
Injury of the ankle,foot_or_toe_lump_or_mass,2.0
Injury of the ankle,foot_or_toe_pain,71.0
Injury of the ankle,foot_or_toe_swelling,22.0
Injury of the ankle,foot_or_toe_weakness,4.0
Injury of the ankle,joint_pain,7.0
Injury of the ankle,leg_cramps_or_spasms,2.0
Injury of the ankle,leg_pain,37.0
Injury of the ankle,wrist_swelling,2.0
Injury to internal organ,ache_all_over,26.0
Injury to internal organ,back_pain,26.0
Injury to internal organ,blood_in_urine,22.0
Injury to internal organ,frequent_urination,12.0
Injury to internal organ,hurts_to_breath,12.0
Injury to internal organ,lymphedema,12.0
Injury to internal organ,pain_of_the_anus,12.0
Injury to internal organ,retention_of_urine,22.0
Injury to internal organ,rib_pain,30.0
Injury to internal organ,sharp_abdominal_pain,42.0
Injury to internal organ,sharp_chest_pain,30.0
Injury to internal organ,side_pain,33.0
Injury to the abdomen,back_pain,45.0
Injury to the abdomen,blood_in_urine,21.0
Injury to the abdomen,burning_abdominal_pain,45.0
Injury to the abdomen,leg_pain,35.0
Injury to the abdomen,lower_abdominal_pain,35.0
Injury to the abdomen,neck_pain,35.0
Injury to the abdomen,pain_during_pregnancy,35.0
Injury to the abdomen,problems_during_pregnancy,21.0
Injury to the abdomen,sharp_abdominal_pain,68.0
Injury to the abdomen,sharp_chest_pain,59.0
Injury to the abdomen,side_pain,35.0
Injury to the abdomen,upper_abdominal_pain,45.0
Injury to the arm,arm_pain,54.0
Injury to the arm,arm_stiffness_or_tightness,6.0
Injury to the arm,arm_swelling,7.0
Injury to the arm,bones_are_painful,4.0
Injury to the arm,elbow_pain,69.0
Injury to the arm,elbow_swelling,10.0
Injury to the arm,hand_or_finger_pain,38.0
Injury to the arm,hand_or_finger_swelling,14.0
Injury to the arm,joint_pain,11.0
Injury to the arm,loss_of_sensation,21.0
Injury to the arm,wrist_pain,80.0
Injury to the arm,wrist_swelling,19.0
Injury to the face,bleeding_from_ear,21.0
Injury to the face,bleeding_in_mouth,9.0
Injury to the face,diminished_hearing,7.0
Injury to the face,ear_pain,24.0
Injury to the face,facial_pain,41.0
Injury to the face,headache,46.0
Injury to the face,mouth_pain,11.0
Injury to the face,neck_pain,53.0
Injury to the face,neck_stiffness_or_tightness,9.0
Injury to the face,nosebleed,15.0
Injury to the face,redness_in_or_around_nose,7.0
Injury to the face,swollen_eye,7.0
Injury to the finger,hand_or_finger_lump_or_mass,3.0
Injury to the finger,hand_or_finger_pain,66.0
Injury to the finger,hand_or_finger_stiffness_or_tightness,8.0
Injury to the finger,hand_or_finger_swelling,35.0
Injury to the finger,hand_or_finger_weakness,3.0
Injury to the finger,swelling_of_scrotum,3.0
Injury to the hand,focal_weakness,4.0
Injury to the hand,hand_or_finger_lump_or_mass,4.0
Injury to the hand,hand_or_finger_pain,82.0
Injury to the hand,hand_or_finger_stiffness_or_tightness,27.0
Injury to the hand,hand_or_finger_swelling,47.0
Injury to the hand,joint_pain,15.0
Injury to the hand,muscle_stiffness_or_tightness,4.0
Injury to the hand,pallor,4.0
Injury to the hand,skin_growth,12.0
Injury to the hand,symptoms_of_the_face,4.0
Injury to the hand,wrist_pain,34.0
Injury to the hand,wrist_swelling,4.0
Injury to the hip,groin_pain,28.0
Injury to the hip,hand_or_finger_swelling,17.0
Injury to the hip,hip_pain,84.0
Injury to the hip,leg_pain,45.0
Injury to the hip,leg_swelling,17.0
Injury to the hip,lower_body_pain,17.0
Injury to the hip,neck_pain,28.0
Injury to the hip,peripheral_edema,17.0
Injury to the hip,problems_with_movement,17.0
Injury to the knee,foot_or_toe_swelling,6.0
Injury to the knee,heartburn,6.0
Injury to the knee,knee_pain,94.0
Injury to the knee,knee_stiffness_or_tightness,11.0
Injury to the knee,knee_swelling,30.0
Injury to the knee,knee_weakness,11.0
Injury to the knee,leg_pain,30.0
Injury to the knee,leg_swelling,11.0
Injury to the knee,problems_with_movement,19.0
Injury to the knee,smoking_problems,6.0
Injury to the leg,ankle_pain,46.0
Injury to the leg,ankle_swelling,13.0
Injury to the leg,foot_or_toe_pain,54.0
Injury to the leg,foot_or_toe_swelling,21.0
Injury to the leg,infant_feeding_problem,1.0
Injury to the leg,irregular_appearing_nails,3.0
Injury to the leg,knee_pain,71.0
Injury to the leg,knee_stiffness_or_tightness,4.0
Injury to the leg,knee_swelling,23.0
Injury to the leg,leg_pain,38.0
Injury to the leg,leg_swelling,11.0
Injury to the leg,problems_with_movement,12.0
Injury to the shoulder,arm_pain,50.0
Injury to the shoulder,arm_stiffness_or_tightness,6.0
Injury to the shoulder,arm_weakness,2.0
Injury to the shoulder,back_pain,28.0
Injury to the shoulder,bones_are_painful,4.0
Injury to the shoulder,elbow_pain,9.0
Injury to the shoulder,lower_body_pain,8.0
Injury to the shoulder,muscle_cramps_contractures_or_spasms,2.0
Injury to the shoulder,neck_pain,39.0
Injury to the shoulder,shoulder_pain,94.0
Injury to the shoulder,shoulder_stiffness_or_tightness,8.0
Injury to the shoulder,shoulder_swelling,4.0
Injury to the spinal cord,arm_pain,22.0
Injury to the spinal cord,arm_weakness,22.0
Injury to the spinal cord,back_pain,47.0
Injury to the spinal cord,drainage_in_throat,22.0
Injury to the spinal cord,foot_or_toe_weakness,22.0
Injury to the spinal cord,headache,36.0
Injury to the spinal cord,neck_cramps_or_spasms,47.0
Injury to the spinal cord,neck_pain,60.0
Injury to the spinal cord,retention_of_urine,22.0
Injury to the spinal cord,shoulder_pain,36.0
Injury to the spinal cord,side_pain,22.0
Injury to the spinal cord,throat_irritation,22.0
Injury to the trunk,back_pain,72.0
Injury to the trunk,bones_are_painful,18.0
Injury to the trunk,headache,28.0
Injury to the trunk,low_back_pain,50.0
Injury to the trunk,lower_body_pain,20.0
Injury to the trunk,neck_pain,49.0
Injury to the trunk,rib_pain,59.0
Injury to the trunk,sharp_chest_pain,53.0
Injury to the trunk,shoulder_pain,30.0
Injury to the trunk,sinus_congestion,4.0
Injury to the trunk,symptoms_of_the_scrotum_and_testes,4.0
Injury to the trunk,wrist_pain,14.0
Insect bite,abnormal_appearing_skin,47.0
Insect bite,arm_swelling,17.0
Insect bite,fluid_retention,6.0
Insect bite,hand_or_finger_swelling,17.0
Insect bite,itching_of_skin,46.0
Insect bite,leg_swelling,13.0
Insect bite,lip_swelling,5.0
Insect bite,peripheral_edema,19.0
Insect bite,skin_lesion,26.0
Insect bite,skin_rash,71.0
Insect bite,skin_swelling,31.0
Insect bite,swollen_eye,13.0
Insulin overdose,depressive_or_psychotic_symptoms,40.0
Insulin overdose,diarrhea,40.0
Insulin overdose,elbow_cramps_or_spasms,3.0
Insulin overdose,elbow_weakness,3.0
Insulin overdose,emotional_symptoms,3.0
Insulin overdose,excessive_growth,3.0
Insulin overdose,feeling_hot_and_cold,3.0
Insulin overdose,low_back_weakness,3.0
Insulin overdose,nailbiting,3.0
Insulin overdose,underweight,3.0
Insulin overdose,weakness,40.0
Insulin overdose,wrist_weakness,3.0
Interstitial lung disease,abnormal_breathing_sounds,31.0
Interstitial lung disease,coryza,44.0
Interstitial lung disease,cough,86.0
Interstitial lung disease,difficulty_breathing,38.0
Interstitial lung disease,ear_pain,26.0
Interstitial lung disease,fever,73.0
Interstitial lung disease,headache,29.0
Interstitial lung disease,nasal_congestion,67.0
Interstitial lung disease,shortness_of_breath,38.0
Interstitial lung disease,sleepiness,36.0
Interstitial lung disease,sore_throat,44.0
Interstitial lung disease,wheezing,26.0
Intertrigo (skin condition),abnormal_appearing_skin,47.0
Intertrigo (skin condition),acne_or_pimples,20.0
Intertrigo (skin condition),foot_or_toe_swelling,20.0
Intertrigo (skin condition),itching_of_skin,27.0
Intertrigo (skin condition),neck_pain,27.0
Intertrigo (skin condition),skin_dryness_peeling_scaliness_or_roughness,38.0
Intertrigo (skin condition),skin_growth,20.0
Intertrigo (skin condition),skin_irritation,27.0
Intertrigo (skin condition),skin_lesion,27.0
Intertrigo (skin condition),skin_moles,20.0
Intertrigo (skin condition),skin_rash,87.0
Intertrigo (skin condition),skin_swelling,33.0
Intestinal cancer,changes_in_stool_appearance,20.0
Intestinal cancer,decreased_appetite,11.0
Intestinal cancer,diarrhea,39.0
Intestinal cancer,foot_or_toe_swelling,20.0
Intestinal cancer,jaundice,11.0
Intestinal cancer,lump_or_mass_of_breast,11.0
Intestinal cancer,mouth_pain,11.0
Intestinal cancer,neck_mass,28.0
Intestinal cancer,pain_in_testicles,11.0
Intestinal cancer,regurgitation,28.0
Intestinal cancer,sharp_abdominal_pain,48.0
Intestinal cancer,throat_feels_tight,11.0
Intestinal disease,burning_abdominal_pain,31.0
Intestinal disease,constipation,31.0
Intestinal disease,diarrhea,45.0
Intestinal disease,fainting,22.0
Intestinal disease,nausea,28.0
Intestinal disease,rectal_bleeding,34.0
Intestinal disease,regurgitation,34.0
Intestinal disease,sharp_abdominal_pain,77.0
Intestinal disease,sharp_chest_pain,25.0
Intestinal disease,upper_abdominal_pain,28.0
Intestinal disease,vomiting,47.0
Intestinal disease,weakness,22.0
Intestinal malabsorption,allergic_reaction,38.0
Intestinal malabsorption,constipation,33.0
Intestinal malabsorption,cough,33.0
Intestinal malabsorption,diarrhea,64.0
Intestinal malabsorption,feeling_ill,20.0
Intestinal malabsorption,flatulence,20.0
Intestinal malabsorption,infant_feeding_problem,33.0
Intestinal malabsorption,infant_spitting_up,20.0
Intestinal malabsorption,irritable_infant,33.0
Intestinal malabsorption,nasal_congestion,27.0
Intestinal malabsorption,sharp_abdominal_pain,43.0
Intestinal malabsorption,vomiting,51.0
Intestinal obstruction,burning_abdominal_pain,43.0
Intestinal obstruction,constipation,90.0
Intestinal obstruction,diarrhea,52.0
Intestinal obstruction,incontinence_of_stool,9.0
Intestinal obstruction,nausea,52.0
Intestinal obstruction,pain_of_the_anus,34.0
Intestinal obstruction,retention_of_urine,46.0
Intestinal obstruction,sharp_abdominal_pain,80.0
Intestinal obstruction,stomach_bloating,17.0
Intestinal obstruction,vaginal_itching,9.0
Intestinal obstruction,vomiting,49.0
Intestinal obstruction,vomiting_blood,9.0
Intracerebral hemorrhage,blindness,9.0
Intracerebral hemorrhage,depressive_or_psychotic_symptoms,32.0
Intracerebral hemorrhage,diminished_vision,16.0
Intracerebral hemorrhage,dizziness,57.0
Intracerebral hemorrhage,focal_weakness,50.0
Intracerebral hemorrhage,headache,63.0
Intracerebral hemorrhage,nausea,44.0
Intracerebral hemorrhage,problems_with_movement,16.0
Intracerebral hemorrhage,seizures,28.0
Intracerebral hemorrhage,slurring_words,16.0
Intracerebral hemorrhage,vomiting,37.0
Intracerebral hemorrhage,weakness,53.0
Intracranial abscess,back_pain,58.0
Intracranial abscess,depressive_or_psychotic_symptoms,40.0
Intracranial abscess,fatigue,40.0
Intracranial abscess,fever,58.0
Intracranial abscess,headache,58.0
Intracranial abscess,leg_pain,40.0
Intracranial abscess,low_back_pain,58.0
Intracranial abscess,neck_pain,40.0
Intracranial abscess,seizures,68.0
Intracranial abscess,sharp_chest_pain,40.0
Intracranial abscess,slurring_words,40.0
Intracranial abscess,weakness,40.0
Intracranial hemorrhage,abnormal_involuntary_movements,19.0
Intracranial hemorrhage,depressive_or_psychotic_symptoms,32.0
Intracranial hemorrhage,difficulty_speaking,12.0
Intracranial hemorrhage,diminished_vision,16.0
Intracranial hemorrhage,disturbance_of_memory,32.0
Intracranial hemorrhage,dizziness,30.0
Intracranial hemorrhage,headache,63.0
Intracranial hemorrhage,joint_pain,19.0
Intracranial hemorrhage,problems_with_movement,32.0
Intracranial hemorrhage,seizures,27.0
Intracranial hemorrhage,vomiting,25.0
Intracranial hemorrhage,weakness,25.0
Intussusception,blood_in_stool,51.0
Intussusception,constipation,51.0
Intussusception,cross_eyed,4.0
Intussusception,diarrhea,51.0
Intussusception,emotional_symptoms,4.0
Intussusception,excessive_growth,4.0
Intussusception,itchy_eyelid,4.0
Intussusception,nausea,51.0
Intussusception,regurgitation,51.0
Intussusception,sharp_abdominal_pain,85.0
Intussusception,upper_abdominal_pain,51.0
Intussusception,vomiting,51.0
Iridocyclitis,cloudy_eye,4.0
Iridocyclitis,diminished_vision,67.0
Iridocyclitis,eye_burns_or_stings,8.0
Iridocyclitis,eye_redness,63.0
Iridocyclitis,foreign_body_sensation_in_eye,15.0
Iridocyclitis,headache,27.0
Iridocyclitis,itchiness_of_eye,15.0
Iridocyclitis,lacrimation,21.0
Iridocyclitis,pain_in_eye,76.0
Iridocyclitis,spots_or_clouds_in_vision,27.0
Iridocyclitis,swollen_eye,21.0
Iridocyclitis,symptoms_of_eye,24.0
Iron deficiency anemia,absence_of_menstruation,3.0
Iron deficiency anemia,blood_in_stool,9.0
Iron deficiency anemia,dizziness,25.0
Iron deficiency anemia,fatigue,39.0
Iron deficiency anemia,heartburn,6.0
Iron deficiency anemia,heavy_menstrual_flow,15.0
Iron deficiency anemia,intermenstrual_bleeding,3.0
Iron deficiency anemia,melena,6.0
Iron deficiency anemia,rectal_bleeding,13.0
Iron deficiency anemia,regurgitation,5.0
Iron deficiency anemia,weakness,28.0
Iron deficiency anemia,weight_gain,8.0
Irritable bowel syndrome,anxiety_and_nervousness,28.0
Irritable bowel syndrome,burning_abdominal_pain,38.0
Irritable bowel syndrome,constipation,32.0
Irritable bowel syndrome,diarrhea,63.0
Irritable bowel syndrome,flatulence,13.0
Irritable bowel syndrome,insomnia,15.0
Irritable bowel syndrome,lower_abdominal_pain,24.0
Irritable bowel syndrome,nausea,32.0
Irritable bowel syndrome,rectal_bleeding,13.0
Irritable bowel syndrome,regurgitation,15.0
Irritable bowel syndrome,sharp_abdominal_pain,73.0
Irritable bowel syndrome,upper_abdominal_pain,20.0
Ischemia of the bowel,blood_in_stool,43.0
Ischemia of the bowel,burning_abdominal_pain,27.0
Ischemia of the bowel,chills,16.0
Ischemia of the bowel,constipation,36.0
Ischemia of the bowel,diarrhea,62.0
Ischemia of the bowel,lower_abdominal_pain,43.0
Ischemia of the bowel,melena,27.0
Ischemia of the bowel,nausea,49.0
Ischemia of the bowel,rectal_bleeding,49.0
Ischemia of the bowel,retention_of_urine,16.0
Ischemia of the bowel,sharp_abdominal_pain,84.0
Ischemia of the bowel,vomiting,62.0
Ischemic heart disease,chest_tightness,26.0
Ischemic heart disease,difficulty_breathing,32.0
Ischemic heart disease,dizziness,28.0
Ischemic heart disease,fatigue,27.0
Ischemic heart disease,increased_heart_rate,5.0
Ischemic heart disease,lymphedema,8.0
Ischemic heart disease,muscle_pain,5.0
Ischemic heart disease,palpitations,31.0
Ischemic heart disease,peripheral_edema,13.0
Ischemic heart disease,sharp_chest_pain,57.0
Ischemic heart disease,shortness_of_breath,48.0
Ischemic heart disease,throat_feels_tight,3.0
Itching of unknown cause,abnormal_appearing_skin,23.0
Itching of unknown cause,allergic_reaction,32.0
Itching of unknown cause,fluid_retention,8.0
Itching of unknown cause,itching_of_skin,86.0
Itching of unknown cause,itchy_scalp,15.0
Itching of unknown cause,paresthesia,13.0
Itching of unknown cause,problems_during_pregnancy,11.0
Itching of unknown cause,skin_dryness_peeling_scaliness_or_roughness,17.0
Itching of unknown cause,skin_irritation,11.0
Itching of unknown cause,skin_rash,78.0
Itching of unknown cause,sneezing,8.0
Itching of unknown cause,vaginal_itching,13.0
Jaw disorder,difficulty_in_swallowing,10.0
Jaw disorder,facial_pain,81.0
Jaw disorder,gum_pain,38.0
Jaw disorder,headache,33.0
Jaw disorder,jaw_pain,10.0
Jaw disorder,jaw_swelling,38.0
Jaw disorder,mouth_pain,25.0
Jaw disorder,neck_mass,13.0
Jaw disorder,pain_in_gums,10.0
Jaw disorder,peripheral_edema,29.0
Jaw disorder,symptoms_of_the_face,13.0
Jaw disorder,toothache,86.0
Joint effusion,ankle_pain,35.0
Joint effusion,ankle_swelling,23.0
Joint effusion,elbow_pain,18.0
Joint effusion,elbow_swelling,14.0
Joint effusion,foot_or_toe_swelling,13.0
Joint effusion,knee_pain,86.0
Joint effusion,knee_stiffness_or_tightness,13.0
Joint effusion,knee_swelling,64.0
Joint effusion,leg_swelling,14.0
Joint effusion,problems_with_movement,10.0
Joint effusion,wrist_pain,14.0
Joint effusion,wrist_swelling,11.0
Juvenile rheumatoid arthritis,ankle_pain,19.0
Juvenile rheumatoid arthritis,ankle_swelling,10.0
Juvenile rheumatoid arthritis,back_pain,26.0
Juvenile rheumatoid arthritis,bones_are_painful,10.0
Juvenile rheumatoid arthritis,hand_or_finger_pain,19.0
Juvenile rheumatoid arthritis,hand_or_finger_swelling,19.0
Juvenile rheumatoid arthritis,joint_pain,37.0
Juvenile rheumatoid arthritis,knee_pain,52.0
Juvenile rheumatoid arthritis,knee_swelling,10.0
Juvenile rheumatoid arthritis,pelvic_pain,10.0
Juvenile rheumatoid arthritis,problems_with_movement,10.0
Juvenile rheumatoid arthritis,wrist_swelling,10.0
Kaposi sarcoma,cough,45.0
Kaposi sarcoma,depression,45.0
Kaposi sarcoma,elbow_cramps_or_spasms,3.0
Kaposi sarcoma,elbow_weakness,3.0
Kaposi sarcoma,excessive_growth,3.0
Kaposi sarcoma,foot_or_toe_pain,45.0
Kaposi sarcoma,leg_pain,45.0
Kaposi sarcoma,lip_swelling,45.0
Kaposi sarcoma,low_back_weakness,3.0
Kaposi sarcoma,sharp_abdominal_pain,45.0
Kaposi sarcoma,skin_lesion,45.0
Kaposi sarcoma,underweight,3.0
Kidney cancer,bedwetting,4.0
Kidney cancer,blood_in_urine,10.0
Kidney cancer,changes_in_stool_appearance,4.0
Kidney cancer,drainage_in_throat,4.0
Kidney cancer,excessive_urination_at_night,7.0
Kidney cancer,groin_mass,4.0
Kidney cancer,increased_heart_rate,4.0
Kidney cancer,involuntary_urination,7.0
Kidney cancer,kidney_mass,35.0
Kidney cancer,retention_of_urine,13.0
Kidney cancer,symptoms_of_prostate,7.0
Kidney cancer,symptoms_of_the_kidneys,10.0
Kidney disease due to longstanding hypertension,difficulty_speaking,3.0
Kidney disease due to longstanding hypertension,excessive_appetite,2.0
Kidney disease due to longstanding hypertension,feeling_cold,2.0
Kidney disease due to longstanding hypertension,foot_or_toe_cramps_or_spasms,2.0
Kidney disease due to longstanding hypertension,incontinence_of_stool,2.0
Kidney disease due to longstanding hypertension,polyuria,2.0
Kidney disease due to longstanding hypertension,shortness_of_breath,31.0
Kidney disease due to longstanding hypertension,stuttering_or_stammering,2.0
Kidney disease due to longstanding hypertension,symptoms_of_the_kidneys,24.0
Kidney disease due to longstanding hypertension,too_little_hair,2.0
Kidney disease due to longstanding hypertension,unusual_color_or_odor_to_urine,2.0
Kidney failure,arm_swelling,9.0
Kidney failure,leg_swelling,8.0
Kidney failure,leg_weakness,3.0
Kidney failure,lymphedema,3.0
Kidney failure,muscle_cramps_contractures_or_spasms,3.0
Kidney failure,nausea,26.0
Kidney failure,sharp_chest_pain,25.0
Kidney failure,shortness_of_breath,43.0
Kidney failure,swollen_abdomen,3.0
Kidney failure,symptoms_of_the_kidneys,11.0
Kidney failure,vomiting,24.0
Kidney failure,weakness,25.0
Kidney stone,back_pain,51.0
Kidney stone,blood_in_urine,37.0
Kidney stone,frequent_urination,19.0
Kidney stone,low_back_pain,26.0
Kidney stone,lower_abdominal_pain,35.0
Kidney stone,nausea,42.0
Kidney stone,painful_urination,20.0
Kidney stone,retention_of_urine,17.0
Kidney stone,sharp_abdominal_pain,62.0
Kidney stone,side_pain,80.0
Kidney stone,suprapubic_pain,14.0
Kidney stone,vomiting,42.0
Knee ligament or meniscus tear,foot_or_toe_cramps_or_spasms,1.0
Knee ligament or meniscus tear,joint_swelling,1.0
Knee ligament or meniscus tear,knee_cramps_or_spasms,1.0
Knee ligament or meniscus tear,knee_lump_or_mass,1.0
Knee ligament or meniscus tear,knee_pain,93.0
Knee ligament or meniscus tear,knee_stiffness_or_tightness,22.0
Knee ligament or meniscus tear,knee_swelling,31.0
Knee ligament or meniscus tear,knee_weakness,8.0
Knee ligament or meniscus tear,leg_stiffness_or_tightness,4.0
Knee ligament or meniscus tear,leg_weakness,3.0
Knee ligament or meniscus tear,stiffness_all_over,1.0
Labyrinthitis,diminished_hearing,21.0
Labyrinthitis,dizziness,97.0
Labyrinthitis,ear_pain,33.0
Labyrinthitis,headache,49.0
Labyrinthitis,loss_of_sensation,24.0
Labyrinthitis,nausea,66.0
Labyrinthitis,plugged_feeling_in_ear,18.0
Labyrinthitis,ringing_in_ear,21.0
Labyrinthitis,spots_or_clouds_in_vision,4.0
Labyrinthitis,sweating,8.0
Labyrinthitis,vomiting,61.0
Labyrinthitis,weakness,33.0
Lactose intolerance,burning_abdominal_pain,42.0
Lactose intolerance,constipation,19.0
Lactose intolerance,cramps_and_spasms,11.0
Lactose intolerance,diarrhea,56.0
Lactose intolerance,flatulence,19.0
Lactose intolerance,headache,33.0
Lactose intolerance,impotence,11.0
Lactose intolerance,muscle_pain,19.0
Lactose intolerance,nasal_congestion,33.0
Lactose intolerance,sharp_abdominal_pain,33.0
Lactose intolerance,shortness_of_breath,26.0
Lactose intolerance,weight_gain,11.0
Laryngitis,allergic_reaction,16.0
Laryngitis,coryza,37.0
Laryngitis,cough,79.0
Laryngitis,difficulty_in_swallowing,19.0
Laryngitis,difficulty_speaking,12.0
Laryngitis,ear_pain,32.0
Laryngitis,fever,39.0
Laryngitis,hoarse_voice,83.0
Laryngitis,nasal_congestion,55.0
Laryngitis,sinus_congestion,12.0
Laryngitis,sore_throat,87.0
Laryngitis,throat_feels_tight,16.0
Lateral epicondylitis (tennis elbow),arm_pain,53.0
Lateral epicondylitis (tennis elbow),elbow_lump_or_mass,8.0
Lateral epicondylitis (tennis elbow),elbow_pain,92.0
Lateral epicondylitis (tennis elbow),elbow_swelling,8.0
Lateral epicondylitis (tennis elbow),hand_or_finger_pain,21.0
Lateral epicondylitis (tennis elbow),hand_or_finger_stiffness_or_tightness,4.0
Lateral epicondylitis (tennis elbow),irregular_belly_button,4.0
Lateral epicondylitis (tennis elbow),joint_pain,8.0
Lateral epicondylitis (tennis elbow),loss_of_sensation,37.0
Lateral epicondylitis (tennis elbow),paresthesia,21.0
Lateral epicondylitis (tennis elbow),shoulder_pain,38.0
Lateral epicondylitis (tennis elbow),wrist_pain,33.0
Lead poisoning,ankle_pain,91.0
Lead poisoning,excessive_anger,91.0
Lead poisoning,excessive_urination_at_night,91.0
Lead poisoning,facial_pain,91.0
Lead poisoning,fatigue,91.0
Lead poisoning,joint_stiffness_or_tightness,91.0
Lead poisoning,knee_lump_or_mass,91.0
Lead poisoning,pain_during_pregnancy,91.0
Lead poisoning,pain_in_eye,91.0
Lead poisoning,pain_or_soreness_of_breast,91.0
Lead poisoning,shoulder_cramps_or_spasms,91.0
Lead poisoning,wrist_pain,91.0
Leishmaniasis,ankle_pain,91.0
Leishmaniasis,excessive_anger,91.0
Leishmaniasis,excessive_urination_at_night,91.0
Leishmaniasis,facial_pain,91.0
Leishmaniasis,fatigue,91.0
Leishmaniasis,joint_stiffness_or_tightness,91.0
Leishmaniasis,knee_lump_or_mass,91.0
Leishmaniasis,pain_during_pregnancy,91.0
Leishmaniasis,pain_in_eye,91.0
Leishmaniasis,pain_or_soreness_of_breast,91.0
Leishmaniasis,shoulder_cramps_or_spasms,91.0
Leishmaniasis,wrist_pain,91.0
Leptospirosis,ankle_pain,91.0
Leptospirosis,excessive_anger,91.0
Leptospirosis,excessive_urination_at_night,91.0
Leptospirosis,facial_pain,91.0
Leptospirosis,fatigue,91.0
Leptospirosis,joint_stiffness_or_tightness,91.0
Leptospirosis,knee_lump_or_mass,91.0
Leptospirosis,pain_during_pregnancy,91.0
Leptospirosis,pain_in_eye,91.0
Leptospirosis,pain_or_soreness_of_breast,91.0
Leptospirosis,shoulder_cramps_or_spasms,91.0
Leptospirosis,wrist_pain,91.0
Leukemia,bleeding_gums,1.0
Leukemia,fatigue,26.0
Leukemia,fever,25.0
Leukemia,mouth_pain,3.0
Leukemia,muscle_stiffness_or_tightness,1.0
Leukemia,pallor,1.0
Leukemia,symptoms_of_the_kidneys,1.0
Lewy body dementia,abnormal_involuntary_movements,53.0
Lewy body dementia,delusions_or_hallucinations,59.0
Lewy body dementia,depressive_or_psychotic_symptoms,35.0
Lewy body dementia,disturbance_of_memory,68.0
Lewy body dementia,dizziness,35.0
Lewy body dementia,hostile_behavior,21.0
Lewy body dementia,loss_of_sensation,35.0
Lewy body dementia,paresthesia,21.0
Lewy body dementia,problems_with_movement,53.0
Lewy body dementia,rectal_bleeding,21.0
Lewy body dementia,seizures,21.0
Lewy body dementia,weakness,21.0
Lice,cough,39.0
Lice,fever,24.0
Lice,itching_of_skin,32.0
Lice,itchy_scalp,49.0
Lice,leg_lump_or_mass,14.0
Lice,nasal_congestion,24.0
Lice,skin_lesion,24.0
Lice,skin_oiliness,14.0
Lice,skin_rash,49.0
Lice,smoking_problems,24.0
Lice,sneezing,14.0
Lice,warts,24.0
Lichen planus,abnormal_appearing_skin,47.0
Lichen planus,acne_or_pimples,23.0
Lichen planus,difficulty_speaking,23.0
Lichen planus,irregular_appearing_scalp,23.0
Lichen planus,itching_of_skin,47.0
Lichen planus,itchy_scalp,23.0
Lichen planus,mouth_ulcer,23.0
Lichen planus,skin_dryness_peeling_scaliness_or_roughness,37.0
Lichen planus,skin_growth,37.0
Lichen planus,skin_lesion,23.0
Lichen planus,skin_moles,37.0
Lichen planus,skin_rash,47.0
Lichen simplex,acne_or_pimples,22.0
Lichen simplex,difficulty_speaking,12.0
Lichen simplex,itching_of_skin,71.0
Lichen simplex,itchy_scalp,22.0
Lichen simplex,loss_of_sex_drive,12.0
Lichen simplex,pain_during_intercourse,12.0
Lichen simplex,skin_dryness_peeling_scaliness_or_roughness,12.0
Lichen simplex,skin_growth,22.0
Lichen simplex,skin_irritation,22.0
Lichen simplex,skin_lesion,47.0
Lichen simplex,skin_rash,82.0
Lichen simplex,vaginal_itching,22.0
Lipoma,abnormal_appearing_skin,21.0
Lipoma,arm_lump_or_mass,35.0
Lipoma,back_mass_or_lump,37.0
Lipoma,bones_are_painful,16.0
Lipoma,groin_mass,17.0
Lipoma,leg_lump_or_mass,17.0
Lipoma,lump_or_mass_of_breast,16.0
Lipoma,neck_mass,31.0
Lipoma,shoulder_lump_or_mass,26.0
Lipoma,skin_growth,24.0
Lipoma,skin_lesion,23.0
Lipoma,skin_swelling,47.0
Liver cancer,changes_in_stool_appearance,9.0
Liver cancer,decreased_appetite,9.0
Liver cancer,groin_mass,5.0
Liver cancer,increased_heart_rate,5.0
Liver cancer,kidney_mass,5.0
Liver cancer,leg_stiffness_or_tightness,5.0
Liver cancer,sharp_abdominal_pain,33.0
Liver cancer,stomach_bloating,13.0
Liver cancer,swollen_abdomen,5.0
Liver cancer,symptoms_of_prostate,5.0
Liver cancer,unusual_color_or_odor_to_urine,5.0
Liver cancer,upper_abdominal_pain,31.0
Liver disease,blood_in_stool,12.0
Liver disease,diarrhea,27.0
Liver disease,heartburn,7.0
Liver disease,jaundice,38.0
Liver disease,nausea,24.0
Liver disease,peripheral_edema,17.0
Liver disease,sharp_abdominal_pain,53.0
Liver disease,shortness_of_breath,26.0
Liver disease,side_pain,19.0
Liver disease,unusual_color_or_odor_to_urine,10.0
Liver disease,upper_abdominal_pain,30.0
Liver disease,weakness,23.0
Lumbago,back_cramps_or_spasms,3.0
Lumbago,back_pain,84.0
Lumbago,hip_pain,28.0
Lumbago,leg_pain,48.0
Lumbago,low_back_cramps_or_spasms,1.0
Lumbago,low_back_pain,85.0
Lumbago,low_back_stiffness_or_tightness,1.0
Lumbago,lower_body_pain,19.0
Lumbago,muscle_pain,3.0
Lumbago,neck_pain,28.0
Lumbago,side_pain,19.0
Lung cancer,cough,30.0
Lung cancer,decreased_appetite,14.0
Lung cancer,drainage_in_throat,6.0
Lung cancer,fatigue,24.0
Lung cancer,hemoptysis,6.0
Lung cancer,leg_weakness,4.0
Lung cancer,shortness_of_breath,44.0
Lung cancer,smoking_problems,2.0
Lung contusion,ache_all_over,44.0
Lung contusion,back_pain,63.0
Lung contusion,dizziness,28.0
Lung contusion,elbow_pain,28.0
Lung contusion,fluid_retention,28.0
Lung contusion,headache,28.0
Lung contusion,hip_pain,28.0
Lung contusion,hurts_to_breath,28.0
Lung contusion,rib_pain,44.0
Lung contusion,sharp_chest_pain,55.0
Lung contusion,shortness_of_breath,28.0
Lung contusion,shoulder_pain,28.0
Lyme disease,abnormal_appearing_skin,37.0
Lyme disease,chills,19.0
Lyme disease,depressive_or_psychotic_symptoms,26.0
Lyme disease,fatigue,42.0
Lyme disease,fever,49.0
Lyme disease,hand_or_finger_pain,19.0
Lyme disease,headache,46.0
Lyme disease,hip_pain,19.0
Lyme disease,joint_pain,19.0
Lyme disease,loss_of_sensation,26.0
Lyme disease,skin_rash,46.0
Lyme disease,symptoms_of_the_face,10.0
Lymphadenitis,cough,32.0
Lymphadenitis,ear_pain,36.0
Lymphadenitis,fever,55.0
Lymphadenitis,headache,32.0
Lymphadenitis,neck_mass,43.0
Lymphadenitis,neck_pain,50.0
Lymphadenitis,neck_swelling,40.0
Lymphadenitis,sharp_abdominal_pain,53.0
Lymphadenitis,skin_swelling,26.0
Lymphadenitis,sore_throat,60.0
Lymphadenitis,swollen_lymph_nodes,53.0
Lymphadenitis,vomiting,32.0
Lymphangitis,abnormal_appearing_skin,34.0
Lymphangitis,arm_pain,34.0
Lymphangitis,facial_pain,34.0
Lymphangitis,flu_like_syndrome,34.0
Lymphangitis,foot_or_toe_lump_or_mass,34.0
Lymphangitis,foot_or_toe_pain,34.0
Lymphangitis,neck_pain,34.0
Lymphangitis,neck_swelling,52.0
Lymphangitis,skin_irritation,34.0
Lymphangitis,skin_on_arm_or_hand_looks_infected,52.0
Lymphangitis,skin_on_head_or_neck_looks_infected,34.0
Lymphangitis,skin_on_leg_or_foot_looks_infected,52.0
Lymphedema,abnormal_appearing_skin,25.0
Lymphedema,fluid_retention,17.0
Lymphedema,foot_or_toe_swelling,8.0
Lymphedema,leg_pain,37.0
Lymphedema,leg_swelling,49.0
Lymphedema,lymphedema,11.0
Lymphedema,neck_mass,4.0
Lymphedema,peripheral_edema,45.0
Lymphedema,skin_dryness_peeling_scaliness_or_roughness,8.0
Lymphedema,skin_lesion,56.0
Lymphedema,skin_on_leg_or_foot_looks_infected,11.0
Lymphedema,throat_swelling,4.0
Lymphogranuloma venereum,chills,91.0
Lymphogranuloma venereum,ear_pain,91.0
Lymphogranuloma venereum,excessive_growth,20.0
Lymphogranuloma venereum,fever,91.0
Lymphogranuloma venereum,knee_lump_or_mass,20.0
Lymphogranuloma venereum,loss_of_sex_drive,20.0
Lymphogranuloma venereum,neck_cramps_or_spasms,20.0
Lymphogranuloma venereum,nosebleed,91.0
Lymphogranuloma venereum,pelvic_pressure,20.0
Lymphogranuloma venereum,shoulder_swelling,20.0
Lymphogranuloma venereum,sore_throat,100.0
Lymphogranuloma venereum,vulvar_sore,20.0
Lymphoma,fatigue,24.0
Lymphoma,groin_mass,2.0
Lymphoma,hoarse_voice,3.0
Lymphoma,itchy_ears,1.0
Lymphoma,mouth_pain,2.0
Lymphoma,mouth_ulcer,2.0
Lymphoma,muscle_pain,3.0
Lymphoma,neck_mass,5.0
Lymphoma,regurgitation,4.0
Lymphoma,shoulder_lump_or_mass,1.0
Lymphoma,stiffness_all_over,1.0
Lymphoma,symptoms_of_the_kidneys,2.0
Macular degeneration,abnormal_movement_of_eyelid,3.0
Macular degeneration,bleeding_from_eye,6.0
Macular degeneration,blindness,13.0
Macular degeneration,diminished_vision,80.0
Macular degeneration,double_vision,8.0
Macular degeneration,eye_burns_or_stings,8.0
Macular degeneration,foreign_body_sensation_in_eye,11.0
Macular degeneration,itchiness_of_eye,12.0
Macular degeneration,lacrimation,15.0
Macular degeneration,pain_in_eye,18.0
Macular degeneration,spots_or_clouds_in_vision,45.0
Macular degeneration,symptoms_of_eye,25.0
Magnesium deficiency,diarrhea,27.0
Magnesium deficiency,dizziness,49.0
Magnesium deficiency,leg_cramps_or_spasms,27.0
Magnesium deficiency,leg_pain,43.0
Magnesium deficiency,nausea,27.0
Magnesium deficiency,palpitations,36.0
Magnesium deficiency,seizures,36.0
Magnesium deficiency,sharp_abdominal_pain,49.0
Magnesium deficiency,sharp_chest_pain,36.0
Magnesium deficiency,shortness_of_breath,27.0
Magnesium deficiency,vomiting,36.0
Magnesium deficiency,weakness,36.0
Malaria,ache_all_over,72.0
Malaria,back_pain,72.0
Malaria,excessive_growth,9.0
Malaria,fainting,72.0
Malaria,fever,87.0
Malaria,headache,94.0
Malaria,itchy_eyelid,9.0
Malaria,knee_lump_or_mass,9.0
Malaria,vomiting,72.0
Malaria,vulvar_sore,9.0
Malaria,weakness,72.0
Malaria,wrist_weakness,9.0
Male genitalia infection,abnormal_appearing_skin,30.0
Male genitalia infection,bumps_on_penis,22.0
Male genitalia infection,groin_pain,13.0
Male genitalia infection,irritable_infant,13.0
Male genitalia infection,mass_in_scrotum,37.0
Male genitalia infection,pain_in_testicles,47.0
Male genitalia infection,penis_pain,22.0
Male genitalia infection,penis_redness,52.0
Male genitalia infection,skin_growth,30.0
Male genitalia infection,swelling_of_scrotum,52.0
Male genitalia infection,swollen_abdomen,13.0
Male genitalia infection,warts,13.0
Malignant hypertension,depressive_or_psychotic_symptoms,27.0
Malignant hypertension,dizziness,27.0
Malignant hypertension,focal_weakness,20.0
Malignant hypertension,headache,60.0
Malignant hypertension,insomnia,20.0
Malignant hypertension,loss_of_sensation,20.0
Malignant hypertension,lower_body_pain,11.0
Malignant hypertension,peripheral_edema,20.0
Malignant hypertension,seizures,27.0
Malignant hypertension,sharp_chest_pain,66.0
Malignant hypertension,shortness_of_breath,51.0
Malignant hypertension,vomiting,38.0
Marfan syndrome,ache_all_over,32.0
Marfan syndrome,anxiety_and_nervousness,32.0
Marfan syndrome,blood_in_stool,32.0
Marfan syndrome,depression,32.0
Marfan syndrome,emotional_symptoms,2.0
Marfan syndrome,focal_weakness,32.0
Marfan syndrome,heartburn,32.0
Marfan syndrome,increased_heart_rate,32.0
Marfan syndrome,itching_of_the_anus,32.0
Marfan syndrome,shoulder_pain,32.0
Marfan syndrome,skin_swelling,32.0
Marfan syndrome,stomach_bloating,32.0
Marijuana abuse,abusing_alcohol,56.0
Marijuana abuse,anxiety_and_nervousness,31.0
Marijuana abuse,delusions_or_hallucinations,11.0
Marijuana abuse,depression,34.0
Marijuana abuse,depressive_or_psychotic_symptoms,50.0
Marijuana abuse,difficulty_speaking,3.0
Marijuana abuse,drug_abuse,76.0
Marijuana abuse,excessive_anger,7.0
Marijuana abuse,fears_and_phobias,5.0
Marijuana abuse,hostile_behavior,14.0
Marijuana abuse,low_self_esteem,4.0
Marijuana abuse,temper_problems,6.0
Mastectomy,arm_stiffness_or_tightness,4.0
Mastectomy,burning_chest_pain,4.0
Mastectomy,hand_or_finger_stiffness_or_tightness,4.0
Mastectomy,heartburn,4.0
Mastectomy,leg_cramps_or_spasms,4.0
Mastectomy,lump_or_mass_of_breast,21.0
Mastectomy,pain_or_soreness_of_breast,21.0
Mastectomy,problems_with_shape_or_size_of_breast,8.0
Mastectomy,regurgitation,4.0
Mastectomy,skin_swelling,8.0
Mastectomy,smoking_problems,4.0
Mastectomy,swollen_lymph_nodes,4.0
Mastoiditis,cough,42.0
Mastoiditis,diminished_hearing,37.0
Mastoiditis,dizziness,49.0
Mastoiditis,ear_pain,84.0
Mastoiditis,facial_pain,26.0
Mastoiditis,fever,37.0
Mastoiditis,fluid_in_ear,42.0
Mastoiditis,headache,37.0
Mastoiditis,nasal_congestion,32.0
Mastoiditis,plugged_feeling_in_ear,32.0
Mastoiditis,redness_in_ear,42.0
Mastoiditis,ringing_in_ear,32.0
Meckel diverticulum,bedwetting,20.0
Meckel diverticulum,excessive_growth,20.0
Meckel diverticulum,eye_strain,20.0
Meckel diverticulum,joint_stiffness_or_tightness,20.0
Meckel diverticulum,knee_lump_or_mass,20.0
Meckel diverticulum,loss_of_sex_drive,20.0
Meckel diverticulum,lower_abdominal_pain,91.0
Meckel diverticulum,neck_cramps_or_spasms,20.0
Meckel diverticulum,pelvic_pressure,20.0
Meckel diverticulum,shoulder_swelling,20.0
Meckel diverticulum,upper_abdominal_pain,91.0
Meckel diverticulum,vulvar_sore,20.0
Melanoma,abnormal_appearing_skin,35.0
Melanoma,back_mass_or_lump,4.0
Melanoma,irregular_appearing_scalp,14.0
Melanoma,itchy_eyelid,2.0
Melanoma,skin_dryness_peeling_scaliness_or_roughness,4.0
Melanoma,skin_growth,10.0
Melanoma,skin_irritation,4.0
Melanoma,skin_lesion,41.0
Melanoma,skin_moles,16.0
Melanoma,skin_on_arm_or_hand_looks_infected,2.0
Melanoma,skin_swelling,12.0
Melanoma,swollen_lymph_nodes,4.0
Meniere disease,allergic_reaction,18.0
Meniere disease,bleeding_from_ear,10.0
Meniere disease,diminished_hearing,66.0
Meniere disease,dizziness,84.0
Meniere disease,ear_pain,36.0
Meniere disease,facial_pain,10.0
Meniere disease,headache,25.0
Meniere disease,heartburn,10.0
Meniere disease,impotence,10.0
Meniere disease,nausea,31.0
Meniere disease,plugged_feeling_in_ear,36.0
Meniere disease,ringing_in_ear,52.0
Meningioma,depressive_or_psychotic_symptoms,33.0
Meningioma,difficulty_speaking,33.0
Meningioma,diminished_hearing,25.0
Meningioma,diminished_vision,25.0
Meningioma,disturbance_of_memory,46.0
Meningioma,dizziness,25.0
Meningioma,facial_pain,25.0
Meningioma,focal_weakness,25.0
Meningioma,headache,62.0
Meningioma,nausea,25.0
Meningioma,seizures,33.0
Meningioma,weakness,40.0
Meningitis,ache_all_over,42.0
Meningitis,back_pain,31.0
Meningitis,cough,26.0
Meningitis,fever,80.0
Meningitis,headache,87.0
Meningitis,leg_pain,26.0
Meningitis,low_back_pain,26.0
Meningitis,nausea,31.0
Meningitis,neck_pain,48.0
Meningitis,neck_stiffness_or_tightness,21.0
Meningitis,seizures,31.0
Meningitis,vomiting,53.0
Menopause,absence_of_menstruation,5.0
Menopause,heavy_menstrual_flow,8.0
Menopause,hot_flashes,58.0
Menopause,involuntary_urination,10.0
Menopause,long_menstrual_periods,10.0
Menopause,loss_of_sex_drive,8.0
Menopause,pelvic_pain,10.0
Menopause,sweating,21.0
Menopause,unpredictable_menstruation,23.0
Menopause,vaginal_dryness,8.0
Menopause,vaginal_itching,8.0
Menopause,weight_gain,8.0
Metabolic disorder,arm_stiffness_or_tightness,1.0
Metabolic disorder,difficulty_eating,1.0
Metabolic disorder,infant_feeding_problem,1.0
Metabolic disorder,jaundice,4.0
Metabolic disorder,mouth_dryness,4.0
Metabolic disorder,muscle_pain,4.0
Metabolic disorder,problems_with_shape_or_size_of_breast,1.0
Metabolic disorder,recent_weight_loss,1.0
Metabolic disorder,scanty_menstrual_flow,1.0
Metabolic disorder,smoking_problems,3.0
Metabolic disorder,underweight,1.0
Metabolic disorder,weight_gain,18.0
Metastatic cancer,decreased_appetite,9.0
Metastatic cancer,fatigue,21.0
Metastatic cancer,focal_weakness,4.0
Metastatic cancer,leg_cramps_or_spasms,2.0
Metastatic cancer,neck_mass,3.0
Metastatic cancer,stomach_bloating,3.0
Metastatic cancer,unusual_color_or_odor_to_urine,2.0
Metastatic cancer,vaginal_dryness,2.0
Migraine,blindness,2.0
Migraine,diminished_vision,17.0
Migraine,disturbance_of_memory,7.0
Migraine,dizziness,26.0
Migraine,headache,90.0
Migraine,long_menstrual_periods,2.0
Migraine,nausea,46.0
Migraine,spots_or_clouds_in_vision,4.0
Migraine,symptoms_of_the_face,3.0
Migraine,vomiting,39.0
Missed abortion,blood_clots_during_menstrual_periods,12.0
Missed abortion,blood_in_stool,6.0
Missed abortion,cramps_and_spasms,25.0
Missed abortion,heavy_menstrual_flow,6.0
Missed abortion,infertility,6.0
Missed abortion,intermenstrual_bleeding,21.0
Missed abortion,lower_abdominal_pain,43.0
Missed abortion,pain_during_pregnancy,49.0
Missed abortion,problems_during_pregnancy,38.0
Missed abortion,recent_pregnancy,6.0
Missed abortion,sharp_abdominal_pain,51.0
Missed abortion,spotting_or_bleeding_during_pregnancy,73.0
Mitral valve disease,chest_tightness,26.0
Mitral valve disease,dizziness,32.0
Mitral valve disease,drainage_in_throat,4.0
Mitral valve disease,fatigue,35.0
Mitral valve disease,increased_heart_rate,12.0
Mitral valve disease,irregular_heartbeat,8.0
Mitral valve disease,nightmares,2.0
Mitral valve disease,palpitations,42.0
Mitral valve disease,sharp_chest_pain,49.0
Mitral valve disease,shortness_of_breath,42.0
Mitral valve disease,sweating,4.0
Mitral valve disease,weight_gain,8.0
Mittelschmerz,acne_or_pimples,32.0
Mittelschmerz,burning_abdominal_pain,32.0
Mittelschmerz,diarrhea,32.0
Mittelschmerz,fever,32.0
Mittelschmerz,involuntary_urination,32.0
Mittelschmerz,long_menstrual_periods,32.0
Mittelschmerz,lower_abdominal_pain,74.0
Mittelschmerz,painful_menstruation,60.0
Mittelschmerz,pelvic_pain,68.0
Mittelschmerz,sharp_abdominal_pain,84.0
Mittelschmerz,side_pain,32.0
Mittelschmerz,vomiting,49.0
Molluscum contagiosum,abnormal_appearing_skin,25.0
Molluscum contagiosum,acne_or_pimples,20.0
Molluscum contagiosum,arm_lump_or_mass,25.0
Molluscum contagiosum,bumps_on_penis,14.0
Molluscum contagiosum,itching_of_skin,29.0
Molluscum contagiosum,knee_lump_or_mass,14.0
Molluscum contagiosum,skin_dryness_peeling_scaliness_or_roughness,8.0
Molluscum contagiosum,skin_growth,20.0
Molluscum contagiosum,skin_lesion,54.0
Molluscum contagiosum,skin_rash,76.0
Molluscum contagiosum,skin_swelling,56.0
Molluscum contagiosum,warts,49.0
Mononeuritis,ankle_pain,20.0
Mononeuritis,arm_pain,45.0
Mononeuritis,elbow_pain,27.0
Mononeuritis,foot_or_toe_pain,51.0
Mononeuritis,hand_or_finger_pain,37.0
Mononeuritis,hand_or_finger_weakness,13.0
Mononeuritis,leg_pain,47.0
Mononeuritis,loss_of_sensation,79.0
Mononeuritis,low_back_pain,37.0
Mononeuritis,paresthesia,47.0
Mononeuritis,shoulder_pain,25.0
Mononeuritis,wrist_pain,16.0
Mononucleosis,ache_all_over,36.0
Mononucleosis,cough,36.0
Mononucleosis,ear_pain,36.0
Mononucleosis,fatigue,41.0
Mononucleosis,feeling_ill,27.0
Mononucleosis,fever,70.0
Mononucleosis,headache,57.0
Mononucleosis,nasal_congestion,33.0
Mononucleosis,nausea,27.0
Mononucleosis,skin_rash,30.0
Mononucleosis,sore_throat,85.0
Mononucleosis,swollen_lymph_nodes,41.0
Moyamoya disease,blindness,54.0
Moyamoya disease,depressive_or_psychotic_symptoms,54.0
Moyamoya disease,elbow_cramps_or_spasms,5.0
Moyamoya disease,elbow_weakness,5.0
Moyamoya disease,excessive_growth,5.0
Moyamoya disease,headache,54.0
Moyamoya disease,hip_stiffness_or_tightness,5.0
Moyamoya disease,itchy_eyelid,5.0
Moyamoya disease,loss_of_sensation,54.0
Moyamoya disease,nailbiting,5.0
Moyamoya disease,seizures,54.0
Moyamoya disease,wrist_weakness,5.0
Mucositis,decreased_appetite,54.0
Mucositis,difficulty_in_swallowing,27.0
Mucositis,fever,83.0
Mucositis,gum_pain,27.0
Mucositis,irritable_infant,22.0
Mucositis,mouth_pain,36.0
Mucositis,mouth_ulcer,77.0
Mucositis,sore_throat,60.0
Mucositis,swollen_tongue,22.0
Mucositis,tongue_lesions,32.0
Mucositis,tongue_pain,22.0
Mucositis,vomiting,27.0
Multiple myeloma,chills,9.0
Multiple myeloma,disturbance_of_memory,6.0
Multiple myeloma,fatigue,29.0
Multiple myeloma,hip_lump_or_mass,3.0
Multiple myeloma,impotence,3.0
Multiple myeloma,lip_swelling,3.0
Multiple myeloma,muscle_pain,3.0
Multiple myeloma,problems_with_movement,9.0
Multiple myeloma,stiffness_all_over,3.0
Multiple myeloma,swollen_abdomen,3.0
Multiple myeloma,symptoms_of_the_face,3.0
Multiple myeloma,weakness,37.0
Multiple sclerosis,abnormal_involuntary_movements,12.0
Multiple sclerosis,disturbance_of_memory,13.0
Multiple sclerosis,dizziness,28.0
Multiple sclerosis,fatigue,43.0
Multiple sclerosis,focal_weakness,11.0
Multiple sclerosis,headache,31.0
Multiple sclerosis,leg_stiffness_or_tightness,12.0
Multiple sclerosis,leg_weakness,19.0
Multiple sclerosis,loss_of_sensation,42.0
Multiple sclerosis,paresthesia,16.0
Multiple sclerosis,problems_with_movement,27.0
Multiple sclerosis,weakness,22.0
Mumps,ear_pain,86.0
Mumps,eye_strain,6.0
Mumps,fever,60.0
Mumps,flu_like_syndrome,60.0
Mumps,fluid_retention,60.0
Mumps,hip_stiffness_or_tightness,6.0
Mumps,jaw_swelling,86.0
Mumps,nailbiting,6.0
Mumps,neck_swelling,77.0
Mumps,shoulder_swelling,6.0
Mumps,sore_throat,77.0
Mumps,swollen_lymph_nodes,60.0
Muscle spasm,abnormal_involuntary_movements,11.0
Muscle spasm,arm_pain,30.0
Muscle spasm,back_pain,62.0
Muscle spasm,headache,43.0
Muscle spasm,leg_cramps_or_spasms,38.0
Muscle spasm,leg_pain,51.0
Muscle spasm,loss_of_sensation,20.0
Muscle spasm,low_back_pain,38.0
Muscle spasm,muscle_cramps_contractures_or_spasms,34.0
Muscle spasm,neck_pain,68.0
Muscle spasm,sharp_chest_pain,26.0
Muscle spasm,shoulder_pain,51.0
Muscular dystrophy,cough,34.0
Muscular dystrophy,double_vision,20.0
Muscular dystrophy,fatigue,48.0
Muscular dystrophy,feeling_cold,11.0
Muscular dystrophy,hand_or_finger_pain,20.0
Muscular dystrophy,headache,34.0
Muscular dystrophy,hip_pain,20.0
Muscular dystrophy,loss_of_sensation,20.0
Muscular dystrophy,muscle_weakness,34.0
Muscular dystrophy,nasal_congestion,28.0
Muscular dystrophy,problems_with_movement,20.0
Muscular dystrophy,weakness,28.0
Myasthenia gravis,abnormal_movement_of_eyelid,28.0
Myasthenia gravis,arm_weakness,14.0
Myasthenia gravis,coughing_up_sputum,14.0
Myasthenia gravis,diminished_vision,24.0
Myasthenia gravis,dizziness,28.0
Myasthenia gravis,double_vision,50.0
Myasthenia gravis,fatigue,36.0
Myasthenia gravis,focal_weakness,28.0
Myasthenia gravis,headache,24.0
Myasthenia gravis,shortness_of_breath,24.0
Myasthenia gravis,slurring_words,19.0
Myasthenia gravis,weakness,48.0
Myelodysplastic syndrome,chills,11.0
Myelodysplastic syndrome,coughing_up_sputum,6.0
Myelodysplastic syndrome,difficulty_speaking,6.0
Myelodysplastic syndrome,fatigue,50.0
Myocarditis,ache_all_over,56.0
Myocarditis,chest_tightness,56.0
Myocarditis,cough,56.0
Myocarditis,coughing_up_sputum,38.0
Myocarditis,diarrhea,38.0
Myocarditis,difficulty_breathing,38.0
Myocarditis,dizziness,38.0
Myocarditis,fever,56.0
Myocarditis,headache,38.0
Myocarditis,palpitations,67.0
Myocarditis,sharp_chest_pain,56.0
Myocarditis,weakness,38.0
Myoclonus,abnormal_involuntary_movements,85.0
Myoclonus,arm_cramps_or_spasms,19.0
Myoclonus,disturbance_of_memory,19.0
Myoclonus,drainage_in_throat,19.0
Myoclonus,eye_moves_abnormally,19.0
Myoclonus,fainting,19.0
Myoclonus,insomnia,19.0
Myoclonus,loss_of_sensation,19.0
Myoclonus,muscle_swelling,1.0
Myoclonus,problems_with_movement,19.0
Myoclonus,seizures,68.0
Myoclonus,sleepiness,19.0
Myopia,abnormal_movement_of_eyelid,3.0
Myopia,blindness,5.0
Myopia,diminished_vision,72.0
Myopia,eye_deviation,3.0
Myopia,eye_moves_abnormally,6.0
Myopia,eye_redness,15.0
Myopia,foreign_body_sensation_in_eye,9.0
Myopia,itchiness_of_eye,9.0
Myopia,lacrimation,9.0
Myopia,pain_in_eye,27.0
Myopia,spots_or_clouds_in_vision,31.0
Myopia,symptoms_of_eye,23.0
Myositis,back_pain,26.0
Myositis,headache,26.0
Myositis,hip_pain,18.0
Myositis,knee_pain,40.0
Myositis,leg_pain,42.0
Myositis,leg_weakness,12.0
Myositis,loss_of_sensation,22.0
Myositis,lower_body_pain,12.0
Myositis,muscle_pain,18.0
Myositis,paresthesia,18.0
Myositis,problems_with_movement,12.0
Myositis,skin_rash,26.0
Narcolepsy,abnormal_breathing_sounds,21.0
Narcolepsy,abnormal_involuntary_movements,29.0
Narcolepsy,apnea,41.0
Narcolepsy,delusions_or_hallucinations,12.0
Narcolepsy,disturbance_of_memory,12.0
Narcolepsy,fatigue,46.0
Narcolepsy,headache,36.0
Narcolepsy,insomnia,21.0
Narcolepsy,shortness_of_breath,29.0
Narcolepsy,sleepiness,79.0
Narcolepsy,temper_problems,12.0
Narcolepsy,weight_gain,21.0
Nasal polyp,allergic_reaction,22.0
Nasal polyp,cough,27.0
Nasal polyp,difficulty_breathing,27.0
Nasal polyp,disturbance_of_smell_or_taste,13.0
Nasal polyp,facial_pain,18.0
Nasal polyp,frontal_headache,13.0
Nasal polyp,headache,48.0
Nasal polyp,hoarse_voice,7.0
Nasal polyp,nasal_congestion,72.0
Nasal polyp,nosebleed,30.0
Nasal polyp,painful_sinuses,30.0
Nasal polyp,redness_in_ear,7.0
Necrotizing fasciitis,abnormal_appearing_skin,43.0
Necrotizing fasciitis,arm_swelling,43.0
Necrotizing fasciitis,elbow_cramps_or_spasms,3.0
Necrotizing fasciitis,elbow_weakness,3.0
Necrotizing fasciitis,excessive_growth,3.0
Necrotizing fasciitis,hand_or_finger_pain,43.0
Necrotizing fasciitis,hip_pain,43.0
Necrotizing fasciitis,leg_pain,61.0
Necrotizing fasciitis,leg_swelling,43.0
Necrotizing fasciitis,peripheral_edema,43.0
Necrotizing fasciitis,skin_lesion,43.0
Necrotizing fasciitis,vaginal_pain,43.0
Neonatal jaundice,changes_in_stool_appearance,7.0
Neonatal jaundice,drainage_in_throat,4.0
Neonatal jaundice,flatulence,4.0
Neonatal jaundice,fluid_in_ear,4.0
Neonatal jaundice,infant_feeding_problem,24.0
Neonatal jaundice,infant_spitting_up,4.0
Neonatal jaundice,irregular_appearing_scalp,4.0
Neonatal jaundice,irregular_belly_button,4.0
Neonatal jaundice,irritable_infant,10.0
Neonatal jaundice,jaundice,86.0
Neonatal jaundice,lack_of_growth,4.0
Neonatal jaundice,recent_weight_loss,4.0
Nerve impingement near the shoulder,arm_pain,29.0
Nerve impingement near the shoulder,bones_are_painful,3.0
Nerve impingement near the shoulder,elbow_pain,9.0
Nerve impingement near the shoulder,hand_or_finger_stiffness_or_tightness,3.0
Nerve impingement near the shoulder,knee_pain,32.0
Nerve impingement near the shoulder,muscle_pain,3.0
Nerve impingement near the shoulder,neck_pain,32.0
Nerve impingement near the shoulder,problems_with_movement,13.0
Nerve impingement near the shoulder,shoulder_pain,96.0
Nerve impingement near the shoulder,shoulder_stiffness_or_tightness,16.0
Nerve impingement near the shoulder,shoulder_weakness,6.0
Nerve impingement near the shoulder,vulvar_irritation,3.0
Neuralgia,ache_all_over,40.0
Neuralgia,arm_pain,38.0
Neuralgia,back_pain,73.0
Neuralgia,foot_or_toe_pain,34.0
Neuralgia,headache,34.0
Neuralgia,hip_pain,31.0
Neuralgia,leg_pain,64.0
Neuralgia,loss_of_sensation,60.0
Neuralgia,low_back_pain,54.0
Neuralgia,neck_pain,57.0
Neuralgia,paresthesia,31.0
Neuralgia,shoulder_pain,30.0
Neurofibromatosis,abnormal_appearing_skin,27.0
Neurofibromatosis,abnormal_involuntary_movements,15.0
Neurofibromatosis,diminished_hearing,15.0
Neurofibromatosis,foot_or_toe_lump_or_mass,8.0
Neurofibromatosis,groin_mass,8.0
Neurofibromatosis,headache,43.0
Neurofibromatosis,incontinence_of_stool,8.0
Neurofibromatosis,leg_swelling,15.0
Neurofibromatosis,leg_weakness,8.0
Neurofibromatosis,mass_on_vulva,8.0
Neurofibromatosis,neck_mass,8.0
Neurofibromatosis,warts,8.0
Neuromyelitis optica,ache_all_over,77.0
Neuromyelitis optica,arm_pain,77.0
Neuromyelitis optica,diminished_vision,77.0
Neuromyelitis optica,excessive_growth,11.0
Neuromyelitis optica,knee_lump_or_mass,11.0
Neuromyelitis optica,loss_of_sensation,77.0
Neuromyelitis optica,nailbiting,11.0
Neuromyelitis optica,neck_cramps_or_spasms,11.0
Neuromyelitis optica,painful_urination,77.0
Neuromyelitis optica,shoulder_swelling,11.0
Neuromyelitis optica,vulvar_sore,11.0
Neuromyelitis optica,weakness,77.0
Neuropathy due to drugs,cough,40.0
Neuropathy due to drugs,facial_pain,25.0
Neuropathy due to drugs,fatigue,25.0
Neuropathy due to drugs,foot_or_toe_pain,58.0
Neuropathy due to drugs,hand_or_finger_pain,25.0
Neuropathy due to drugs,loss_of_sensation,79.0
Neuropathy due to drugs,nausea,25.0
Neuropathy due to drugs,paresthesia,58.0
Neuropathy due to drugs,problems_with_movement,50.0
Neuropathy due to drugs,sharp_abdominal_pain,40.0
Neuropathy due to drugs,vomiting,25.0
Neuropathy due to drugs,weakness,25.0
Neurosis,anxiety_and_nervousness,37.0
Neurosis,delusions_or_hallucinations,29.0
Neurosis,depression,55.0
Neurosis,depressive_or_psychotic_symptoms,75.0
Neurosis,drug_abuse,10.0
Neurosis,excessive_anger,18.0
Neurosis,headache,27.0
Neurosis,hostile_behavior,34.0
Neurosis,insomnia,14.0
Neurosis,obsessions_and_compulsions,8.0
Neurosis,smoking_problems,5.0
Neurosis,temper_problems,5.0
Nonalcoholic liver disease (NASH),chills,10.0
Nonalcoholic liver disease (NASH),diarrhea,24.0
Nonalcoholic liver disease (NASH),dizziness,24.0
Nonalcoholic liver disease (NASH),joint_pain,10.0
Nonalcoholic liver disease (NASH),mouth_ulcer,10.0
Nonalcoholic liver disease (NASH),nausea,35.0
Nonalcoholic liver disease (NASH),nosebleed,10.0
Nonalcoholic liver disease (NASH),paresthesia,10.0
Nonalcoholic liver disease (NASH),regurgitation,10.0
Nonalcoholic liver disease (NASH),sharp_abdominal_pain,56.0
Nonalcoholic liver disease (NASH),upper_abdominal_pain,56.0
Nonalcoholic liver disease (NASH),weight_gain,17.0
Noninfectious gastroenteritis,blood_in_stool,15.0
Noninfectious gastroenteritis,burning_abdominal_pain,40.0
Noninfectious gastroenteritis,chills,11.0
Noninfectious gastroenteritis,decreased_appetite,14.0
Noninfectious gastroenteritis,diarrhea,88.0
Noninfectious gastroenteritis,fever,58.0
Noninfectious gastroenteritis,fluid_retention,7.0
Noninfectious gastroenteritis,headache,25.0
Noninfectious gastroenteritis,nausea,75.0
Noninfectious gastroenteritis,rectal_bleeding,6.0
Noninfectious gastroenteritis,sharp_abdominal_pain,72.0
Noninfectious gastroenteritis,vomiting,93.0
Normal pressure hydrocephalus,blood_in_urine,22.0
Normal pressure hydrocephalus,depressive_or_psychotic_symptoms,36.0
Normal pressure hydrocephalus,difficulty_speaking,22.0
Normal pressure hydrocephalus,disturbance_of_memory,36.0
Normal pressure hydrocephalus,dizziness,36.0
Normal pressure hydrocephalus,drainage_in_throat,22.0
Normal pressure hydrocephalus,fatigue,22.0
Normal pressure hydrocephalus,headache,54.0
Normal pressure hydrocephalus,hip_lump_or_mass,22.0
Normal pressure hydrocephalus,involuntary_urination,22.0
Normal pressure hydrocephalus,palpitations,22.0
Normal pressure hydrocephalus,problems_with_movement,65.0
Nose disorder,coryza,30.0
Nose disorder,cough,69.0
Nose disorder,difficulty_breathing,24.0
Nose disorder,ear_pain,28.0
Nose disorder,facial_pain,21.0
Nose disorder,fever,47.0
Nose disorder,headache,36.0
Nose disorder,nasal_congestion,83.0
Nose disorder,nosebleed,17.0
Nose disorder,painful_sinuses,22.0
Nose disorder,sinus_congestion,19.0
Nose disorder,sore_throat,44.0
Obesity,abnormal_breathing_sounds,10.0
Obesity,apnea,10.0
Obesity,excessive_appetite,4.0
Obesity,sleepiness,10.0
Obesity,weight_gain,56.0
Obsessive compulsive disorder (OCD),anxiety_and_nervousness,68.0
Obsessive compulsive disorder (OCD),depression,56.0
Obsessive compulsive disorder (OCD),depressive_or_psychotic_symptoms,47.0
Obsessive compulsive disorder (OCD),excessive_anger,10.0
Obsessive compulsive disorder (OCD),fears_and_phobias,10.0
Obsessive compulsive disorder (OCD),feeling_ill,10.0
Obsessive compulsive disorder (OCD),hostile_behavior,13.0
Obsessive compulsive disorder (OCD),hysterical_behavior,4.0
Obsessive compulsive disorder (OCD),lack_of_growth,4.0
Obsessive compulsive disorder (OCD),low_self_esteem,12.0
Obsessive compulsive disorder (OCD),obsessions_and_compulsions,33.0
Obsessive compulsive disorder (OCD),temper_problems,14.0
Obstructive sleep apnea (OSA),abnormal_breathing_sounds,83.0
Obstructive sleep apnea (OSA),abnormal_involuntary_movements,15.0
Obstructive sleep apnea (OSA),apnea,77.0
Obstructive sleep apnea (OSA),difficulty_breathing,51.0
Obstructive sleep apnea (OSA),difficulty_in_swallowing,13.0
Obstructive sleep apnea (OSA),fatigue,50.0
Obstructive sleep apnea (OSA),insomnia,46.0
Obstructive sleep apnea (OSA),mouth_dryness,5.0
Obstructive sleep apnea (OSA),shortness_of_breath,28.0
Obstructive sleep apnea (OSA),sleepiness,76.0
Obstructive sleep apnea (OSA),sweating,4.0
Obstructive sleep apnea (OSA),weight_gain,14.0
Omphalitis,back_weakness,2.0
Omphalitis,diaper_rash,27.0
Omphalitis,elbow_cramps_or_spasms,2.0
Omphalitis,emotional_symptoms,2.0
Omphalitis,flatulence,27.0
Omphalitis,irregular_belly_button,86.0
Omphalitis,irritable_infant,27.0
Omphalitis,jaundice,27.0
Omphalitis,low_back_weakness,2.0
Omphalitis,muscle_swelling,2.0
Omphalitis,pus_in_sputum,2.0
Omphalitis,skin_rash,27.0
Onychomycosis,abnormal_appearing_skin,28.0
Onychomycosis,diaper_rash,28.0
Onychomycosis,foot_or_toe_pain,41.0
Onychomycosis,irregular_appearing_nails,61.0
Onychomycosis,itching_of_skin,21.0
Onychomycosis,skin_dryness_peeling_scaliness_or_roughness,11.0
Onychomycosis,skin_growth,21.0
Onychomycosis,skin_irritation,10.0
Onychomycosis,skin_on_leg_or_foot_looks_infected,6.0
Onychomycosis,skin_rash,66.0
Onychomycosis,skin_swelling,10.0
Onychomycosis,too_little_hair,4.0
Open wound due to trauma,shoulder_stiffness_or_tightness,1.0
Open wound due to trauma,skin_on_arm_or_hand_looks_infected,2.0
Open wound due to trauma,wrist_swelling,1.0
Open wound from surgical incision,flatulence,5.0
Open wound from surgical incision,heavy_menstrual_flow,5.0
Open wound from surgical incision,knee_swelling,5.0
Open wound from surgical incision,recent_pregnancy,10.0
Open wound from surgical incision,skin_lesion,21.0
Open wound from surgical incision,skin_on_leg_or_foot_looks_infected,5.0
Open wound from surgical incision,skin_swelling,10.0
Open wound from surgical incision,sneezing,5.0
Open wound of the abdomen,blindness,6.0
Open wound of the abdomen,irregular_belly_button,11.0
Open wound of the abdomen,sharp_abdominal_pain,35.0
Open wound of the abdomen,sweating,6.0
Open wound of the abdomen,swollen_abdomen,6.0
Open wound of the arm,arm_pain,26.0
Open wound of the arm,elbow_lump_or_mass,1.0
Open wound of the arm,elbow_pain,12.0
Open wound of the arm,elbow_swelling,1.0
Open wound of the arm,hand_or_finger_weakness,1.0
Open wound of the arm,knee_weakness,1.0
Open wound of the arm,redness_in_or_around_nose,2.0
Open wound of the back,irregular_heartbeat,7.0
Open wound of the back,lower_body_pain,18.0
Open wound of the back,lymphedema,7.0
Open wound of the back,skin_growth,7.0
Open wound of the back,skin_lesion,23.0
Open wound of the back,throat_feels_tight,7.0
Open wound of the back,weight_gain,13.0
Open wound of the cheek,facial_pain,29.0
Open wound of the cheek,fluid_retention,12.0
Open wound of the cheek,jaw_swelling,12.0
Open wound of the cheek,wrist_pain,12.0
Open wound of the chest,drug_abuse,12.0
Open wound of the chest,lip_swelling,12.0
Open wound of the chest,sharp_chest_pain,29.0
Open wound of the ear,bleeding_from_ear,32.0
Open wound of the ear,disturbance_of_memory,12.0
Open wound of the ear,dry_lips,6.0
Open wound of the ear,ear_pain,65.0
Open wound of the ear,facial_pain,12.0
Open wound of the ear,fluid_in_ear,21.0
Open wound of the ear,plugged_feeling_in_ear,6.0
Open wound of the ear,ringing_in_ear,6.0
Open wound of the ear,symptoms_of_eye,6.0
Open wound of the eye,bleeding_from_eye,5.0
Open wound of the eye,blindness,5.0
Open wound of the eye,diminished_vision,25.0
Open wound of the eye,foreign_body_sensation_in_eye,5.0
Open wound of the eye,itchiness_of_eye,5.0
Open wound of the eye,knee_weakness,5.0
Open wound of the eye,pain_in_eye,55.0
Open wound of the eye,spots_or_clouds_in_vision,10.0
Open wound of the eye,swollen_eye,5.0
Open wound of the eye,symptoms_of_eye,18.0
Open wound of the eye,white_discharge_from_eye,5.0
Open wound of the face,eyelid_swelling,1.0
Open wound of the face,facial_pain,22.0
Open wound of the face,feeling_hot,1.0
Open wound of the face,jaw_swelling,1.0
Open wound of the face,leg_stiffness_or_tightness,1.0
Open wound of the face,neck_swelling,1.0
Open wound of the face,redness_in_or_around_nose,1.0
Open wound of the face,symptoms_of_the_kidneys,1.0
Open wound of the face,wrist_swelling,1.0
Open wound of the finger,hand_or_finger_pain,28.0
Open wound of the finger,hand_or_finger_stiffness_or_tightness,2.0
Open wound of the finger,hand_or_finger_swelling,11.0
Open wound of the finger,skin_on_arm_or_hand_looks_infected,4.0
Open wound of the foot,foot_or_toe_lump_or_mass,1.0
Open wound of the foot,foot_or_toe_pain,44.0
Open wound of the foot,foot_or_toe_swelling,10.0
Open wound of the foot,irregular_appearing_nails,4.0
Open wound of the foot,skin_lesion,23.0
Open wound of the foot,skin_on_leg_or_foot_looks_infected,6.0
Open wound of the foot,skin_pain,1.0
Open wound of the hand,hand_or_finger_pain,30.0
Open wound of the hand,hand_or_finger_stiffness_or_tightness,2.0
Open wound of the hand,hand_or_finger_swelling,11.0
Open wound of the hand,skin_on_arm_or_hand_looks_infected,5.0
Open wound of the head,abusing_alcohol,10.0
Open wound of the head,headache,30.0
Open wound of the hip,hip_pain,29.0
Open wound of the hip,hip_swelling,6.0
Open wound of the hip,leg_pain,29.0
Open wound of the jaw,facial_pain,10.0
Open wound of the jaw,lip_swelling,10.0
Open wound of the jaw,mouth_pain,4.0
Open wound of the jaw,symptoms_of_the_face,4.0
Open wound of the jaw,wrist_swelling,4.0
Open wound of the knee,leg_pain,27.0
Open wound of the knee,leg_swelling,10.0
Open wound of the knee,skin_on_leg_or_foot_looks_infected,10.0
Open wound of the lip,bleeding_gums,3.0
Open wound of the lip,bleeding_in_mouth,3.0
Open wound of the lip,dry_lips,9.0
Open wound of the lip,facial_pain,19.0
Open wound of the lip,lip_swelling,25.0
Open wound of the lip,mouth_pain,11.0
Open wound of the lip,mouth_ulcer,3.0
Open wound of the lip,slurring_words,3.0
Open wound of the lip,tongue_pain,3.0
Open wound of the mouth,bleeding_in_mouth,18.0
Open wound of the mouth,gum_pain,7.0
Open wound of the mouth,lip_swelling,18.0
Open wound of the mouth,mouth_pain,13.0
Open wound of the mouth,mouth_ulcer,7.0
Open wound of the mouth,neck_swelling,7.0
Open wound of the mouth,peripheral_edema,13.0
Open wound of the mouth,seizures,23.0
Open wound of the mouth,sneezing,7.0
Open wound of the mouth,tongue_bleeding,18.0
Open wound of the mouth,tongue_lesions,31.0
Open wound of the mouth,toothache,27.0
Open wound of the neck,abnormal_appearing_skin,21.0
Open wound of the neck,ache_all_over,25.0
Open wound of the neck,delusions_or_hallucinations,6.0
Open wound of the neck,foot_or_toe_swelling,6.0
Open wound of the neck,increased_heart_rate,6.0
Open wound of the neck,peripheral_edema,17.0
Open wound of the neck,skin_lesion,38.0
Open wound of the neck,skin_on_arm_or_hand_looks_infected,6.0
Open wound of the neck,skin_on_leg_or_foot_looks_infected,6.0
Open wound of the neck,skin_swelling,6.0
Open wound of the neck,sweating,6.0
Open wound of the nose,diminished_hearing,9.0
Open wound of the nose,facial_pain,17.0
Open wound of the nose,headache,38.0
Open wound of the nose,hot_flashes,9.0
Open wound of the nose,knee_weakness,9.0
Open wound of the nose,neck_weakness,9.0
Open wound of the nose,nosebleed,34.0
Open wound of the nose,sleepiness,9.0
Open wound of the nose,sore_in_nose,9.0
Open wound of the shoulder,abusing_alcohol,14.0
Open wound of the shoulder,arm_pain,32.0
Open wound of the shoulder,arm_swelling,14.0
Open wound of the shoulder,elbow_pain,14.0
Open wound of the shoulder,shoulder_pain,61.0
Open wound of the shoulder,shoulder_stiffness_or_tightness,14.0
Open wound of the shoulder,wrist_pain,14.0
Oppositional disorder,antisocial_behavior,8.0
Oppositional disorder,depressive_or_psychotic_symptoms,57.0
Oppositional disorder,excessive_anger,42.0
Oppositional disorder,fainting,15.0
Oppositional disorder,hostile_behavior,40.0
Oppositional disorder,low_self_esteem,4.0
Oppositional disorder,low_urine_output,2.0
Oppositional disorder,nightmares,4.0
Oppositional disorder,obsessions_and_compulsions,6.0
Oppositional disorder,restlessness,18.0
Oppositional disorder,temper_problems,13.0
Optic neuritis,blindness,65.0
Optic neuritis,diminished_vision,79.0
Optic neuritis,eyelid_swelling,17.0
Optic neuritis,fatigue,39.0
Optic neuritis,headache,39.0
Optic neuritis,pain_in_eye,39.0
Optic neuritis,retention_of_urine,17.0
Optic neuritis,spots_or_clouds_in_vision,39.0
Optic neuritis,symptoms_of_eye,39.0
Oral leukoplakia,elbow_cramps_or_spasms,3.0
Oral leukoplakia,elbow_weakness,3.0
Oral leukoplakia,excessive_growth,3.0
Oral leukoplakia,fever,45.0
Oral leukoplakia,gum_pain,45.0
Oral leukoplakia,hemoptysis,45.0
Oral leukoplakia,low_back_weakness,3.0
Oral leukoplakia,mouth_pain,45.0
Oral leukoplakia,skin_swelling,45.0
Oral leukoplakia,tongue_lesions,73.0
Oral leukoplakia,underweight,3.0
Oral leukoplakia,wrist_weakness,3.0
Oral mucosal lesion,bleeding_in_mouth,25.0
Oral mucosal lesion,cough,25.0
Oral mucosal lesion,ear_pain,25.0
Oral mucosal lesion,facial_pain,22.0
Oral mucosal lesion,fever,34.0
Oral mucosal lesion,gum_pain,27.0
Oral mucosal lesion,lip_swelling,38.0
Oral mucosal lesion,mouth_pain,52.0
Oral mucosal lesion,mouth_ulcer,50.0
Oral mucosal lesion,sore_throat,48.0
Oral mucosal lesion,tongue_lesions,40.0
Oral mucosal lesion,toothache,60.0
Oral thrush (yeast infection),abnormal_appearing_tongue,32.0
Oral thrush (yeast infection),constipation,28.0
Oral thrush (yeast infection),cough,43.0
Oral thrush (yeast infection),diaper_rash,28.0
Oral thrush (yeast infection),fever,50.0
Oral thrush (yeast infection),irritable_infant,32.0
Oral thrush (yeast infection),mouth_pain,19.0
Oral thrush (yeast infection),mouth_ulcer,29.0
Oral thrush (yeast infection),nasal_congestion,44.0
Oral thrush (yeast infection),skin_rash,39.0
Oral thrush (yeast infection),sore_throat,33.0
Oral thrush (yeast infection),tongue_lesions,20.0
Orbital cellulitis,diminished_hearing,18.0
Orbital cellulitis,diminished_vision,18.0
Orbital cellulitis,eye_redness,82.0
Orbital cellulitis,eyelid_swelling,30.0
Orbital cellulitis,facial_pain,18.0
Orbital cellulitis,fever,53.0
Orbital cellulitis,itching_of_skin,18.0
Orbital cellulitis,neck_swelling,18.0
Orbital cellulitis,pain_in_eye,69.0
Orbital cellulitis,peripheral_edema,30.0
Orbital cellulitis,swollen_eye,92.0
Orbital cellulitis,symptoms_of_eye,47.0
Orthostatic hypotension,abnormal_involuntary_movements,11.0
Orthostatic hypotension,dizziness,86.0
Orthostatic hypotension,fainting,69.0
Orthostatic hypotension,fatigue,21.0
Orthostatic hypotension,feeling_ill,21.0
Orthostatic hypotension,headache,40.0
Orthostatic hypotension,hurts_to_breath,11.0
Orthostatic hypotension,increased_heart_rate,11.0
Orthostatic hypotension,irregular_heartbeat,16.0
Orthostatic hypotension,palpitations,11.0
Orthostatic hypotension,sharp_chest_pain,24.0
Orthostatic hypotension,weakness,54.0
Osteoarthritis,ankle_pain,15.0
Osteoarthritis,back_pain,33.0
Osteoarthritis,elbow_pain,8.0
Osteoarthritis,hand_or_finger_pain,26.0
Osteoarthritis,hip_pain,41.0
Osteoarthritis,joint_pain,22.0
Osteoarthritis,knee_pain,77.0
Osteoarthritis,knee_swelling,16.0
Osteoarthritis,knee_weakness,3.0
Osteoarthritis,leg_pain,31.0
Osteoarthritis,muscle_pain,4.0
Osteoarthritis,shoulder_pain,41.0
Osteochondroma,abnormal_appearing_skin,26.0
Osteochondroma,ankle_pain,15.0
Osteochondroma,foot_or_toe_pain,44.0
Osteochondroma,hand_or_finger_lump_or_mass,15.0
Osteochondroma,itching_of_skin,15.0
Osteochondroma,knee_pain,48.0
Osteochondroma,lip_swelling,11.0
Osteochondroma,lower_abdominal_pain,15.0
Osteochondroma,pelvic_pain,23.0
Osteochondroma,shoulder_pain,32.0
Osteochondroma,skin_growth,32.0
Osteochondroma,skin_lesion,23.0
Osteochondrosis,ankle_pain,35.0
Osteochondrosis,bones_are_painful,21.0
Osteochondrosis,bowlegged_or_knock_kneed,40.0
Osteochondrosis,elbow_pain,12.0
Osteochondrosis,foot_or_toe_pain,68.0
Osteochondrosis,hand_or_finger_pain,21.0
Osteochondrosis,knee_lump_or_mass,12.0
Osteochondrosis,knee_pain,84.0
Osteochondrosis,knee_swelling,12.0
Osteochondrosis,knee_weakness,21.0
Osteochondrosis,skin_moles,12.0
Osteochondrosis,weight_gain,12.0
Osteomyelitis,arm_swelling,2.0
Osteomyelitis,bones_are_painful,5.0
Osteomyelitis,difficulty_speaking,7.0
Osteomyelitis,foot_or_toe_swelling,7.0
Osteomyelitis,hand_or_finger_pain,20.0
Osteomyelitis,hand_or_finger_swelling,9.0
Osteomyelitis,irregular_appearing_nails,5.0
Osteomyelitis,knee_swelling,5.0
Osteomyelitis,lymphedema,2.0
Osteomyelitis,skin_lesion,56.0
Osteomyelitis,skin_on_arm_or_hand_looks_infected,5.0
Osteomyelitis,skin_on_leg_or_foot_looks_infected,29.0
Osteoporosis,back_pain,36.0
Osteoporosis,bones_are_painful,10.0
Osteoporosis,disturbance_of_memory,7.0
Osteoporosis,early_or_late_onset_of_menopause,1.0
Osteoporosis,excessive_urination_at_night,2.0
Osteoporosis,hip_pain,20.0
Osteoporosis,joint_pain,15.0
Osteoporosis,leg_cramps_or_spasms,2.0
Osteoporosis,low_back_stiffness_or_tightness,2.0
Osteoporosis,melena,2.0
Osteoporosis,muscle_cramps_contractures_or_spasms,5.0
Osteoporosis,stomach_bloating,4.0
Otitis externa (swimmer's ear),bleeding_from_ear,14.0
Otitis externa (swimmer's ear),cough,28.0
Otitis externa (swimmer's ear),diminished_hearing,27.0
Otitis externa (swimmer's ear),ear_pain,94.0
Otitis externa (swimmer's ear),facial_pain,17.0
Otitis externa (swimmer's ear),fever,32.0
Otitis externa (swimmer's ear),fluid_in_ear,38.0
Otitis externa (swimmer's ear),itchy_ears,14.0
Otitis externa (swimmer's ear),plugged_feeling_in_ear,34.0
Otitis externa (swimmer's ear),redness_in_ear,36.0
Otitis externa (swimmer's ear),ringing_in_ear,7.0
Otitis externa (swimmer's ear),sore_throat,31.0
Otitis media,coryza,30.0
Otitis media,cough,71.0
Otitis media,diminished_hearing,15.0
Otitis media,ear_pain,86.0
Otitis media,fever,76.0
Otitis media,fluid_in_ear,18.0
Otitis media,nasal_congestion,59.0
Otitis media,plugged_feeling_in_ear,14.0
Otitis media,pulling_at_ears,32.0
Otitis media,redness_in_ear,33.0
Otitis media,sore_throat,41.0
Otitis media,vomiting,33.0
Otosclerosis,diminished_hearing,94.0
Otosclerosis,dizziness,53.0
Otosclerosis,ear_pain,53.0
Otosclerosis,elbow_cramps_or_spasms,2.0
Otosclerosis,elbow_weakness,2.0
Otosclerosis,emotional_symptoms,2.0
Otosclerosis,low_back_weakness,2.0
Otosclerosis,muscle_swelling,2.0
Otosclerosis,nailbiting,2.0
Otosclerosis,plugged_feeling_in_ear,53.0
Otosclerosis,underweight,2.0
Otosclerosis,wrist_weakness,2.0
Ovarian cancer,absence_of_menstruation,3.0
Ovarian cancer,decreased_appetite,9.0
Ovarian cancer,difficulty_eating,3.0
Ovarian cancer,fluid_retention,6.0
Ovarian cancer,groin_mass,3.0
Ovarian cancer,regurgitation,6.0
Ovarian cancer,sharp_abdominal_pain,35.0
Ovarian cancer,stomach_bloating,6.0
Ovarian cancer,symptoms_of_the_kidneys,3.0
Ovarian cyst,burning_abdominal_pain,31.0
Ovarian cyst,cramps_and_spasms,8.0
Ovarian cyst,intermenstrual_bleeding,8.0
Ovarian cyst,lower_abdominal_pain,59.0
Ovarian cyst,nausea,37.0
Ovarian cyst,painful_menstruation,13.0
Ovarian cyst,pelvic_pain,50.0
Ovarian cyst,sharp_abdominal_pain,81.0
Ovarian cyst,side_pain,38.0
Ovarian cyst,skin_growth,10.0
Ovarian cyst,vaginal_discharge,10.0
Ovarian cyst,vomiting,38.0
Ovarian torsion,ache_all_over,25.0
Ovarian torsion,acne_or_pimples,10.0
Ovarian torsion,groin_mass,18.0
Ovarian torsion,infertility,10.0
Ovarian torsion,knee_swelling,10.0
Ovarian torsion,lower_abdominal_pain,48.0
Ovarian torsion,pain_or_soreness_of_breast,10.0
Ovarian torsion,pelvic_pain,44.0
Ovarian torsion,sharp_abdominal_pain,63.0
Ovarian torsion,skin_swelling,10.0
Ovarian torsion,symptoms_of_bladder,10.0
Ovarian torsion,unwanted_hair,10.0
Overflow incontinence,blood_in_urine,27.0
Overflow incontinence,excessive_urination_at_night,15.0
Overflow incontinence,focal_weakness,8.0
Overflow incontinence,frequent_urination,33.0
Overflow incontinence,hand_or_finger_stiffness_or_tightness,8.0
Overflow incontinence,hesitancy,8.0
Overflow incontinence,impotence,15.0
Overflow incontinence,involuntary_urination,41.0
Overflow incontinence,retention_of_urine,55.0
Overflow incontinence,suprapubic_pain,33.0
Overflow incontinence,symptoms_of_bladder,35.0
Overflow incontinence,symptoms_of_prostate,15.0
Paget disease,abnormal_appearing_skin,37.0
Paget disease,abnormal_breathing_sounds,37.0
Paget disease,ache_all_over,37.0
Paget disease,apnea,37.0
Paget disease,back_pain,37.0
Paget disease,delusions_or_hallucinations,37.0
Paget disease,elbow_cramps_or_spasms,3.0
Paget disease,frequent_urination,37.0
Paget disease,low_back_pain,37.0
Paget disease,nailbiting,3.0
Paget disease,ringing_in_ear,37.0
Paget disease,sleepiness,37.0
Pain after an operation,back_pain,64.0
Pain after an operation,headache,51.0
Pain after an operation,leg_pain,28.0
Pain after an operation,low_back_pain,41.0
Pain after an operation,lower_abdominal_pain,22.0
Pain after an operation,nausea,48.0
Pain after an operation,neck_pain,26.0
Pain after an operation,sharp_abdominal_pain,68.0
Pain after an operation,sharp_chest_pain,61.0
Pain after an operation,side_pain,24.0
Pain after an operation,toothache,28.0
Pain after an operation,vomiting,44.0
Pain disorder affecting the neck,arm_pain,22.0
Pain disorder affecting the neck,back_pain,40.0
Pain disorder affecting the neck,disturbance_of_memory,13.0
Pain disorder affecting the neck,dizziness,27.0
Pain disorder affecting the neck,headache,84.0
Pain disorder affecting the neck,insomnia,18.0
Pain disorder affecting the neck,loss_of_sensation,37.0
Pain disorder affecting the neck,low_back_pain,34.0
Pain disorder affecting the neck,neck_pain,86.0
Pain disorder affecting the neck,neck_stiffness_or_tightness,37.0
Pain disorder affecting the neck,paresthesia,22.0
Pain disorder affecting the neck,shoulder_pain,37.0
Pancreatic cancer,ache_all_over,27.0
Pancreatic cancer,arm_swelling,4.0
Pancreatic cancer,constipation,13.0
Pancreatic cancer,diarrhea,25.0
Pancreatic cancer,elbow_swelling,4.0
Pancreatic cancer,fatigue,27.0
Pancreatic cancer,irregular_appearing_scalp,4.0
Pancreatic cancer,jaundice,16.0
Pancreatic cancer,nausea,33.0
Pancreatic cancer,sharp_abdominal_pain,49.0
Pancreatic cancer,stomach_bloating,13.0
Pancreatic cancer,vomiting_blood,4.0
Panic attack,anxiety_and_nervousness,55.0
Panic attack,breathing_fast,55.0
Panic attack,chest_tightness,48.0
Panic attack,difficulty_breathing,48.0
Panic attack,dizziness,67.0
Panic attack,fainting,48.0
Panic attack,headache,41.0
Panic attack,irregular_heartbeat,41.0
Panic attack,loss_of_sensation,64.0
Panic attack,sharp_chest_pain,67.0
Panic attack,shortness_of_breath,77.0
Panic attack,weakness,31.0
Panic disorder,abnormal_involuntary_movements,16.0
Panic disorder,anxiety_and_nervousness,88.0
Panic disorder,breathing_fast,10.0
Panic disorder,chest_tightness,14.0
Panic disorder,depression,55.0
Panic disorder,depressive_or_psychotic_symptoms,33.0
Panic disorder,dizziness,24.0
Panic disorder,insomnia,18.0
Panic disorder,irregular_heartbeat,11.0
Panic disorder,palpitations,13.0
Panic disorder,sharp_chest_pain,33.0
Panic disorder,shortness_of_breath,40.0
Parasitic disease,abnormal_appearing_skin,23.0
Parasitic disease,cough,31.0
Parasitic disease,coughing_up_sputum,13.0
Parasitic disease,fever,31.0
Parasitic disease,hand_or_finger_swelling,28.0
Parasitic disease,itching_of_skin,13.0
Parasitic disease,painful_sinuses,13.0
Parasitic disease,retention_of_urine,13.0
Parasitic disease,sharp_abdominal_pain,38.0
Parasitic disease,skin_rash,35.0
Parasitic disease,swollen_lymph_nodes,13.0
Parasitic disease,vaginal_pain,13.0
Parathyroid adenoma,anxiety_and_nervousness,24.0
Parathyroid adenoma,difficulty_in_swallowing,10.0
Parathyroid adenoma,disturbance_of_memory,18.0
Parathyroid adenoma,flatulence,10.0
Parathyroid adenoma,flu_like_syndrome,10.0
Parathyroid adenoma,fluid_retention,10.0
Parathyroid adenoma,shoulder_pain,30.0
Parathyroid adenoma,symptoms_of_the_kidneys,10.0
Parathyroid adenoma,throat_feels_tight,10.0
Parathyroid adenoma,tongue_lesions,10.0
Parathyroid adenoma,weakness,24.0
Parathyroid adenoma,weight_gain,10.0
Parkinson disease,abnormal_involuntary_movements,64.0
Parkinson disease,difficulty_speaking,4.0
Parkinson disease,disturbance_of_memory,28.0
Parkinson disease,dizziness,25.0
Parkinson disease,fears_and_phobias,3.0
Parkinson disease,focal_weakness,5.0
Parkinson disease,leg_stiffness_or_tightness,3.0
Parkinson disease,leg_weakness,7.0
Parkinson disease,muscle_stiffness_or_tightness,5.0
Parkinson disease,problems_with_movement,41.0
Parkinson disease,stiffness_all_over,7.0
Parkinson disease,weakness,22.0
Paronychia,abnormal_appearing_skin,46.0
Paronychia,foot_or_toe_pain,55.0
Paronychia,foot_or_toe_swelling,32.0
Paronychia,hand_or_finger_lump_or_mass,8.0
Paronychia,hand_or_finger_pain,73.0
Paronychia,hand_or_finger_swelling,65.0
Paronychia,irregular_appearing_nails,65.0
Paronychia,nailbiting,4.0
Paronychia,sinus_congestion,4.0
Paronychia,skin_dryness_peeling_scaliness_or_roughness,4.0
Paronychia,skin_on_arm_or_hand_looks_infected,67.0
Paronychia,skin_on_leg_or_foot_looks_infected,43.0
Paroxysmal supraventricular tachycardia,bladder_mass,8.0
Paroxysmal supraventricular tachycardia,chest_tightness,15.0
Paroxysmal supraventricular tachycardia,dizziness,42.0
Paroxysmal supraventricular tachycardia,increased_heart_rate,67.0
Paroxysmal supraventricular tachycardia,involuntary_urination,8.0
Paroxysmal supraventricular tachycardia,irregular_heartbeat,50.0
Paroxysmal supraventricular tachycardia,palpitations,72.0
Paroxysmal supraventricular tachycardia,sharp_chest_pain,70.0
Paroxysmal supraventricular tachycardia,shortness_of_breath,48.0
Paroxysmal supraventricular tachycardia,sweating,8.0
Paroxysmal supraventricular tachycardia,symptoms_of_the_face,8.0
Paroxysmal supraventricular tachycardia,weakness,21.0
Paroxysmal ventricular tachycardia,chest_tightness,11.0
Paroxysmal ventricular tachycardia,decreased_heart_rate,4.0
Paroxysmal ventricular tachycardia,dizziness,32.0
Paroxysmal ventricular tachycardia,fainting,25.0
Paroxysmal ventricular tachycardia,fatigue,20.0
Paroxysmal ventricular tachycardia,increased_heart_rate,14.0
Paroxysmal ventricular tachycardia,irregular_heartbeat,23.0
Paroxysmal ventricular tachycardia,palpitations,32.0
Paroxysmal ventricular tachycardia,sharp_chest_pain,34.0
Paroxysmal ventricular tachycardia,shortness_of_breath,43.0
Paroxysmal ventricular tachycardia,slurring_words,4.0
Paroxysmal ventricular tachycardia,weight_gain,8.0
Patau syndrome,bedwetting,20.0
Patau syndrome,excessive_growth,20.0
Patau syndrome,eye_strain,20.0
Patau syndrome,joint_stiffness_or_tightness,20.0
Patau syndrome,knee_lump_or_mass,20.0
Patau syndrome,loss_of_sex_drive,20.0
Patau syndrome,nailbiting,20.0
Patau syndrome,neck_cramps_or_spasms,20.0
Patau syndrome,pelvic_pressure,20.0
Patau syndrome,shoulder_cramps_or_spasms,20.0
Patau syndrome,shoulder_swelling,20.0
Patau syndrome,vulvar_sore,20.0
Pelvic fistula,back_pain,34.0
Pelvic fistula,dizziness,34.0
Pelvic fistula,elbow_cramps_or_spasms,2.0
Pelvic fistula,elbow_weakness,2.0
Pelvic fistula,fainting,34.0
Pelvic fistula,heartburn,34.0
Pelvic fistula,itching_of_scrotum,2.0
Pelvic fistula,muscle_swelling,2.0
Pelvic fistula,nailbiting,2.0
Pelvic fistula,recent_pregnancy,34.0
Pelvic fistula,rectal_bleeding,34.0
Pelvic fistula,vaginal_discharge,52.0
Pelvic inflammatory disease,back_pain,24.0
Pelvic inflammatory disease,burning_abdominal_pain,25.0
Pelvic inflammatory disease,intermenstrual_bleeding,17.0
Pelvic inflammatory disease,lower_abdominal_pain,57.0
Pelvic inflammatory disease,nausea,34.0
Pelvic inflammatory disease,painful_urination,22.0
Pelvic inflammatory disease,pelvic_pain,60.0
Pelvic inflammatory disease,sharp_abdominal_pain,84.0
Pelvic inflammatory disease,side_pain,25.0
Pelvic inflammatory disease,suprapubic_pain,19.0
Pelvic inflammatory disease,vaginal_discharge,56.0
Pelvic inflammatory disease,vomiting,30.0
Pelvic organ prolapse,blood_in_urine,10.0
Pelvic organ prolapse,excessive_urination_at_night,6.0
Pelvic organ prolapse,frequent_urination,36.0
Pelvic organ prolapse,intermenstrual_bleeding,6.0
Pelvic organ prolapse,involuntary_urination,62.0
Pelvic organ prolapse,pelvic_pain,10.0
Pelvic organ prolapse,pelvic_pressure,10.0
Pelvic organ prolapse,retention_of_urine,24.0
Pelvic organ prolapse,suprapubic_pain,17.0
Pelvic organ prolapse,symptoms_of_bladder,28.0
Pelvic organ prolapse,vaginal_discharge,8.0
Pelvic organ prolapse,vaginal_pain,14.0
Pemphigus,abnormal_appearing_skin,47.0
Pemphigus,arm_pain,22.0
Pemphigus,foot_or_toe_pain,22.0
Pemphigus,hand_or_finger_pain,22.0
Pemphigus,irregular_appearing_scalp,22.0
Pemphigus,itching_of_skin,22.0
Pemphigus,mouth_pain,22.0
Pemphigus,mouth_ulcer,22.0
Pemphigus,peripheral_edema,22.0
Pemphigus,skin_irritation,22.0
Pemphigus,skin_lesion,54.0
Pemphigus,skin_rash,54.0
Pericarditis,chest_tightness,45.0
Pericarditis,difficulty_breathing,45.0
Pericarditis,fainting,21.0
Pericarditis,hurts_to_breath,12.0
Pericarditis,irregular_heartbeat,21.0
Pericarditis,lower_body_pain,12.0
Pericarditis,lymphedema,12.0
Pericarditis,nausea,28.0
Pericarditis,palpitations,21.0
Pericarditis,sharp_abdominal_pain,28.0
Pericarditis,sharp_chest_pain,88.0
Pericarditis,shortness_of_breath,66.0
Peripheral arterial disease,feeling_cold,3.0
Peripheral arterial disease,foot_or_toe_pain,24.0
Peripheral arterial disease,hemoptysis,2.0
Peripheral arterial disease,leg_cramps_or_spasms,4.0
Peripheral arterial disease,leg_pain,51.0
Peripheral arterial disease,lymphedema,6.0
Peripheral arterial disease,poor_circulation,8.0
Peripheral arterial disease,skin_lesion,55.0
Peripheral arterial disease,symptoms_of_the_kidneys,2.0
Peripheral arterial embolism,abnormal_appearing_skin,28.0
Peripheral arterial embolism,foot_or_toe_pain,28.0
Peripheral arterial embolism,groin_pain,9.0
Peripheral arterial embolism,knee_swelling,9.0
Peripheral arterial embolism,leg_pain,70.0
Peripheral arterial embolism,leg_stiffness_or_tightness,16.0
Peripheral arterial embolism,leg_swelling,37.0
Peripheral arterial embolism,long_menstrual_periods,9.0
Peripheral arterial embolism,loss_of_sensation,53.0
Peripheral arterial embolism,lymphedema,16.0
Peripheral arterial embolism,paresthesia,16.0
Peripheral arterial embolism,poor_circulation,16.0
Peripheral nerve disorder,abnormal_involuntary_movements,19.0
Peripheral nerve disorder,arm_pain,21.0
Peripheral nerve disorder,arm_weakness,6.0
Peripheral nerve disorder,back_pain,25.0
Peripheral nerve disorder,disturbance_of_memory,13.0
Peripheral nerve disorder,dizziness,27.0
Peripheral nerve disorder,foot_or_toe_pain,45.0
Peripheral nerve disorder,leg_pain,52.0
Peripheral nerve disorder,leg_weakness,16.0
Peripheral nerve disorder,loss_of_sensation,69.0
Peripheral nerve disorder,paresthesia,46.0
Peripheral nerve disorder,problems_with_movement,23.0
Perirectal infection,abnormal_appearing_skin,17.0
Perirectal infection,acne_or_pimples,12.0
Perirectal infection,fluid_retention,22.0
Perirectal infection,lower_body_pain,26.0
Perirectal infection,mass_or_swelling_around_the_anus,26.0
Perirectal infection,pain_in_testicles,12.0
Perirectal infection,pain_of_the_anus,64.0
Perirectal infection,rectal_bleeding,12.0
Perirectal infection,skin_growth,22.0
Perirectal infection,skin_lesion,22.0
Perirectal infection,skin_swelling,26.0
Perirectal infection,swelling_of_scrotum,7.0
Peritonitis,back_pain,31.0
Peritonitis,fever,31.0
Peritonitis,groin_mass,15.0
Peritonitis,groin_pain,8.0
Peritonitis,intermenstrual_bleeding,8.0
Peritonitis,lower_abdominal_pain,26.0
Peritonitis,nausea,56.0
Peritonitis,sharp_abdominal_pain,87.0
Peritonitis,shortness_of_breath,26.0
Peritonitis,side_pain,21.0
Peritonitis,upper_abdominal_pain,21.0
Peritonitis,vomiting,48.0
Peritonsillar abscess,chills,26.0
Peritonsillar abscess,difficulty_in_swallowing,62.0
Peritonsillar abscess,ear_pain,41.0
Peritonsillar abscess,fever,41.0
Peritonsillar abscess,headache,26.0
Peritonsillar abscess,neck_swelling,20.0
Peritonsillar abscess,sore_throat,94.0
Peritonsillar abscess,swollen_lymph_nodes,15.0
Peritonsillar abscess,swollen_or_red_tonsils,41.0
Peritonsillar abscess,throat_feels_tight,34.0
Peritonsillar abscess,throat_redness,15.0
Peritonsillar abscess,throat_swelling,20.0
Persistent vomiting of unknown cause,abnormal_involuntary_movements,13.0
Persistent vomiting of unknown cause,cramps_and_spasms,13.0
Persistent vomiting of unknown cause,decreased_appetite,13.0
Persistent vomiting of unknown cause,diarrhea,52.0
Persistent vomiting of unknown cause,dizziness,24.0
Persistent vomiting of unknown cause,fever,28.0
Persistent vomiting of unknown cause,headache,24.0
Persistent vomiting of unknown cause,nausea,83.0
Persistent vomiting of unknown cause,problems_during_pregnancy,24.0
Persistent vomiting of unknown cause,sharp_abdominal_pain,72.0
Persistent vomiting of unknown cause,vomiting,96.0
Persistent vomiting of unknown cause,vomiting_blood,13.0
Personality disorder,anxiety_and_nervousness,51.0
Personality disorder,delusions_or_hallucinations,13.0
Personality disorder,depression,68.0
Personality disorder,depressive_or_psychotic_symptoms,70.0
Personality disorder,drug_abuse,12.0
Personality disorder,excessive_anger,16.0
Personality disorder,fears_and_phobias,8.0
Personality disorder,hostile_behavior,24.0
Personality disorder,insomnia,20.0
Personality disorder,low_self_esteem,15.0
Personality disorder,obsessions_and_compulsions,7.0
Personality disorder,temper_problems,7.0
Peyronie disease,blood_in_urine,20.0
Peyronie disease,bumps_on_penis,20.0
Peyronie disease,emotional_symptoms,1.0
Peyronie disease,frequent_urination,20.0
Peyronie disease,impotence,67.0
Peyronie disease,infertility,20.0
Peyronie disease,lower_abdominal_pain,20.0
Peyronie disease,mass_in_scrotum,20.0
Peyronie disease,penis_pain,58.0
Peyronie disease,sweating,20.0
Peyronie disease,symptoms_of_prostate,34.0
Peyronie disease,warts,20.0
Pharyngitis,coryza,45.0
Pharyngitis,cough,88.0
Pharyngitis,difficulty_in_swallowing,45.0
Pharyngitis,ear_pain,45.0
Pharyngitis,fever,85.0
Pharyngitis,hoarse_voice,45.0
Pharyngitis,hurts_to_breath,45.0
Pharyngitis,nasal_congestion,45.0
Pharyngitis,nausea,45.0
Pharyngitis,sharp_abdominal_pain,45.0
Pharyngitis,sore_throat,80.0
Pharyngitis,wheezing,63.0
Phimosis,blood_in_urine,12.0
Phimosis,bumps_on_penis,4.0
Phimosis,impotence,4.0
Phimosis,itchiness_of_eye,4.0
Phimosis,painful_urination,18.0
Phimosis,penile_discharge,4.0
Phimosis,penis_pain,44.0
Phimosis,penis_redness,35.0
Phimosis,retention_of_urine,24.0
Phimosis,symptoms_of_the_scrotum_and_testes,4.0
Phimosis,thirst,4.0
Pick disease,ankle_pain,91.0
Pick disease,excessive_anger,91.0
Pick disease,excessive_urination_at_night,91.0
Pick disease,facial_pain,91.0
Pick disease,fatigue,91.0
Pick disease,joint_stiffness_or_tightness,91.0
Pick disease,knee_lump_or_mass,91.0
Pick disease,pain_during_pregnancy,91.0
Pick disease,pain_in_eye,91.0
Pick disease,pain_or_soreness_of_breast,91.0
Pick disease,shoulder_cramps_or_spasms,91.0
Pick disease,wrist_pain,91.0
Pilonidal cyst,ache_all_over,32.0
Pilonidal cyst,back_mass_or_lump,14.0
Pilonidal cyst,bones_are_painful,14.0
Pilonidal cyst,fluid_retention,8.0
Pilonidal cyst,irregular_appearing_scalp,4.0
Pilonidal cyst,low_back_swelling,4.0
Pilonidal cyst,lower_body_pain,41.0
Pilonidal cyst,mass_or_swelling_around_the_anus,8.0
Pilonidal cyst,pain_of_the_anus,17.0
Pilonidal cyst,pelvic_pain,8.0
Pilonidal cyst,skin_growth,52.0
Pilonidal cyst,skin_swelling,28.0
Pinguecula,abnormal_breathing_sounds,30.0
Pinguecula,apnea,30.0
Pinguecula,diminished_vision,30.0
Pinguecula,double_vision,30.0
Pinguecula,headache,30.0
Pinguecula,itching_of_scrotum,2.0
Pinguecula,lacrimation,46.0
Pinguecula,pain_in_eye,30.0
Pinguecula,paresthesia,30.0
Pinguecula,sleepiness,30.0
Pinguecula,spots_or_clouds_in_vision,30.0
Pinguecula,symptoms_of_eye,65.0
Pinworm infection,ankle_pain,22.0
Pinworm infection,burning_abdominal_pain,22.0
Pinworm infection,constipation,47.0
Pinworm infection,coryza,22.0
Pinworm infection,itching_of_skin,47.0
Pinworm infection,itching_of_the_anus,69.0
Pinworm infection,neck_mass,22.0
Pinworm infection,pain_of_the_anus,54.0
Pinworm infection,painful_urination,36.0
Pinworm infection,retention_of_urine,22.0
Pinworm infection,sharp_abdominal_pain,65.0
Pinworm infection,skin_rash,47.0
Pituitary adenoma,coryza,20.0
Pituitary adenoma,diminished_vision,33.0
Pituitary adenoma,disturbance_of_memory,20.0
Pituitary adenoma,headache,56.0
Pituitary adenoma,knee_pain,33.0
Pituitary adenoma,long_menstrual_periods,20.0
Pituitary adenoma,loss_of_sensation,33.0
Pituitary adenoma,muscle_swelling,1.0
Pituitary adenoma,nausea,33.0
Pituitary adenoma,nosebleed,20.0
Pituitary adenoma,pain_in_eye,20.0
Pituitary adenoma,weight_gain,20.0
Pituitary disorder,acne_or_pimples,8.0
Pituitary disorder,bleeding_or_discharge_from_nipple,14.0
Pituitary disorder,fluid_retention,8.0
Pituitary disorder,headache,44.0
Pituitary disorder,hot_flashes,8.0
Pituitary disorder,infertility,8.0
Pituitary disorder,lack_of_growth,38.0
Pituitary disorder,mouth_pain,8.0
Pituitary disorder,pain_in_eye,14.0
Pituitary disorder,postpartum_problems_of_the_breast,8.0
Pituitary disorder,sleepiness,14.0
Pituitary disorder,weight_gain,8.0
Pityriasis rosea,abnormal_appearing_skin,45.0
Pityriasis rosea,acne_or_pimples,7.0
Pityriasis rosea,dry_or_flaky_scalp,7.0
Pityriasis rosea,excessive_appetite,7.0
Pityriasis rosea,fears_and_phobias,7.0
Pityriasis rosea,itching_of_skin,67.0
Pityriasis rosea,skin_growth,7.0
Pityriasis rosea,skin_rash,93.0
Pityriasis rosea,skin_swelling,24.0
Pityriasis rosea,vaginal_itching,7.0
Pityriasis rosea,warts,19.0
Pityriasis rosea,weight_gain,7.0
Placenta previa,cramps_and_spasms,23.0
Placenta previa,delusions_or_hallucinations,13.0
Placenta previa,involuntary_urination,13.0
Placenta previa,pain_during_pregnancy,38.0
Placenta previa,problems_during_pregnancy,13.0
Placenta previa,spotting_or_bleeding_during_pregnancy,60.0
Placenta previa,uterine_contractions,23.0
Placenta previa,vaginal_discharge,13.0
Placental abruption,cramps_and_spasms,51.0
Placental abruption,cross_eyed,4.0
Placental abruption,elbow_cramps_or_spasms,4.0
Placental abruption,emotional_symptoms,4.0
Placental abruption,excessive_growth,4.0
Placental abruption,itchy_eyelid,4.0
Placental abruption,lower_abdominal_pain,51.0
Placental abruption,nausea,51.0
Placental abruption,problems_during_pregnancy,51.0
Placental abruption,spotting_or_bleeding_during_pregnancy,79.0
Placental abruption,uterine_contractions,69.0
Placental abruption,wrist_weakness,4.0
Plague,acne_or_pimples,77.0
Plague,excessive_growth,11.0
Plague,eye_strain,11.0
Plague,joint_stiffness_or_tightness,11.0
Plague,knee_lump_or_mass,11.0
Plague,loss_of_sex_drive,11.0
Plague,nailbiting,11.0
Plague,neck_cramps_or_spasms,11.0
Plague,sharp_abdominal_pain,77.0
Plague,shoulder_swelling,11.0
Plague,vulvar_sore,11.0
Plague,wrist_weakness,11.0
Plantar fasciitis,ankle_pain,36.0
Plantar fasciitis,ankle_swelling,13.0
Plantar fasciitis,bones_are_painful,7.0
Plantar fasciitis,change_in_skin_mole_size_or_color,4.0
Plantar fasciitis,foot_or_toe_cramps_or_spasms,4.0
Plantar fasciitis,foot_or_toe_pain,95.0
Plantar fasciitis,foot_or_toe_swelling,10.0
Plantar fasciitis,itchy_scalp,4.0
Plantar fasciitis,knee_pain,24.0
Plantar fasciitis,lower_body_pain,7.0
Plantar fasciitis,muscle_pain,4.0
Plantar fasciitis,problems_with_movement,10.0
Pleural effusion,back_pain,32.0
Pleural effusion,cough,62.0
Pleural effusion,difficulty_breathing,43.0
Pleural effusion,drainage_in_throat,24.0
Pleural effusion,fever,24.0
Pleural effusion,hurts_to_breath,35.0
Pleural effusion,rib_pain,31.0
Pleural effusion,sharp_abdominal_pain,24.0
Pleural effusion,sharp_chest_pain,82.0
Pleural effusion,shortness_of_breath,76.0
Pleural effusion,side_pain,20.0
Pleural effusion,weakness,21.0
Pneumoconiosis,chest_tightness,41.0
Pneumoconiosis,cough,77.0
Pneumoconiosis,coughing_up_sputum,41.0
Pneumoconiosis,difficulty_breathing,41.0
Pneumoconiosis,dizziness,41.0
Pneumoconiosis,fever,59.0
Pneumoconiosis,insomnia,41.0
Pneumoconiosis,nasal_congestion,41.0
Pneumoconiosis,shortness_of_breath,70.0
Pneumoconiosis,sore_throat,41.0
Pneumoconiosis,vomiting,41.0
Pneumoconiosis,wheezing,70.0
Pneumonia,chills,20.0
Pneumonia,coryza,23.0
Pneumonia,cough,82.0
Pneumonia,difficulty_breathing,43.0
Pneumonia,fever,75.0
Pneumonia,nasal_congestion,44.0
Pneumonia,sharp_chest_pain,46.0
Pneumonia,shortness_of_breath,69.0
Pneumonia,sore_throat,26.0
Pneumonia,vomiting,41.0
Pneumonia,weakness,29.0
Pneumonia,wheezing,25.0
Pneumothorax,back_pain,38.0
Pneumothorax,cough,31.0
Pneumothorax,coughing_up_sputum,13.0
Pneumothorax,difficulty_breathing,41.0
Pneumothorax,drainage_in_throat,13.0
Pneumothorax,drug_abuse,13.0
Pneumothorax,hurts_to_breath,7.0
Pneumothorax,rib_pain,41.0
Pneumothorax,sharp_chest_pain,76.0
Pneumothorax,shortness_of_breath,71.0
Pneumothorax,shoulder_pain,41.0
Pneumothorax,side_pain,23.0
Poisoning due to analgesics,abusing_alcohol,24.0
Poisoning due to analgesics,blood_in_stool,8.0
Poisoning due to analgesics,depression,36.0
Poisoning due to analgesics,depressive_or_psychotic_symptoms,43.0
Poisoning due to analgesics,excessive_anger,8.0
Poisoning due to analgesics,heartburn,8.0
Poisoning due to analgesics,hostile_behavior,8.0
Poisoning due to analgesics,low_self_esteem,8.0
Poisoning due to analgesics,problems_during_pregnancy,14.0
Poisoning due to analgesics,skin_swelling,8.0
Poisoning due to analgesics,throat_irritation,8.0
Poisoning due to analgesics,vomiting,29.0
Poisoning due to anticonvulsants,depression,35.0
Poisoning due to anticonvulsants,difficulty_speaking,21.0
Poisoning due to anticonvulsants,dizziness,45.0
Poisoning due to anticonvulsants,feeling_ill,35.0
Poisoning due to anticonvulsants,headache,35.0
Poisoning due to anticonvulsants,itching_of_skin,21.0
Poisoning due to anticonvulsants,pain_in_eye,21.0
Poisoning due to anticonvulsants,problems_with_movement,53.0
Poisoning due to anticonvulsants,ringing_in_ear,21.0
Poisoning due to anticonvulsants,seizures,53.0
Poisoning due to anticonvulsants,slurring_words,21.0
Poisoning due to anticonvulsants,vomiting,35.0
Poisoning due to antidepressants,abusing_alcohol,21.0
Poisoning due to antidepressants,allergic_reaction,21.0
Poisoning due to antidepressants,back_weakness,1.0
Poisoning due to antidepressants,depression,52.0
Poisoning due to antidepressants,disturbance_of_memory,34.0
Poisoning due to antidepressants,drug_abuse,34.0
Poisoning due to antidepressants,emotional_symptoms,1.0
Poisoning due to antidepressants,fainting,21.0
Poisoning due to antidepressants,headache,34.0
Poisoning due to antidepressants,muscle_pain,21.0
Poisoning due to antidepressants,sleepiness,21.0
Poisoning due to antidepressants,weakness,21.0
Poisoning due to antihypertensives,allergic_reaction,26.0
Poisoning due to antihypertensives,depressive_or_psychotic_symptoms,52.0
Poisoning due to antihypertensives,diarrhea,26.0
Poisoning due to antihypertensives,dizziness,52.0
Poisoning due to antihypertensives,feeling_hot,26.0
Poisoning due to antihypertensives,focal_weakness,26.0
Poisoning due to antihypertensives,itching_of_skin,41.0
Poisoning due to antihypertensives,nausea,26.0
Poisoning due to antihypertensives,sharp_abdominal_pain,26.0
Poisoning due to antihypertensives,skin_rash,41.0
Poisoning due to antihypertensives,swollen_tongue,26.0
Poisoning due to antihypertensives,weakness,41.0
Poisoning due to antimicrobial drugs,abnormal_involuntary_movements,43.0
Poisoning due to antimicrobial drugs,allergic_reaction,62.0
Poisoning due to antimicrobial drugs,cough,33.0
Poisoning due to antimicrobial drugs,depressive_or_psychotic_symptoms,33.0
Poisoning due to antimicrobial drugs,nausea,43.0
Poisoning due to antimicrobial drugs,paresthesia,33.0
Poisoning due to antimicrobial drugs,peripheral_edema,20.0
Poisoning due to antimicrobial drugs,posture_problems,43.0
Poisoning due to antimicrobial drugs,problems_with_movement,51.0
Poisoning due to antimicrobial drugs,shortness_of_breath,33.0
Poisoning due to antimicrobial drugs,skin_rash,83.0
Poisoning due to antimicrobial drugs,vomiting,43.0
Poisoning due to antipsychotics,anxiety_and_nervousness,50.0
Poisoning due to antipsychotics,chest_tightness,24.0
Poisoning due to antipsychotics,delusions_or_hallucinations,39.0
Poisoning due to antipsychotics,depression,50.0
Poisoning due to antipsychotics,depressive_or_psychotic_symptoms,50.0
Poisoning due to antipsychotics,difficulty_speaking,24.0
Poisoning due to antipsychotics,dizziness,24.0
Poisoning due to antipsychotics,fainting,24.0
Poisoning due to antipsychotics,insomnia,24.0
Poisoning due to antipsychotics,sharp_chest_pain,24.0
Poisoning due to antipsychotics,sleepiness,24.0
Poisoning due to antipsychotics,tongue_lesions,24.0
Poisoning due to ethylene glycol,abusing_alcohol,78.0
Poisoning due to ethylene glycol,depression,29.0
Poisoning due to ethylene glycol,depressive_or_psychotic_symptoms,45.0
Poisoning due to ethylene glycol,diarrhea,29.0
Poisoning due to ethylene glycol,drug_abuse,45.0
Poisoning due to ethylene glycol,fainting,64.0
Poisoning due to ethylene glycol,feeling_ill,29.0
Poisoning due to ethylene glycol,headache,29.0
Poisoning due to ethylene glycol,hostile_behavior,45.0
Poisoning due to ethylene glycol,nausea,29.0
Poisoning due to ethylene glycol,sharp_abdominal_pain,29.0
Poisoning due to ethylene glycol,vomiting,29.0
Poisoning due to gas,cough,59.0
Poisoning due to gas,difficulty_breathing,35.0
Poisoning due to gas,dizziness,35.0
Poisoning due to gas,drainage_in_throat,21.0
Poisoning due to gas,fever,28.0
Poisoning due to gas,headache,49.0
Poisoning due to gas,nasal_congestion,40.0
Poisoning due to gas,nausea,49.0
Poisoning due to gas,sharp_chest_pain,40.0
Poisoning due to gas,shortness_of_breath,62.0
Poisoning due to gas,sore_throat,35.0
Poisoning due to gas,wheezing,28.0
Poisoning due to opioids,abusing_alcohol,14.0
Poisoning due to opioids,arm_pain,25.0
Poisoning due to opioids,arm_weakness,14.0
Poisoning due to opioids,depressive_or_psychotic_symptoms,51.0
Poisoning due to opioids,difficulty_speaking,14.0
Poisoning due to opioids,dizziness,25.0
Poisoning due to opioids,drug_abuse,47.0
Poisoning due to opioids,feeling_ill,14.0
Poisoning due to opioids,problems_with_movement,14.0
Poisoning due to opioids,sleepiness,14.0
Poisoning due to opioids,slurring_words,25.0
Poisoning due to opioids,vomiting,25.0
Poisoning due to sedatives,abusing_alcohol,21.0
Poisoning due to sedatives,delusions_or_hallucinations,15.0
Poisoning due to sedatives,depression,27.0
Poisoning due to sedatives,depressive_or_psychotic_symptoms,68.0
Poisoning due to sedatives,disturbance_of_memory,8.0
Poisoning due to sedatives,drug_abuse,15.0
Poisoning due to sedatives,excessive_anger,8.0
Poisoning due to sedatives,hostile_behavior,8.0
Poisoning due to sedatives,insomnia,21.0
Poisoning due to sedatives,problems_with_movement,8.0
Poisoning due to sedatives,sleepiness,31.0
Poisoning due to sedatives,slurring_words,8.0
Polycystic kidney disease,back_pain,28.0
Polycystic kidney disease,blood_in_urine,40.0
Polycystic kidney disease,frequent_urination,16.0
Polycystic kidney disease,kidney_mass,31.0
Polycystic kidney disease,low_back_pain,24.0
Polycystic kidney disease,painful_urination,16.0
Polycystic kidney disease,retention_of_urine,16.0
Polycystic kidney disease,sharp_abdominal_pain,34.0
Polycystic kidney disease,side_pain,45.0
Polycystic kidney disease,skin_growth,11.0
Polycystic kidney disease,suprapubic_pain,16.0
Polycystic kidney disease,symptoms_of_the_kidneys,16.0
Polycystic ovarian syndrome (PCOS),absence_of_menstruation,19.0
Polycystic ovarian syndrome (PCOS),acne_or_pimples,8.0
Polycystic ovarian syndrome (PCOS),cramps_and_spasms,8.0
Polycystic ovarian syndrome (PCOS),heavy_menstrual_flow,19.0
Polycystic ovarian syndrome (PCOS),hot_flashes,8.0
Polycystic ovarian syndrome (PCOS),infertility,47.0
Polycystic ovarian syndrome (PCOS),intermenstrual_bleeding,16.0
Polycystic ovarian syndrome (PCOS),long_menstrual_periods,12.0
Polycystic ovarian syndrome (PCOS),painful_menstruation,8.0
Polycystic ovarian syndrome (PCOS),pelvic_pain,22.0
Polycystic ovarian syndrome (PCOS),unpredictable_menstruation,34.0
Polycystic ovarian syndrome (PCOS),weight_gain,27.0
Polycythemia vera,difficulty_eating,10.0
Polycythemia vera,dizziness,30.0
Polycythemia vera,fatigue,43.0
Polycythemia vera,headache,24.0
Polycythemia vera,itching_of_skin,17.0
Polycythemia vera,joint_pain,10.0
Polycythemia vera,joint_swelling,10.0
Polycythemia vera,regurgitation,10.0
Polycythemia vera,skin_lesion,30.0
Polycythemia vera,spots_or_clouds_in_vision,10.0
Polycythemia vera,symptoms_of_eye,17.0
Polycythemia vera,weight_gain,10.0
Polymyalgia rheumatica,ache_all_over,36.0
Polymyalgia rheumatica,difficulty_in_swallowing,12.0
Polymyalgia rheumatica,fatigue,47.0
Polymyalgia rheumatica,hip_pain,22.0
Polymyalgia rheumatica,irregular_heartbeat,22.0
Polymyalgia rheumatica,leg_pain,36.0
Polymyalgia rheumatica,leg_weakness,12.0
Polymyalgia rheumatica,muscle_pain,22.0
Polymyalgia rheumatica,sharp_chest_pain,30.0
Polymyalgia rheumatica,shoulder_pain,42.0
Polymyalgia rheumatica,stiffness_all_over,12.0
Polymyalgia rheumatica,temper_problems,12.0
Post-traumatic stress disorder (PTSD),abusing_alcohol,10.0
Post-traumatic stress disorder (PTSD),anxiety_and_nervousness,70.0
Post-traumatic stress disorder (PTSD),delusions_or_hallucinations,19.0
Post-traumatic stress disorder (PTSD),depression,66.0
Post-traumatic stress disorder (PTSD),depressive_or_psychotic_symptoms,57.0
Post-traumatic stress disorder (PTSD),drug_abuse,16.0
Post-traumatic stress disorder (PTSD),excessive_anger,14.0
Post-traumatic stress disorder (PTSD),fears_and_phobias,9.0
Post-traumatic stress disorder (PTSD),hostile_behavior,9.0
Post-traumatic stress disorder (PTSD),insomnia,23.0
Post-traumatic stress disorder (PTSD),low_self_esteem,9.0
Post-traumatic stress disorder (PTSD),temper_problems,11.0
Postoperative infection,abnormal_appearing_skin,33.0
Postoperative infection,fever,40.0
Postoperative infection,fluid_in_ear,6.0
Postoperative infection,fluid_retention,9.0
Postoperative infection,irregular_belly_button,6.0
Postoperative infection,jaw_swelling,6.0
Postoperative infection,leg_swelling,9.0
Postoperative infection,recent_pregnancy,6.0
Postoperative infection,sharp_abdominal_pain,27.0
Postoperative infection,skin_on_arm_or_hand_looks_infected,6.0
Postoperative infection,skin_on_leg_or_foot_looks_infected,14.0
Postoperative infection,skin_swelling,9.0
Postpartum depression,anxiety_and_nervousness,30.0
Postpartum depression,delusions_or_hallucinations,10.0
Postpartum depression,depression,57.0
Postpartum depression,depressive_or_psychotic_symptoms,24.0
Postpartum depression,drug_abuse,12.0
Postpartum depression,excessive_anger,3.0
Postpartum depression,intermenstrual_bleeding,5.0
Postpartum depression,pain_during_pregnancy,25.0
Postpartum depression,problems_during_pregnancy,33.0
Postpartum depression,recent_pregnancy,33.0
Postpartum depression,spotting_or_bleeding_during_pregnancy,12.0
Postpartum depression,uterine_contractions,10.0
Preeclampsia,cramps_and_spasms,4.0
Preeclampsia,headache,39.0
Preeclampsia,lower_abdominal_pain,15.0
Preeclampsia,pain_during_pregnancy,34.0
Preeclampsia,problems_during_pregnancy,31.0
Preeclampsia,recent_pregnancy,13.0
Preeclampsia,sharp_abdominal_pain,29.0
Preeclampsia,spots_or_clouds_in_vision,7.0
Preeclampsia,uterine_contractions,27.0
Preeclampsia,vaginal_redness,4.0
Pregnancy,cramps_and_spasms,4.0
Pregnancy,pain_during_pregnancy,25.0
Pregnancy,pelvic_pressure,2.0
Pregnancy,problems_during_pregnancy,24.0
Pregnancy,spotting_or_bleeding_during_pregnancy,8.0
Pregnancy,uterine_contractions,27.0
Premature atrial contractions (PACs),chest_tightness,47.0
Premature atrial contractions (PACs),dizziness,47.0
Premature atrial contractions (PACs),fainting,18.0
Premature atrial contractions (PACs),fatigue,40.0
Premature atrial contractions (PACs),frequent_urination,18.0
Premature atrial contractions (PACs),increased_heart_rate,18.0
Premature atrial contractions (PACs),irregular_heartbeat,66.0
Premature atrial contractions (PACs),muscle_swelling,1.0
Premature atrial contractions (PACs),palpitations,84.0
Premature atrial contractions (PACs),pus_in_urine,1.0
Premature atrial contractions (PACs),sharp_chest_pain,53.0
Premature atrial contractions (PACs),shortness_of_breath,53.0
Premature ovarian failure,absence_of_menstruation,22.0
Premature ovarian failure,dry_or_flaky_scalp,7.0
Premature ovarian failure,heavy_menstrual_flow,7.0
Premature ovarian failure,hot_flashes,7.0
Premature ovarian failure,infertility,82.0
Premature ovarian failure,intermenstrual_bleeding,7.0
Premature ovarian failure,lack_of_growth,7.0
Premature ovarian failure,pain_during_intercourse,7.0
Premature ovarian failure,pelvic_pain,18.0
Premature ovarian failure,too_little_hair,7.0
Premature ovarian failure,unpredictable_menstruation,22.0
Premature ovarian failure,weight_gain,13.0
Premature rupture of amniotic membrane,abnormal_size_or_shape_of_ear,2.0
Premature rupture of amniotic membrane,back_weakness,2.0
Premature rupture of amniotic membrane,coryza,28.0
Premature rupture of amniotic membrane,elbow_weakness,2.0
Premature rupture of amniotic membrane,fever,28.0
Premature rupture of amniotic membrane,low_back_weakness,2.0
Premature rupture of amniotic membrane,muscle_swelling,2.0
Premature rupture of amniotic membrane,seizures,28.0
Premature rupture of amniotic membrane,sharp_abdominal_pain,28.0
Premature rupture of amniotic membrane,spotting_or_bleeding_during_pregnancy,28.0
Premature rupture of amniotic membrane,uterine_contractions,92.0
Premature rupture of amniotic membrane,weight_gain,28.0
Premature ventricular contractions (PVCs),apnea,14.0
Premature ventricular contractions (PVCs),back_cramps_or_spasms,8.0
Premature ventricular contractions (PVCs),chest_tightness,19.0
Premature ventricular contractions (PVCs),difficulty_breathing,24.0
Premature ventricular contractions (PVCs),fainting,33.0
Premature ventricular contractions (PVCs),impotence,8.0
Premature ventricular contractions (PVCs),increased_heart_rate,24.0
Premature ventricular contractions (PVCs),irregular_heartbeat,59.0
Premature ventricular contractions (PVCs),palpitations,73.0
Premature ventricular contractions (PVCs),sharp_chest_pain,40.0
Premature ventricular contractions (PVCs),shortness_of_breath,24.0
Premature ventricular contractions (PVCs),sleepiness,14.0
Premenstrual tension syndrome,back_pain,35.0
Premenstrual tension syndrome,burning_abdominal_pain,21.0
Premenstrual tension syndrome,depressive_or_psychotic_symptoms,28.0
Premenstrual tension syndrome,headache,56.0
Premenstrual tension syndrome,heavy_menstrual_flow,21.0
Premenstrual tension syndrome,long_menstrual_periods,35.0
Premenstrual tension syndrome,lower_abdominal_pain,21.0
Premenstrual tension syndrome,painful_menstruation,28.0
Premenstrual tension syndrome,pelvic_pain,21.0
Premenstrual tension syndrome,premenstrual_tension_or_irritability,64.0
Premenstrual tension syndrome,unpredictable_menstruation,40.0
Premenstrual tension syndrome,vomiting,28.0
Presbyacusis,diminished_hearing,91.0
Presbyacusis,dizziness,70.0
Presbyacusis,ear_pain,41.0
Presbyacusis,elbow_cramps_or_spasms,3.0
Presbyacusis,elbow_weakness,3.0
Presbyacusis,emotional_symptoms,3.0
Presbyacusis,excessive_growth,3.0
Presbyacusis,feeling_hot_and_cold,3.0
Presbyacusis,low_back_weakness,3.0
Presbyacusis,neck_stiffness_or_tightness,41.0
Presbyacusis,ringing_in_ear,59.0
Presbyacusis,wrist_weakness,3.0
Presbyopia,abnormal_movement_of_eyelid,8.0
Presbyopia,difficulty_speaking,4.0
Presbyopia,diminished_vision,83.0
Presbyopia,eye_burns_or_stings,12.0
Presbyopia,eye_redness,15.0
Presbyopia,foreign_body_sensation_in_eye,12.0
Presbyopia,itchiness_of_eye,15.0
Presbyopia,lacrimation,8.0
Presbyopia,mass_on_eyelid,4.0
Presbyopia,pain_in_eye,15.0
Presbyopia,spots_or_clouds_in_vision,33.0
Presbyopia,symptoms_of_eye,35.0
Priapism,abusing_alcohol,33.0
Priapism,ache_all_over,33.0
Priapism,allergic_reaction,33.0
Priapism,back_pain,33.0
Priapism,drug_abuse,33.0
Priapism,elbow_weakness,2.0
Priapism,impotence,33.0
Priapism,leg_cramps_or_spasms,33.0
Priapism,pain_during_intercourse,33.0
Priapism,painful_urination,51.0
Priapism,penis_pain,85.0
Priapism,premature_ejaculation,33.0
Primary immunodeficiency,arm_stiffness_or_tightness,6.0
Primary immunodeficiency,cough,28.0
Primary immunodeficiency,decreased_appetite,12.0
Primary immunodeficiency,fatigue,32.0
Primary immunodeficiency,frontal_headache,16.0
Primary immunodeficiency,joint_pain,6.0
Primary immunodeficiency,mouth_ulcer,6.0
Primary immunodeficiency,painful_sinuses,12.0
Primary immunodeficiency,skin_irritation,6.0
Primary immunodeficiency,swollen_tongue,6.0
Primary immunodeficiency,temper_problems,6.0
Primary immunodeficiency,upper_abdominal_pain,12.0
Primary insomnia,abnormal_breathing_sounds,53.0
Primary insomnia,abnormal_involuntary_movements,25.0
Primary insomnia,anxiety_and_nervousness,33.0
Primary insomnia,apnea,40.0
Primary insomnia,delusions_or_hallucinations,20.0
Primary insomnia,fatigue,51.0
Primary insomnia,headache,33.0
Primary insomnia,insomnia,76.0
Primary insomnia,neck_pain,25.0
Primary insomnia,seizures,33.0
Primary insomnia,sleepiness,40.0
Primary insomnia,sleepwalking,33.0
Primary kidney disease,blood_in_urine,15.0
Primary kidney disease,impotence,6.0
Primary kidney disease,irregular_appearing_nails,3.0
Primary kidney disease,lack_of_growth,3.0
Primary kidney disease,leg_cramps_or_spasms,3.0
Primary kidney disease,leg_stiffness_or_tightness,3.0
Primary kidney disease,melena,3.0
Primary kidney disease,peripheral_edema,29.0
Primary kidney disease,swelling_of_scrotum,3.0
Primary kidney disease,symptoms_of_the_kidneys,24.0
Primary kidney disease,thirst,3.0
Primary thrombocythemia,abusing_alcohol,12.0
Primary thrombocythemia,dizziness,28.0
Primary thrombocythemia,fatigue,21.0
Primary thrombocythemia,flatulence,12.0
Primary thrombocythemia,fluid_retention,12.0
Primary thrombocythemia,frequent_urination,12.0
Primary thrombocythemia,joint_pain,12.0
Primary thrombocythemia,muscle_pain,12.0
Primary thrombocythemia,pain_of_the_anus,12.0
Primary thrombocythemia,rectal_bleeding,12.0
Primary thrombocythemia,sweating,12.0
Primary thrombocythemia,symptoms_of_eye,12.0
Problem during pregnancy,back_pain,30.0
Problem during pregnancy,burning_abdominal_pain,27.0
Problem during pregnancy,cramps_and_spasms,21.0
Problem during pregnancy,headache,31.0
Problem during pregnancy,lower_abdominal_pain,39.0
Problem during pregnancy,nausea,32.0
Problem during pregnancy,pain_during_pregnancy,75.0
Problem during pregnancy,pelvic_pain,27.0
Problem during pregnancy,problems_during_pregnancy,49.0
Problem during pregnancy,sharp_abdominal_pain,76.0
Problem during pregnancy,spotting_or_bleeding_during_pregnancy,36.0
Problem during pregnancy,vomiting,28.0
Prostate cancer,blood_in_urine,17.0
Prostate cancer,excessive_urination_at_night,11.0
Prostate cancer,flushing,3.0
Prostate cancer,frequent_urination,14.0
Prostate cancer,impotence,12.0
Prostate cancer,involuntary_urination,14.0
Prostate cancer,pain_during_intercourse,1.0
Prostate cancer,retention_of_urine,23.0
Prostate cancer,symptoms_of_bladder,3.0
Prostate cancer,symptoms_of_prostate,15.0
Prostatitis,back_pain,30.0
Prostatitis,blood_in_urine,37.0
Prostatitis,chills,20.0
Prostatitis,fever,32.0
Prostatitis,frequent_urination,52.0
Prostatitis,impotence,26.0
Prostatitis,lower_abdominal_pain,22.0
Prostatitis,pain_in_testicles,41.0
Prostatitis,painful_urination,58.0
Prostatitis,retention_of_urine,41.0
Prostatitis,sharp_abdominal_pain,34.0
Prostatitis,symptoms_of_prostate,34.0
Protein deficiency,ache_all_over,34.0
Protein deficiency,constipation,15.0
Protein deficiency,decreased_appetite,34.0
Protein deficiency,depression,26.0
Protein deficiency,dizziness,26.0
Protein deficiency,fatigue,26.0
Protein deficiency,nausea,42.0
Protein deficiency,sharp_abdominal_pain,26.0
Protein deficiency,shortness_of_breath,26.0
Protein deficiency,smoking_problems,15.0
Protein deficiency,vomiting,34.0
Protein deficiency,weakness,52.0
Pseudohypoparathyroidism,ankle_pain,33.0
Pseudohypoparathyroidism,elbow_weakness,2.0
Pseudohypoparathyroidism,foot_or_toe_pain,51.0
Pseudohypoparathyroidism,hip_pain,33.0
Pseudohypoparathyroidism,joint_pain,33.0
Pseudohypoparathyroidism,knee_pain,87.0
Pseudohypoparathyroidism,leg_pain,33.0
Pseudohypoparathyroidism,leg_swelling,33.0
Pseudohypoparathyroidism,low_back_pain,33.0
Pseudohypoparathyroidism,skin_lesion,33.0
Pseudohypoparathyroidism,wrist_pain,51.0
Pseudohypoparathyroidism,wrist_swelling,33.0
Pseudotumor cerebri,abnormal_involuntary_movements,11.0
Pseudotumor cerebri,diminished_hearing,11.0
Pseudotumor cerebri,diminished_vision,50.0
Pseudotumor cerebri,dizziness,26.0
Pseudotumor cerebri,fluid_retention,19.0
Pseudotumor cerebri,headache,88.0
Pseudotumor cerebri,hot_flashes,11.0
Pseudotumor cerebri,pain_in_eye,19.0
Pseudotumor cerebri,regurgitation,11.0
Pseudotumor cerebri,skin_swelling,11.0
Pseudotumor cerebri,slurring_words,11.0
Pseudotumor cerebri,spots_or_clouds_in_vision,11.0
Psoriasis,abnormal_appearing_skin,22.0
Psoriasis,acne_or_pimples,7.0
Psoriasis,irregular_appearing_scalp,14.0
Psoriasis,itching_of_skin,38.0
Psoriasis,itchy_scalp,16.0
Psoriasis,joint_pain,13.0
Psoriasis,skin_dryness_peeling_scaliness_or_roughness,26.0
Psoriasis,skin_growth,9.0
Psoriasis,skin_lesion,24.0
Psoriasis,skin_moles,10.0
Psoriasis,skin_rash,64.0
Psoriasis,skin_swelling,7.0
Psychosexual disorder,depression,39.0
Psychosexual disorder,fatigue,24.0
Psychosexual disorder,fears_and_phobias,14.0
Psychosexual disorder,impotence,66.0
Psychosexual disorder,involuntary_urination,14.0
Psychosexual disorder,knee_pain,39.0
Psychosexual disorder,loss_of_sex_drive,49.0
Psychosexual disorder,muscle_pain,14.0
Psychosexual disorder,pain_during_intercourse,32.0
Psychosexual disorder,premature_ejaculation,54.0
Psychosexual disorder,problems_with_orgasm,14.0
Psychosexual disorder,symptoms_of_prostate,14.0
Psychotic disorder,abusing_alcohol,11.0
Psychotic disorder,anxiety_and_nervousness,42.0
Psychotic disorder,delusions_or_hallucinations,45.0
Psychotic disorder,depression,54.0
Psychotic disorder,depressive_or_psychotic_symptoms,74.0
Psychotic disorder,drug_abuse,16.0
Psychotic disorder,excessive_anger,17.0
Psychotic disorder,fears_and_phobias,12.0
Psychotic disorder,hostile_behavior,35.0
Psychotic disorder,hysterical_behavior,5.0
Psychotic disorder,insomnia,16.0
Psychotic disorder,temper_problems,10.0
Pterygium,acne_or_pimples,8.0
Pterygium,diminished_vision,46.0
Pterygium,eye_burns_or_stings,27.0
Pterygium,eye_redness,52.0
Pterygium,eyelid_swelling,8.0
Pterygium,foreign_body_sensation_in_eye,27.0
Pterygium,irregular_appearing_scalp,8.0
Pterygium,itchiness_of_eye,31.0
Pterygium,lacrimation,31.0
Pterygium,pain_in_eye,56.0
Pterygium,spots_or_clouds_in_vision,15.0
Pterygium,symptoms_of_eye,56.0
Pulmonary congestion,chest_tightness,27.0
Pulmonary congestion,congestion_in_chest,27.0
Pulmonary congestion,cough,56.0
Pulmonary congestion,decreased_heart_rate,8.0
Pulmonary congestion,difficulty_breathing,56.0
Pulmonary congestion,fever,31.0
Pulmonary congestion,fluid_retention,15.0
Pulmonary congestion,leg_swelling,15.0
Pulmonary congestion,nasal_congestion,39.0
Pulmonary congestion,sharp_chest_pain,65.0
Pulmonary congestion,shortness_of_breath,85.0
Pulmonary congestion,weakness,21.0
Pulmonary embolism,back_pain,24.0
Pulmonary embolism,chest_tightness,17.0
Pulmonary embolism,cough,29.0
Pulmonary embolism,difficulty_breathing,35.0
Pulmonary embolism,hemoptysis,15.0
Pulmonary embolism,leg_pain,24.0
Pulmonary embolism,leg_swelling,13.0
Pulmonary embolism,sharp_chest_pain,65.0
Pulmonary embolism,shortness_of_breath,73.0
Pulmonary embolism,side_pain,23.0
Pulmonary embolism,sweating,10.0
Pulmonary embolism,weakness,21.0
Pulmonary eosinophilia,ache_all_over,30.0
Pulmonary eosinophilia,cough,83.0
Pulmonary eosinophilia,difficulty_breathing,30.0
Pulmonary eosinophilia,dizziness,30.0
Pulmonary eosinophilia,fever,74.0
Pulmonary eosinophilia,fluid_retention,18.0
Pulmonary eosinophilia,nasal_congestion,63.0
Pulmonary eosinophilia,nosebleed,18.0
Pulmonary eosinophilia,paresthesia,18.0
Pulmonary eosinophilia,redness_in_ear,18.0
Pulmonary eosinophilia,sharp_chest_pain,40.0
Pulmonary eosinophilia,shortness_of_breath,76.0
Pulmonary fibrosis,chest_tightness,11.0
Pulmonary fibrosis,cough,62.0
Pulmonary fibrosis,coughing_up_sputum,11.0
Pulmonary fibrosis,difficulty_breathing,37.0
Pulmonary fibrosis,fainting,20.0
Pulmonary fibrosis,fever,24.0
Pulmonary fibrosis,hemoptysis,11.0
Pulmonary fibrosis,hurts_to_breath,11.0
Pulmonary fibrosis,itchiness_of_eye,11.0
Pulmonary fibrosis,palpitations,11.0
Pulmonary fibrosis,sharp_chest_pain,39.0
Pulmonary fibrosis,shortness_of_breath,78.0
Pulmonary hypertension,apnea,13.0
Pulmonary hypertension,cough,25.0
Pulmonary hypertension,difficulty_breathing,39.0
Pulmonary hypertension,fatigue,33.0
Pulmonary hypertension,feeling_ill,16.0
Pulmonary hypertension,hemoptysis,5.0
Pulmonary hypertension,hurts_to_breath,13.0
Pulmonary hypertension,palpitations,9.0
Pulmonary hypertension,peripheral_edema,16.0
Pulmonary hypertension,sharp_chest_pain,31.0
Pulmonary hypertension,shortness_of_breath,68.0
Pulmonary hypertension,wheezing,16.0
Pulmonic valve disease,elbow_cramps_or_spasms,3.0
Pulmonic valve disease,elbow_weakness,3.0
Pulmonic valve disease,emotional_symptoms,3.0
Pulmonic valve disease,excessive_growth,3.0
Pulmonic valve disease,feeling_hot_and_cold,3.0
Pulmonic valve disease,lack_of_growth,40.0
Pulmonic valve disease,leg_pain,40.0
Pulmonic valve disease,low_back_pain,40.0
Pulmonic valve disease,low_back_weakness,3.0
Pulmonic valve disease,nailbiting,3.0
Pulmonic valve disease,shortness_of_breath,40.0
Pulmonic valve disease,wrist_weakness,3.0
Pyelonephritis,back_pain,68.0
Pyelonephritis,blood_in_urine,30.0
Pyelonephritis,fever,70.0
Pyelonephritis,frequent_urination,28.0
Pyelonephritis,low_back_pain,40.0
Pyelonephritis,lower_abdominal_pain,32.0
Pyelonephritis,nausea,56.0
Pyelonephritis,painful_urination,52.0
Pyelonephritis,sharp_abdominal_pain,70.0
Pyelonephritis,side_pain,75.0
Pyelonephritis,suprapubic_pain,29.0
Pyelonephritis,vomiting,57.0
Pyloric stenosis,arm_stiffness_or_tightness,21.0
Pyloric stenosis,burning_abdominal_pain,21.0
Pyloric stenosis,cough,35.0
Pyloric stenosis,infant_spitting_up,35.0
Pyloric stenosis,pain_during_pregnancy,21.0
Pyloric stenosis,regurgitation,21.0
Pyloric stenosis,restlessness,21.0
Pyloric stenosis,sharp_abdominal_pain,35.0
Pyloric stenosis,symptoms_of_infants,21.0
Pyloric stenosis,vomiting,84.0
Pyloric stenosis,vomiting_blood,35.0
Pyloric stenosis,wheezing,21.0
Pyogenic skin infection,abnormal_appearing_skin,46.0
Pyogenic skin infection,foot_or_toe_pain,24.0
Pyogenic skin infection,foot_or_toe_swelling,16.0
Pyogenic skin infection,hand_or_finger_pain,17.0
Pyogenic skin infection,hand_or_finger_swelling,19.0
Pyogenic skin infection,leg_pain,30.0
Pyogenic skin infection,leg_swelling,25.0
Pyogenic skin infection,peripheral_edema,23.0
Pyogenic skin infection,skin_lesion,35.0
Pyogenic skin infection,skin_on_leg_or_foot_looks_infected,24.0
Pyogenic skin infection,skin_rash,29.0
Pyogenic skin infection,skin_swelling,20.0
Rabies,ankle_pain,91.0
Rabies,excessive_anger,91.0
Rabies,excessive_urination_at_night,91.0
Rabies,facial_pain,91.0
Rabies,fatigue,91.0
Rabies,joint_stiffness_or_tightness,91.0
Rabies,knee_lump_or_mass,91.0
Rabies,pain_during_pregnancy,91.0
Rabies,pain_in_eye,91.0
Rabies,pain_or_soreness_of_breast,91.0
Rabies,shoulder_cramps_or_spasms,91.0
Rabies,wrist_pain,91.0
Raynaud disease,abnormal_appearing_skin,34.0
Raynaud disease,ache_all_over,25.0
Raynaud disease,back_pain,25.0
Raynaud disease,hand_or_finger_pain,25.0
Raynaud disease,hand_or_finger_swelling,34.0
Raynaud disease,loss_of_sensation,47.0
Raynaud disease,muscle_pain,25.0
Raynaud disease,paresthesia,34.0
Raynaud disease,poor_circulation,34.0
Raynaud disease,skin_lesion,25.0
Raynaud disease,symptoms_of_eye,25.0
Raynaud disease,wrist_swelling,25.0
Reactive arthritis,ache_all_over,77.0
Reactive arthritis,back_pain,77.0
Reactive arthritis,excessive_growth,11.0
Reactive arthritis,hip_pain,77.0
Reactive arthritis,knee_lump_or_mass,11.0
Reactive arthritis,knee_pain,77.0
Reactive arthritis,loss_of_sex_drive,11.0
Reactive arthritis,nailbiting,11.0
Reactive arthritis,neck_cramps_or_spasms,11.0
Reactive arthritis,shoulder_swelling,11.0
Reactive arthritis,vulvar_sore,11.0
Reactive arthritis,wrist_weakness,11.0
Rectal disorder,blood_in_stool,67.0
Rectal disorder,burning_abdominal_pain,20.0
Rectal disorder,changes_in_stool_appearance,7.0
Rectal disorder,constipation,32.0
Rectal disorder,cramps_and_spasms,6.0
Rectal disorder,diarrhea,35.0
Rectal disorder,heartburn,7.0
Rectal disorder,itching_of_the_anus,8.0
Rectal disorder,melena,12.0
Rectal disorder,pain_of_the_anus,61.0
Rectal disorder,rectal_bleeding,86.0
Rectal disorder,sharp_abdominal_pain,56.0
Restless leg syndrome,abnormal_breathing_sounds,32.0
Restless leg syndrome,abnormal_involuntary_movements,77.0
Restless leg syndrome,apnea,33.0
Restless leg syndrome,back_pain,25.0
Restless leg syndrome,depression,29.0
Restless leg syndrome,difficulty_breathing,25.0
Restless leg syndrome,fatigue,32.0
Restless leg syndrome,headache,39.0
Restless leg syndrome,insomnia,25.0
Restless leg syndrome,leg_pain,49.0
Restless leg syndrome,loss_of_sensation,25.0
Restless leg syndrome,sleepiness,37.0
Retinal detachment,abnormal_movement_of_eyelid,6.0
Retinal detachment,bleeding_from_eye,6.0
Retinal detachment,blindness,39.0
Retinal detachment,cloudy_eye,6.0
Retinal detachment,diminished_vision,64.0
Retinal detachment,double_vision,6.0
Retinal detachment,eye_burns_or_stings,10.0
Retinal detachment,itchiness_of_eye,15.0
Retinal detachment,lacrimation,10.0
Retinal detachment,pain_in_eye,22.0
Retinal detachment,spots_or_clouds_in_vision,66.0
Retinal detachment,symptoms_of_eye,32.0
Retinopathy due to high blood pressure,blindness,8.0
Retinopathy due to high blood pressure,diminished_vision,70.0
Retinopathy due to high blood pressure,eye_redness,15.0
Retinopathy due to high blood pressure,foreign_body_sensation_in_eye,15.0
Retinopathy due to high blood pressure,irregular_appearing_nails,8.0
Retinopathy due to high blood pressure,itchiness_of_eye,21.0
Retinopathy due to high blood pressure,lacrimation,8.0
Retinopathy due to high blood pressure,mass_on_eyelid,15.0
Retinopathy due to high blood pressure,pain_in_eye,21.0
Retinopathy due to high blood pressure,pus_draining_from_ear,8.0
Retinopathy due to high blood pressure,spots_or_clouds_in_vision,38.0
Retinopathy due to high blood pressure,symptoms_of_eye,35.0
Rhabdomyolysis,ache_all_over,31.0
Rhabdomyolysis,arm_pain,48.0
Rhabdomyolysis,depressive_or_psychotic_symptoms,54.0
Rhabdomyolysis,fatigue,31.0
Rhabdomyolysis,headache,31.0
Rhabdomyolysis,hoarse_voice,18.0
Rhabdomyolysis,leg_pain,31.0
Rhabdomyolysis,loss_of_sensation,31.0
Rhabdomyolysis,peripheral_edema,31.0
Rhabdomyolysis,sharp_chest_pain,59.0
Rhabdomyolysis,vomiting,31.0
Rhabdomyolysis,weakness,31.0
Rheumatic fever,bedwetting,14.0
Rheumatic fever,excessive_growth,14.0
Rheumatic fever,eye_strain,14.0
Rheumatic fever,itchiness_of_eye,84.0
Rheumatic fever,joint_stiffness_or_tightness,14.0
Rheumatic fever,knee_lump_or_mass,14.0
Rheumatic fever,loss_of_sex_drive,14.0
Rheumatic fever,nailbiting,14.0
Rheumatic fever,neck_cramps_or_spasms,14.0
Rheumatic fever,pelvic_pressure,14.0
Rheumatic fever,shoulder_swelling,14.0
Rheumatic fever,vulvar_sore,14.0
Rheumatoid arthritis,ache_all_over,29.0
Rheumatoid arthritis,elbow_swelling,4.0
Rheumatoid arthritis,hand_or_finger_pain,28.0
Rheumatoid arthritis,hand_or_finger_swelling,9.0
Rheumatoid arthritis,hand_or_finger_weakness,4.0
Rheumatoid arthritis,joint_pain,43.0
Rheumatoid arthritis,joint_swelling,5.0
Rheumatoid arthritis,knee_pain,42.0
Rheumatoid arthritis,peripheral_edema,13.0
Rheumatoid arthritis,stiffness_all_over,3.0
Rheumatoid arthritis,wrist_pain,15.0
Rheumatoid arthritis,wrist_swelling,3.0
Rocky Mountain spotted fever,ankle_pain,32.0
Rocky Mountain spotted fever,excessive_anger,32.0
Rocky Mountain spotted fever,facial_pain,32.0
Rocky Mountain spotted fever,fatigue,32.0
Rocky Mountain spotted fever,headache,100.0
Rocky Mountain spotted fever,joint_stiffness_or_tightness,32.0
Rocky Mountain spotted fever,knee_lump_or_mass,32.0
Rocky Mountain spotted fever,pain_during_pregnancy,32.0
Rocky Mountain spotted fever,pain_in_eye,32.0
Rocky Mountain spotted fever,pain_or_soreness_of_breast,32.0
Rocky Mountain spotted fever,shoulder_cramps_or_spasms,32.0
Rocky Mountain spotted fever,wrist_pain,32.0
Rosacea,abnormal_appearing_skin,61.0
Rosacea,acne_or_pimples,52.0
Rosacea,itching_of_skin,18.0
Rosacea,lymphedema,10.0
Rosacea,skin_dryness_peeling_scaliness_or_roughness,42.0
Rosacea,skin_growth,25.0
Rosacea,skin_lesion,39.0
Rosacea,skin_moles,20.0
Rosacea,skin_rash,61.0
Rosacea,skin_swelling,31.0
Rosacea,symptoms_of_eye,13.0
Rosacea,warts,13.0
Rotator cuff injury,abnormal_appearing_tongue,2.0
Rotator cuff injury,arm_cramps_or_spasms,4.0
Rotator cuff injury,arm_pain,31.0
Rotator cuff injury,arm_stiffness_or_tightness,4.0
Rotator cuff injury,hand_or_finger_stiffness_or_tightness,2.0
Rotator cuff injury,leg_cramps_or_spasms,2.0
Rotator cuff injury,neck_stiffness_or_tightness,4.0
Rotator cuff injury,shoulder_pain,94.0
Rotator cuff injury,shoulder_stiffness_or_tightness,18.0
Rotator cuff injury,shoulder_swelling,2.0
Rotator cuff injury,shoulder_weakness,9.0
Rotator cuff injury,tongue_lesions,2.0
Salivary gland disorder,cough,24.0
Salivary gland disorder,ear_pain,35.0
Salivary gland disorder,facial_pain,30.0
Salivary gland disorder,jaw_swelling,24.0
Salivary gland disorder,mouth_dryness,24.0
Salivary gland disorder,neck_mass,35.0
Salivary gland disorder,neck_swelling,24.0
Salivary gland disorder,peripheral_edema,44.0
Salivary gland disorder,skin_swelling,24.0
Salivary gland disorder,sore_throat,44.0
Salivary gland disorder,swollen_lymph_nodes,35.0
Salivary gland disorder,throat_feels_tight,30.0
Sarcoidosis,chest_tightness,14.0
Sarcoidosis,cough,53.0
Sarcoidosis,facial_pain,10.0
Sarcoidosis,fatigue,28.0
Sarcoidosis,headache,25.0
Sarcoidosis,muscle_pain,10.0
Sarcoidosis,pain_in_eye,18.0
Sarcoidosis,paresthesia,10.0
Sarcoidosis,peripheral_edema,21.0
Sarcoidosis,sharp_chest_pain,28.0
Sarcoidosis,shortness_of_breath,46.0
Sarcoidosis,wheezing,18.0
Scabies,abnormal_appearing_skin,21.0
Scabies,diaper_rash,6.0
Scabies,foot_or_toe_swelling,6.0
Scabies,itching_of_skin,71.0
Scabies,itchy_scalp,3.0
Scabies,pain_in_gums,3.0
Scabies,penis_redness,3.0
Scabies,problems_during_pregnancy,9.0
Scabies,skin_dryness_peeling_scaliness_or_roughness,6.0
Scabies,skin_rash,96.0
Scabies,skin_swelling,26.0
Scabies,unpredictable_menstruation,3.0
Scar,abnormal_appearing_skin,26.0
Scar,acne_or_pimples,34.0
Scar,itching_of_skin,24.0
Scar,lip_swelling,8.0
Scar,lump_or_mass_of_breast,8.0
Scar,mass_on_ear,10.0
Scar,skin_dryness_peeling_scaliness_or_roughness,12.0
Scar,skin_growth,19.0
Scar,skin_lesion,34.0
Scar,skin_moles,12.0
Scar,skin_pain,10.0
Scar,skin_swelling,10.0
Scarlet fever,coryza,21.0
Scarlet fever,cough,39.0
Scarlet fever,difficulty_in_swallowing,8.0
Scarlet fever,fever,86.0
Scarlet fever,groin_pain,8.0
Scarlet fever,mouth_pain,8.0
Scarlet fever,penis_pain,8.0
Scarlet fever,sinus_congestion,8.0
Scarlet fever,skin_rash,94.0
Scarlet fever,skin_swelling,21.0
Scarlet fever,sore_throat,81.0
Scarlet fever,throat_swelling,8.0
Schizophrenia,anxiety_and_nervousness,32.0
Schizophrenia,delusions_or_hallucinations,56.0
Schizophrenia,depression,43.0
Schizophrenia,depressive_or_psychotic_symptoms,60.0
Schizophrenia,drug_abuse,14.0
Schizophrenia,excessive_anger,6.0
Schizophrenia,fears_and_phobias,18.0
Schizophrenia,hostile_behavior,31.0
Schizophrenia,hysterical_behavior,3.0
Schizophrenia,insomnia,14.0
Schizophrenia,low_self_esteem,2.0
Schizophrenia,temper_problems,8.0
Sciatica,back_cramps_or_spasms,4.0
Sciatica,back_pain,81.0
Sciatica,hip_pain,56.0
Sciatica,leg_cramps_or_spasms,3.0
Sciatica,leg_pain,81.0
Sciatica,leg_weakness,6.0
Sciatica,loss_of_sensation,28.0
Sciatica,low_back_pain,76.0
Sciatica,lower_body_pain,49.0
Sciatica,paresthesia,11.0
Sciatica,problems_with_movement,11.0
Sciatica,unusual_color_or_odor_to_urine,2.0
Scleritis,abnormal_appearing_skin,19.0
Scleritis,abnormal_involuntary_movements,19.0
Scleritis,cloudy_eye,19.0
Scleritis,eye_redness,76.0
Scleritis,foreign_body_sensation_in_eye,19.0
Scleritis,headache,42.0
Scleritis,lacrimation,42.0
Scleritis,pain_during_pregnancy,19.0
Scleritis,pain_in_eye,83.0
Scleritis,spots_or_clouds_in_vision,32.0
Scleritis,symptoms_of_eye,19.0
Scleritis,vaginal_itching,19.0
Scleroderma,abnormal_appearing_skin,35.0
Scleroderma,acne_or_pimples,10.0
Scleroderma,feeling_ill,10.0
Scleroderma,irregular_appearing_scalp,10.0
Scleroderma,itching_of_skin,32.0
Scleroderma,lip_swelling,15.0
Scleroderma,skin_dryness_peeling_scaliness_or_roughness,42.0
Scleroderma,skin_growth,30.0
Scleroderma,skin_irritation,13.0
Scleroderma,skin_lesion,53.0
Scleroderma,skin_rash,53.0
Scleroderma,warts,13.0
Scoliosis,back_pain,66.0
Scoliosis,foot_or_toe_stiffness_or_tightness,2.0
Scoliosis,knee_stiffness_or_tightness,2.0
Scoliosis,knee_swelling,4.0
Scoliosis,leg_pain,31.0
Scoliosis,leg_weakness,4.0
Scoliosis,low_back_pain,51.0
Scoliosis,lower_body_pain,8.0
Scoliosis,muscle_cramps_contractures_or_spasms,2.0
Scoliosis,problems_with_movement,16.0
Scoliosis,stomach_bloating,2.0
Scoliosis,unusual_color_or_odor_to_urine,2.0
Scurvy,bedwetting,20.0
Scurvy,excessive_growth,20.0
Scurvy,eye_strain,20.0
Scurvy,joint_stiffness_or_tightness,20.0
Scurvy,knee_lump_or_mass,20.0
Scurvy,loss_of_sex_drive,20.0
Scurvy,neck_cramps_or_spasms,20.0
Scurvy,pelvic_pressure,20.0
Scurvy,sharp_abdominal_pain,91.0
Scurvy,shoulder_swelling,20.0
Scurvy,skin_moles,91.0
Scurvy,vulvar_sore,20.0
Seasonal allergies (hay fever),allergic_reaction,53.0
Seasonal allergies (hay fever),coryza,21.0
Seasonal allergies (hay fever),cough,65.0
Seasonal allergies (hay fever),ear_pain,30.0
Seasonal allergies (hay fever),frontal_headache,15.0
Seasonal allergies (hay fever),headache,32.0
Seasonal allergies (hay fever),itchiness_of_eye,20.0
Seasonal allergies (hay fever),lacrimation,13.0
Seasonal allergies (hay fever),nasal_congestion,72.0
Seasonal allergies (hay fever),painful_sinuses,13.0
Seasonal allergies (hay fever),sneezing,25.0
Seasonal allergies (hay fever),sore_throat,45.0
Sebaceous cyst,abnormal_appearing_skin,28.0
Sebaceous cyst,acne_or_pimples,16.0
Sebaceous cyst,arm_lump_or_mass,14.0
Sebaceous cyst,back_mass_or_lump,18.0
Sebaceous cyst,hand_or_finger_lump_or_mass,9.0
Sebaceous cyst,irregular_appearing_scalp,12.0
Sebaceous cyst,lump_or_mass_of_breast,13.0
Sebaceous cyst,neck_mass,22.0
Sebaceous cyst,skin_growth,80.0
Sebaceous cyst,skin_lesion,31.0
Sebaceous cyst,skin_moles,13.0
Sebaceous cyst,skin_swelling,43.0
Seborrheic dermatitis,abnormal_appearing_skin,47.0
Seborrheic dermatitis,acne_or_pimples,32.0
Seborrheic dermatitis,dry_or_flaky_scalp,34.0
Seborrheic dermatitis,irregular_appearing_scalp,38.0
Seborrheic dermatitis,itching_of_skin,40.0
Seborrheic dermatitis,itchy_scalp,32.0
Seborrheic dermatitis,skin_dryness_peeling_scaliness_or_roughness,49.0
Seborrheic dermatitis,skin_growth,16.0
Seborrheic dermatitis,skin_lesion,28.0
Seborrheic dermatitis,skin_rash,74.0
Seborrheic dermatitis,symptoms_of_the_face,14.0
Seborrheic dermatitis,too_little_hair,24.0
Seborrheic keratosis,abnormal_appearing_skin,70.0
Seborrheic keratosis,acne_or_pimples,11.0
Seborrheic keratosis,irregular_appearing_scalp,16.0
Seborrheic keratosis,itching_of_skin,36.0
Seborrheic keratosis,skin_dryness_peeling_scaliness_or_roughness,36.0
Seborrheic keratosis,skin_growth,54.0
Seborrheic keratosis,skin_irritation,19.0
Seborrheic keratosis,skin_lesion,71.0
Seborrheic keratosis,skin_moles,56.0
Seborrheic keratosis,skin_rash,28.0
Seborrheic keratosis,skin_swelling,25.0
Seborrheic keratosis,warts,13.0
Sensorineural hearing loss,diminished_hearing,90.0
Sensorineural hearing loss,dizziness,48.0
Sensorineural hearing loss,ear_pain,39.0
Sensorineural hearing loss,fluid_in_ear,13.0
Sensorineural hearing loss,hoarse_voice,11.0
Sensorineural hearing loss,itchy_ears,9.0
Sensorineural hearing loss,nasal_congestion,25.0
Sensorineural hearing loss,neck_mass,4.0
Sensorineural hearing loss,plugged_feeling_in_ear,57.0
Sensorineural hearing loss,redness_in_ear,11.0
Sensorineural hearing loss,ringing_in_ear,49.0
Sensorineural hearing loss,throat_feels_tight,4.0
Sepsis,chills,26.0
Sepsis,cough,31.0
Sepsis,decreased_appetite,23.0
Sepsis,depressive_or_psychotic_symptoms,52.0
Sepsis,difficulty_breathing,32.0
Sepsis,feeling_ill,17.0
Sepsis,fever,80.0
Sepsis,sharp_abdominal_pain,30.0
Sepsis,shortness_of_breath,52.0
Sepsis,suprapubic_pain,13.0
Sepsis,vomiting,41.0
Sepsis,weakness,49.0
Septic arthritis,abnormal_appearing_skin,19.0
Septic arthritis,elbow_pain,26.0
Septic arthritis,elbow_swelling,19.0
Septic arthritis,feeling_ill,19.0
Septic arthritis,fever,42.0
Septic arthritis,hand_or_finger_pain,26.0
Septic arthritis,hip_pain,19.0
Septic arthritis,knee_pain,73.0
Septic arthritis,knee_swelling,56.0
Septic arthritis,leg_pain,26.0
Septic arthritis,problems_with_movement,26.0
Septic arthritis,skin_on_arm_or_hand_looks_infected,19.0
Shingles (herpes zoster),abnormal_appearing_skin,24.0
Shingles (herpes zoster),ache_all_over,26.0
Shingles (herpes zoster),back_pain,41.0
Shingles (herpes zoster),facial_pain,18.0
Shingles (herpes zoster),headache,26.0
Shingles (herpes zoster),itching_of_skin,30.0
Shingles (herpes zoster),pain_in_eye,19.0
Shingles (herpes zoster),sharp_abdominal_pain,25.0
Shingles (herpes zoster),sharp_chest_pain,25.0
Shingles (herpes zoster),side_pain,25.0
Shingles (herpes zoster),skin_lesion,40.0
Shingles (herpes zoster),skin_rash,82.0
Sialoadenitis,cough,29.0
Sialoadenitis,difficulty_in_swallowing,29.0
Sialoadenitis,ear_pain,51.0
Sialoadenitis,facial_pain,60.0
Sialoadenitis,jaw_swelling,48.0
Sialoadenitis,nasal_congestion,24.0
Sialoadenitis,neck_mass,46.0
Sialoadenitis,neck_pain,33.0
Sialoadenitis,neck_swelling,43.0
Sialoadenitis,peripheral_edema,77.0
Sialoadenitis,sore_throat,33.0
Sialoadenitis,swollen_lymph_nodes,51.0
Sick sinus syndrome,bleeding_or_discharge_from_nipple,4.0
Sick sinus syndrome,decreased_heart_rate,8.0
Sick sinus syndrome,dizziness,37.0
Sick sinus syndrome,fainting,26.0
Sick sinus syndrome,increased_heart_rate,4.0
Sick sinus syndrome,irregular_heartbeat,12.0
Sick sinus syndrome,palpitations,33.0
Sick sinus syndrome,sharp_chest_pain,35.0
Sick sinus syndrome,shortness_of_breath,35.0
Sick sinus syndrome,weakness,23.0
Sickle cell anemia,ache_all_over,42.0
Sickle cell anemia,back_pain,26.0
Sickle cell anemia,dry_lips,2.0
Sickle cell anemia,fever,29.0
Sickle cell anemia,irregular_belly_button,2.0
Sickle cell anemia,joint_pain,10.0
Sickle cell anemia,leg_pain,37.0
Sickle cell anemia,muscle_cramps_contractures_or_spasms,2.0
Sickle cell anemia,penis_pain,2.0
Sickle cell anemia,pulling_at_ears,7.0
Sickle cell anemia,swollen_tongue,2.0
Sickle cell anemia,temper_problems,4.0
Sickle cell crisis,ache_all_over,73.0
Sickle cell crisis,arm_pain,49.0
Sickle cell crisis,back_pain,68.0
Sickle cell crisis,burning_abdominal_pain,18.0
Sickle cell crisis,fever,25.0
Sickle cell crisis,hip_pain,38.0
Sickle cell crisis,knee_pain,28.0
Sickle cell crisis,leg_pain,71.0
Sickle cell crisis,low_back_pain,33.0
Sickle cell crisis,sharp_abdominal_pain,31.0
Sickle cell crisis,sharp_chest_pain,54.0
Sickle cell crisis,vomiting,25.0
Sinus bradycardia,chest_tightness,23.0
Sinus bradycardia,decreased_heart_rate,37.0
Sinus bradycardia,dizziness,52.0
Sinus bradycardia,fainting,38.0
Sinus bradycardia,fatigue,23.0
Sinus bradycardia,feeling_ill,10.0
Sinus bradycardia,increased_heart_rate,41.0
Sinus bradycardia,irregular_heartbeat,32.0
Sinus bradycardia,palpitations,46.0
Sinus bradycardia,sharp_chest_pain,57.0
Sinus bradycardia,shortness_of_breath,51.0
Sinus bradycardia,weakness,34.0
Sjogren syndrome,ache_all_over,36.0
Sjogren syndrome,difficulty_in_swallowing,12.0
Sjogren syndrome,diminished_vision,46.0
Sjogren syndrome,groin_pain,12.0
Sjogren syndrome,itchiness_of_eye,21.0
Sjogren syndrome,joint_pain,29.0
Sjogren syndrome,mouth_dryness,21.0
Sjogren syndrome,pain_in_eye,21.0
Sjogren syndrome,peripheral_edema,21.0
Sjogren syndrome,regurgitation,12.0
Sjogren syndrome,spots_or_clouds_in_vision,21.0
Sjogren syndrome,symptoms_of_eye,60.0
Skin cancer,abnormal_appearing_skin,55.0
Skin cancer,acne_or_pimples,7.0
Skin cancer,irregular_appearing_scalp,16.0
Skin cancer,itching_of_skin,16.0
Skin cancer,lip_swelling,7.0
Skin cancer,skin_dryness_peeling_scaliness_or_roughness,22.0
Skin cancer,skin_growth,27.0
Skin cancer,skin_irritation,6.0
Skin cancer,skin_lesion,67.0
Skin cancer,skin_moles,29.0
Skin cancer,skin_swelling,19.0
Skin cancer,warts,8.0
Skin disorder,abnormal_appearing_skin,44.0
Skin disorder,acne_or_pimples,17.0
Skin disorder,irregular_appearing_scalp,12.0
Skin disorder,itching_of_skin,22.0
Skin disorder,skin_dryness_peeling_scaliness_or_roughness,14.0
Skin disorder,skin_growth,25.0
Skin disorder,skin_irritation,8.0
Skin disorder,skin_lesion,75.0
Skin disorder,skin_moles,26.0
Skin disorder,skin_rash,44.0
Skin disorder,skin_swelling,23.0
Skin disorder,warts,8.0
Skin pigmentation disorder,abnormal_appearing_skin,79.0
Skin pigmentation disorder,acne_or_pimples,42.0
Skin pigmentation disorder,irregular_appearing_scalp,9.0
Skin pigmentation disorder,itching_of_skin,22.0
Skin pigmentation disorder,skin_dryness_peeling_scaliness_or_roughness,15.0
Skin pigmentation disorder,skin_growth,25.0
Skin pigmentation disorder,skin_lesion,46.0
Skin pigmentation disorder,skin_moles,44.0
Skin pigmentation disorder,skin_rash,52.0
Skin pigmentation disorder,skin_swelling,16.0
Skin pigmentation disorder,too_little_hair,9.0
Skin pigmentation disorder,warts,10.0
Skin polyp,abnormal_appearing_skin,56.0
Skin polyp,acne_or_pimples,29.0
Skin polyp,change_in_skin_mole_size_or_color,20.0
Skin polyp,irregular_appearing_scalp,12.0
Skin polyp,itching_of_skin,22.0
Skin polyp,skin_dryness_peeling_scaliness_or_roughness,14.0
Skin polyp,skin_growth,39.0
Skin polyp,skin_irritation,10.0
Skin polyp,skin_lesion,58.0
Skin polyp,skin_moles,79.0
Skin polyp,skin_swelling,20.0
Skin polyp,warts,16.0
Smoking or tobacco addiction,abusing_alcohol,22.0
Smoking or tobacco addiction,cough,42.0
Smoking or tobacco addiction,coughing_up_sputum,8.0
Smoking or tobacco addiction,drug_abuse,25.0
Smoking or tobacco addiction,excessive_anger,4.0
Smoking or tobacco addiction,headache,26.0
Smoking or tobacco addiction,hemoptysis,3.0
Smoking or tobacco addiction,hurts_to_breath,5.0
Smoking or tobacco addiction,sharp_chest_pain,34.0
Smoking or tobacco addiction,shortness_of_breath,31.0
Smoking or tobacco addiction,sinus_congestion,4.0
Smoking or tobacco addiction,smoking_problems,44.0
Social phobia,abusing_alcohol,13.0
Social phobia,anxiety_and_nervousness,82.0
Social phobia,delusions_or_hallucinations,11.0
Social phobia,depression,67.0
Social phobia,depressive_or_psychotic_symptoms,33.0
Social phobia,excessive_anger,8.0
Social phobia,excessive_appetite,3.0
Social phobia,fears_and_phobias,28.0
Social phobia,insomnia,25.0
Social phobia,low_self_esteem,13.0
Social phobia,obsessions_and_compulsions,3.0
Social phobia,temper_problems,8.0
Soft tissue sarcoma,abnormal_appearing_skin,42.0
Soft tissue sarcoma,bones_are_painful,7.0
Soft tissue sarcoma,change_in_skin_mole_size_or_color,7.0
Soft tissue sarcoma,groin_mass,7.0
Soft tissue sarcoma,irregular_appearing_nails,7.0
Soft tissue sarcoma,itching_of_skin,13.0
Soft tissue sarcoma,leg_lump_or_mass,10.0
Soft tissue sarcoma,skin_dryness_peeling_scaliness_or_roughness,10.0
Soft tissue sarcoma,skin_growth,36.0
Soft tissue sarcoma,skin_lesion,53.0
Soft tissue sarcoma,skin_moles,28.0
Soft tissue sarcoma,warts,7.0
Somatization disorder,ache_all_over,47.0
Somatization disorder,anxiety_and_nervousness,76.0
Somatization disorder,depression,60.0
Somatization disorder,depressive_or_psychotic_symptoms,60.0
Somatization disorder,difficulty_breathing,22.0
Somatization disorder,dizziness,36.0
Somatization disorder,fainting,22.0
Somatization disorder,fatigue,22.0
Somatization disorder,feeling_ill,22.0
Somatization disorder,insomnia,36.0
Somatization disorder,sharp_abdominal_pain,36.0
Somatization disorder,weakness,22.0
Spermatocele,elbow_weakness,2.0
Spermatocele,frequent_urination,26.0
Spermatocele,groin_pain,41.0
Spermatocele,impotence,26.0
Spermatocele,leg_lump_or_mass,26.0
Spermatocele,low_back_weakness,2.0
Spermatocele,mass_in_scrotum,60.0
Spermatocele,muscle_swelling,2.0
Spermatocele,pain_in_testicles,75.0
Spermatocele,retention_of_urine,41.0
Spermatocele,skin_growth,26.0
Spermatocele,swelling_of_scrotum,41.0
Spherocytosis,cough,45.0
Spherocytosis,elbow_cramps_or_spasms,3.0
Spherocytosis,elbow_weakness,3.0
Spherocytosis,excessive_growth,3.0
Spherocytosis,fever,45.0
Spherocytosis,jaundice,45.0
Spherocytosis,leg_pain,45.0
Spherocytosis,low_back_weakness,3.0
Spherocytosis,neck_pain,45.0
Spherocytosis,sharp_abdominal_pain,45.0
Spherocytosis,skin_rash,63.0
Spherocytosis,wrist_weakness,3.0
Spina bifida,back_pain,35.0
Spina bifida,disturbance_of_memory,9.0
Spina bifida,drainage_in_throat,5.0
Spina bifida,eye_moves_abnormally,5.0
Spina bifida,feet_turned_in,5.0
Spina bifida,headache,25.0
Spina bifida,involuntary_urination,12.0
Spina bifida,joint_pain,9.0
Spina bifida,leg_weakness,5.0
Spina bifida,poor_circulation,5.0
Spina bifida,ringing_in_ear,5.0
Spina bifida,skin_lesion,33.0
Spinal stenosis,arm_pain,32.0
Spinal stenosis,back_pain,71.0
Spinal stenosis,headache,42.0
Spinal stenosis,hip_pain,21.0
Spinal stenosis,leg_pain,41.0
Spinal stenosis,loss_of_sensation,29.0
Spinal stenosis,low_back_pain,52.0
Spinal stenosis,lower_body_pain,15.0
Spinal stenosis,neck_pain,87.0
Spinal stenosis,paresthesia,12.0
Spinal stenosis,problems_with_movement,13.0
Spinal stenosis,shoulder_pain,44.0
Spinocerebellar ataxia,abnormal_involuntary_movements,42.0
Spinocerebellar ataxia,anxiety_and_nervousness,27.0
Spinocerebellar ataxia,blood_in_urine,27.0
Spinocerebellar ataxia,cough,27.0
Spinocerebellar ataxia,difficulty_speaking,27.0
Spinocerebellar ataxia,disturbance_of_memory,27.0
Spinocerebellar ataxia,dizziness,53.0
Spinocerebellar ataxia,fainting,27.0
Spinocerebellar ataxia,foot_or_toe_pain,27.0
Spinocerebellar ataxia,headache,27.0
Spinocerebellar ataxia,problems_with_movement,72.0
Spinocerebellar ataxia,skin_rash,27.0
Spondylitis,back_cramps_or_spasms,21.0
Spondylitis,back_mass_or_lump,4.0
Spondylitis,back_pain,88.0
Spondylitis,hip_pain,29.0
Spondylitis,leg_pain,47.0
Spondylitis,low_back_cramps_or_spasms,7.0
Spondylitis,low_back_pain,83.0
Spondylitis,lower_body_pain,12.0
Spondylitis,muscle_cramps_contractures_or_spasms,7.0
Spondylitis,neck_pain,45.0
Spondylitis,side_pain,21.0
Spondylitis,stiffness_all_over,7.0
Spondylolisthesis,back_pain,79.0
Spondylolisthesis,hip_pain,35.0
Spondylolisthesis,leg_cramps_or_spasms,5.0
Spondylolisthesis,leg_pain,74.0
Spondylolisthesis,leg_weakness,9.0
Spondylolisthesis,loss_of_sensation,24.0
Spondylolisthesis,low_back_pain,80.0
Spondylolisthesis,lower_body_pain,35.0
Spondylolisthesis,neck_pain,30.0
Spondylolisthesis,pain_or_soreness_of_breast,5.0
Spondylolisthesis,paresthesia,17.0
Spondylolisthesis,problems_with_movement,13.0
Spondylosis,ache_all_over,26.0
Spondylosis,arm_pain,30.0
Spondylosis,back_pain,70.0
Spondylosis,hip_pain,40.0
Spondylosis,knee_pain,24.0
Spondylosis,leg_pain,55.0
Spondylosis,loss_of_sensation,27.0
Spondylosis,low_back_pain,77.0
Spondylosis,lower_body_pain,17.0
Spondylosis,neck_pain,66.0
Spondylosis,paresthesia,12.0
Spondylosis,shoulder_pain,35.0
Spontaneous abortion,blood_clots_during_menstrual_periods,7.0
Spontaneous abortion,burning_abdominal_pain,18.0
Spontaneous abortion,cramps_and_spasms,28.0
Spontaneous abortion,heavy_menstrual_flow,5.0
Spontaneous abortion,intermenstrual_bleeding,12.0
Spontaneous abortion,lower_abdominal_pain,26.0
Spontaneous abortion,pain_during_pregnancy,61.0
Spontaneous abortion,pelvic_pain,22.0
Spontaneous abortion,problems_during_pregnancy,19.0
Spontaneous abortion,sharp_abdominal_pain,65.0
Spontaneous abortion,spotting_or_bleeding_during_pregnancy,80.0
Spontaneous abortion,uterine_contractions,16.0
Sporotrichosis,ankle_pain,32.0
Sporotrichosis,excessive_anger,32.0
Sporotrichosis,facial_pain,32.0
Sporotrichosis,joint_stiffness_or_tightness,32.0
Sporotrichosis,knee_lump_or_mass,32.0
Sporotrichosis,knee_pain,100.0
Sporotrichosis,knee_swelling,100.0
Sporotrichosis,pain_during_pregnancy,32.0
Sporotrichosis,pain_in_eye,32.0
Sporotrichosis,pain_or_soreness_of_breast,32.0
Sporotrichosis,shoulder_cramps_or_spasms,32.0
Sporotrichosis,wrist_pain,32.0
Sprain or strain,ankle_pain,46.0
Sprain or strain,arm_pain,20.0
Sprain or strain,back_pain,65.0
Sprain or strain,foot_or_toe_pain,30.0
Sprain or strain,hand_or_finger_pain,21.0
Sprain or strain,headache,25.0
Sprain or strain,knee_pain,45.0
Sprain or strain,leg_pain,33.0
Sprain or strain,low_back_pain,44.0
Sprain or strain,neck_pain,55.0
Sprain or strain,shoulder_pain,42.0
Sprain or strain,wrist_pain,24.0
Stenosis of the tear duct,abnormal_movement_of_eyelid,25.0
Stenosis of the tear duct,cough,41.0
Stenosis of the tear duct,decreased_appetite,15.0
Stenosis of the tear duct,diaper_rash,25.0
Stenosis of the tear duct,eye_burns_or_stings,15.0
Stenosis of the tear duct,eye_redness,47.0
Stenosis of the tear duct,eyelid_swelling,15.0
Stenosis of the tear duct,lacrimation,68.0
Stenosis of the tear duct,nasal_congestion,41.0
Stenosis of the tear duct,skin_rash,25.0
Stenosis of the tear duct,symptoms_of_eye,47.0
Stenosis of the tear duct,white_discharge_from_eye,15.0
Stomach cancer,burning_abdominal_pain,23.0
Stomach cancer,constipation,16.0
Stomach cancer,diarrhea,28.0
Stomach cancer,difficulty_in_swallowing,16.0
Stomach cancer,fatigue,28.0
Stomach cancer,fluid_retention,16.0
Stomach cancer,heartburn,9.0
Stomach cancer,nausea,45.0
Stomach cancer,peripheral_edema,16.0
Stomach cancer,sharp_abdominal_pain,48.0
Stomach cancer,vomiting,41.0
Stomach cancer,weakness,28.0
Strep throat,ache_all_over,28.0
Strep throat,chills,15.0
Strep throat,cough,59.0
Strep throat,decreased_appetite,13.0
Strep throat,difficulty_in_swallowing,18.0
Strep throat,ear_pain,39.0
Strep throat,fever,85.0
Strep throat,headache,50.0
Strep throat,nasal_congestion,38.0
Strep throat,skin_rash,32.0
Strep throat,sore_throat,95.0
Strep throat,vomiting,40.0
Stress incontinence,blood_in_urine,18.0
Stress incontinence,excessive_urination_at_night,12.0
Stress incontinence,frequent_urination,42.0
Stress incontinence,hot_flashes,12.0
Stress incontinence,intermenstrual_bleeding,8.0
Stress incontinence,involuntary_urination,90.0
Stress incontinence,painful_urination,23.0
Stress incontinence,pelvic_pain,12.0
Stress incontinence,retention_of_urine,15.0
Stress incontinence,suprapubic_pain,15.0
Stress incontinence,symptoms_of_bladder,23.0
Stress incontinence,weight_gain,8.0
Stricture of the esophagus,coughing_up_sputum,19.0
Stricture of the esophagus,difficulty_eating,19.0
Stricture of the esophagus,difficulty_in_swallowing,82.0
Stricture of the esophagus,heartburn,19.0
Stricture of the esophagus,lump_in_throat,26.0
Stricture of the esophagus,nausea,26.0
Stricture of the esophagus,problems_with_movement,11.0
Stricture of the esophagus,recent_weight_loss,11.0
Stricture of the esophagus,regurgitation,32.0
Stricture of the esophagus,sharp_chest_pain,26.0
Stricture of the esophagus,stomach_bloating,19.0
Stricture of the esophagus,vomiting,53.0
Stroke,abnormal_involuntary_movements,14.0
Stroke,depressive_or_psychotic_symptoms,27.0
Stroke,difficulty_speaking,29.0
Stroke,disturbance_of_memory,13.0
Stroke,dizziness,43.0
Stroke,focal_weakness,46.0
Stroke,headache,37.0
Stroke,loss_of_sensation,37.0
Stroke,problems_with_movement,33.0
Stroke,seizures,23.0
Stroke,slurring_words,30.0
Stroke,weakness,33.0
Stye,abnormal_appearing_skin,19.0
Stye,eye_burns_or_stings,12.0
Stye,eye_redness,60.0
Stye,eyelid_lesion_or_rash,25.0
Stye,eyelid_swelling,56.0
Stye,itchiness_of_eye,27.0
Stye,lacrimation,9.0
Stye,mass_on_eyelid,35.0
Stye,pain_in_eye,74.0
Stye,skin_swelling,9.0
Stye,swollen_eye,73.0
Stye,symptoms_of_eye,46.0
Subacute thyroiditis,blood_in_stool,8.0
Subacute thyroiditis,fluid_retention,8.0
Subacute thyroiditis,heartburn,8.0
Subacute thyroiditis,leg_cramps_or_spasms,8.0
Subacute thyroiditis,pain_during_pregnancy,29.0
Subacute thyroiditis,pain_of_the_anus,8.0
Subacute thyroiditis,palpitations,14.0
Subacute thyroiditis,problems_during_pregnancy,40.0
Subacute thyroiditis,spotting_or_bleeding_during_pregnancy,8.0
Subacute thyroiditis,sweating,14.0
Subacute thyroiditis,uterine_contractions,24.0
Subarachnoid hemorrhage,bleeding_from_ear,15.0
Subarachnoid hemorrhage,disturbance_of_memory,15.0
Subarachnoid hemorrhage,dizziness,35.0
Subarachnoid hemorrhage,fainting,27.0
Subarachnoid hemorrhage,headache,71.0
Subarachnoid hemorrhage,loss_of_sensation,21.0
Subarachnoid hemorrhage,neck_pain,31.0
Subarachnoid hemorrhage,nosebleed,15.0
Subarachnoid hemorrhage,seizures,21.0
Subarachnoid hemorrhage,symptoms_of_eye,15.0
Subarachnoid hemorrhage,vomiting,31.0
Subarachnoid hemorrhage,weakness,27.0
Subconjunctival hemorrhage,bleeding_from_eye,32.0
Subconjunctival hemorrhage,blindness,6.0
Subconjunctival hemorrhage,diminished_vision,39.0
Subconjunctival hemorrhage,eye_burns_or_stings,6.0
Subconjunctival hemorrhage,eye_redness,67.0
Subconjunctival hemorrhage,eyelid_swelling,6.0
Subconjunctival hemorrhage,facial_pain,11.0
Subconjunctival hemorrhage,foreign_body_sensation_in_eye,6.0
Subconjunctival hemorrhage,headache,35.0
Subconjunctival hemorrhage,pain_in_eye,70.0
Subconjunctival hemorrhage,swollen_eye,35.0
Subconjunctival hemorrhage,symptoms_of_eye,36.0
Subdural hemorrhage,abnormal_movement_of_eyelid,7.0
Subdural hemorrhage,delusions_or_hallucinations,7.0
Subdural hemorrhage,depressive_or_psychotic_symptoms,28.0
Subdural hemorrhage,disturbance_of_memory,14.0
Subdural hemorrhage,dizziness,36.0
Subdural hemorrhage,facial_pain,14.0
Subdural hemorrhage,headache,67.0
Subdural hemorrhage,hostile_behavior,7.0
Subdural hemorrhage,irritable_infant,7.0
Subdural hemorrhage,problems_with_movement,36.0
Subdural hemorrhage,seizures,24.0
Subdural hemorrhage,vomiting,24.0
Substance-related mental disorder,abusing_alcohol,23.0
Substance-related mental disorder,anxiety_and_nervousness,52.0
Substance-related mental disorder,delusions_or_hallucinations,58.0
Substance-related mental disorder,depression,52.0
Substance-related mental disorder,depressive_or_psychotic_symptoms,83.0
Substance-related mental disorder,drug_abuse,46.0
Substance-related mental disorder,excessive_anger,13.0
Substance-related mental disorder,fears_and_phobias,13.0
Substance-related mental disorder,feeling_ill,18.0
Substance-related mental disorder,hostile_behavior,13.0
Substance-related mental disorder,insomnia,23.0
Substance-related mental disorder,problems_with_movement,13.0
Syndrome of inappropriate secretion of ADH (SIADH),cross_eyed,6.0
Syndrome of inappropriate secretion of ADH (SIADH),dizziness,77.0
Syndrome of inappropriate secretion of ADH (SIADH),eye_strain,6.0
Syndrome of inappropriate secretion of ADH (SIADH),feeling_ill,60.0
Syndrome of inappropriate secretion of ADH (SIADH),fever,60.0
Syndrome of inappropriate secretion of ADH (SIADH),headache,60.0
Syndrome of inappropriate secretion of ADH (SIADH),nausea,60.0
Syndrome of inappropriate secretion of ADH (SIADH),neck_pain,60.0
Syndrome of inappropriate secretion of ADH (SIADH),shoulder_pain,60.0
Syndrome of inappropriate secretion of ADH (SIADH),shoulder_swelling,6.0
Syndrome of inappropriate secretion of ADH (SIADH),vulvar_sore,6.0
Syndrome of inappropriate secretion of ADH (SIADH),weakness,60.0
Syphilis,arm_lump_or_mass,9.0
Syphilis,congestion_in_chest,9.0
Syphilis,disturbance_of_memory,9.0
Syphilis,foot_or_toe_swelling,17.0
Syphilis,headache,34.0
Syphilis,increased_heart_rate,9.0
Syphilis,itching_of_skin,17.0
Syphilis,muscle_pain,9.0
Syphilis,muscle_weakness,9.0
Syphilis,problems_during_pregnancy,9.0
Syphilis,skin_rash,50.0
Syphilis,vaginal_discharge,17.0
Syringomyelia,arm_stiffness_or_tightness,36.0
Syringomyelia,back_pain,81.0
Syringomyelia,fainting,36.0
Syringomyelia,foot_or_toe_pain,36.0
Syringomyelia,hand_or_finger_swelling,36.0
Syringomyelia,headache,53.0
Syringomyelia,leg_weakness,36.0
Syringomyelia,neck_pain,53.0
Syringomyelia,pain_or_soreness_of_breast,36.0
Syringomyelia,shoulder_pain,64.0
Syringomyelia,shoulder_swelling,36.0
Syringomyelia,side_pain,36.0
Systemic lupus erythematosis (SLE),absence_of_menstruation,2.0
Systemic lupus erythematosis (SLE),ache_all_over,26.0
Systemic lupus erythematosis (SLE),bones_are_painful,4.0
Systemic lupus erythematosis (SLE),focal_weakness,4.0
Systemic lupus erythematosis (SLE),hand_or_finger_stiffness_or_tightness,2.0
Systemic lupus erythematosis (SLE),joint_pain,24.0
Systemic lupus erythematosis (SLE),joint_swelling,4.0
Systemic lupus erythematosis (SLE),knee_pain,24.0
Systemic lupus erythematosis (SLE),leg_swelling,8.0
Systemic lupus erythematosis (SLE),muscle_pain,8.0
Systemic lupus erythematosis (SLE),sharp_chest_pain,29.0
Systemic lupus erythematosis (SLE),too_little_hair,2.0
Teething syndrome,cough,65.0
Teething syndrome,decreased_appetite,23.0
Teething syndrome,diarrhea,46.0
Teething syndrome,ear_pain,40.0
Teething syndrome,fever,82.0
Teething syndrome,gum_pain,40.0
Teething syndrome,irritable_infant,65.0
Teething syndrome,nasal_congestion,63.0
Teething syndrome,pulling_at_ears,65.0
Teething syndrome,redness_in_ear,27.0
Teething syndrome,symptoms_of_infants,38.0
Teething syndrome,temper_problems,34.0
Temporary or benign blood in urine,back_pain,29.0
Temporary or benign blood in urine,blood_in_urine,89.0
Temporary or benign blood in urine,frequent_urination,25.0
Temporary or benign blood in urine,involuntary_urination,14.0
Temporary or benign blood in urine,lower_abdominal_pain,17.0
Temporary or benign blood in urine,painful_urination,35.0
Temporary or benign blood in urine,regurgitation,6.0
Temporary or benign blood in urine,retention_of_urine,32.0
Temporary or benign blood in urine,sharp_abdominal_pain,40.0
Temporary or benign blood in urine,side_pain,35.0
Temporary or benign blood in urine,suprapubic_pain,31.0
Temporary or benign blood in urine,symptoms_of_bladder,8.0
Temporomandibular joint disorder,diminished_hearing,24.0
Temporomandibular joint disorder,ear_pain,81.0
Temporomandibular joint disorder,facial_pain,84.0
Temporomandibular joint disorder,headache,54.0
Temporomandibular joint disorder,jaw_pain,18.0
Temporomandibular joint disorder,nasal_congestion,29.0
Temporomandibular joint disorder,neck_pain,46.0
Temporomandibular joint disorder,pain_in_eye,18.0
Temporomandibular joint disorder,redness_in_ear,18.0
Temporomandibular joint disorder,ringing_in_ear,24.0
Temporomandibular joint disorder,sore_throat,27.0
Temporomandibular joint disorder,toothache,27.0
Tendinitis,ankle_pain,35.0
Tendinitis,arm_pain,31.0
Tendinitis,elbow_pain,35.0
Tendinitis,foot_or_toe_pain,46.0
Tendinitis,hand_or_finger_pain,45.0
Tendinitis,hand_or_finger_swelling,11.0
Tendinitis,hip_pain,61.0
Tendinitis,joint_pain,11.0
Tendinitis,knee_pain,53.0
Tendinitis,leg_pain,40.0
Tendinitis,shoulder_pain,54.0
Tendinitis,wrist_pain,48.0
Tension headache,anxiety_and_nervousness,28.0
Tension headache,back_cramps_or_spasms,2.0
Tension headache,bleeding_from_ear,2.0
Tension headache,chills,11.0
Tension headache,dizziness,32.0
Tension headache,headache,97.0
Tension headache,nausea,36.0
Tension headache,neck_pain,51.0
Tension headache,neck_stiffness_or_tightness,5.0
Tension headache,painful_menstruation,5.0
Tension headache,painful_sinuses,5.0
Tension headache,symptoms_of_the_face,5.0
Testicular cancer,ache_all_over,27.0
Testicular cancer,anxiety_and_nervousness,27.0
Testicular cancer,blood_in_urine,16.0
Testicular cancer,chills,16.0
Testicular cancer,diminished_hearing,16.0
Testicular cancer,groin_pain,16.0
Testicular cancer,mass_in_scrotum,36.0
Testicular cancer,nausea,27.0
Testicular cancer,pain_in_testicles,16.0
Testicular cancer,painful_urination,16.0
Testicular cancer,skin_on_arm_or_hand_looks_infected,16.0
Testicular cancer,symptoms_of_the_scrotum_and_testes,16.0
Testicular disorder,excessive_anger,5.0
Testicular disorder,excessive_urination_at_night,13.0
Testicular disorder,fatigue,38.0
Testicular disorder,hoarse_voice,5.0
Testicular disorder,impotence,56.0
Testicular disorder,loss_of_sex_drive,26.0
Testicular disorder,mass_in_scrotum,5.0
Testicular disorder,pain_in_testicles,13.0
Testicular disorder,regurgitation,5.0
Testicular disorder,skin_moles,5.0
Testicular disorder,symptoms_of_prostate,13.0
Testicular disorder,symptoms_of_the_scrotum_and_testes,13.0
Testicular torsion,back_pain,34.0
Testicular torsion,burning_abdominal_pain,34.0
Testicular torsion,elbow_cramps_or_spasms,2.0
Testicular torsion,elbow_weakness,2.0
Testicular torsion,emotional_symptoms,2.0
Testicular torsion,itching_of_scrotum,2.0
Testicular torsion,muscle_swelling,2.0
Testicular torsion,nailbiting,2.0
Testicular torsion,pain_in_testicles,80.0
Testicular torsion,sharp_abdominal_pain,52.0
Testicular torsion,swelling_of_scrotum,63.0
Testicular torsion,symptoms_of_the_scrotum_and_testes,76.0
Thalassemia,arm_pain,23.0
Thalassemia,congestion_in_chest,23.0
Thalassemia,coryza,23.0
Thalassemia,diminished_vision,23.0
Thalassemia,elbow_weakness,1.0
Thalassemia,fatigue,23.0
Thalassemia,insomnia,23.0
Thalassemia,knee_swelling,23.0
Thalassemia,low_back_weakness,1.0
Thalassemia,muscle_swelling,1.0
Thalassemia,pain_in_testicles,23.0
Thalassemia,regurgitation,23.0
Thoracic aortic aneurysm,back_pain,38.0
Thoracic aortic aneurysm,chest_tightness,17.0
Thoracic aortic aneurysm,coughing_up_sputum,9.0
Thoracic aortic aneurysm,dizziness,42.0
Thoracic aortic aneurysm,fatigue,23.0
Thoracic aortic aneurysm,flushing,9.0
Thoracic aortic aneurysm,jaundice,9.0
Thoracic aortic aneurysm,leg_cramps_or_spasms,9.0
Thoracic aortic aneurysm,sharp_abdominal_pain,29.0
Thoracic aortic aneurysm,sharp_chest_pain,68.0
Thoracic aortic aneurysm,shortness_of_breath,38.0
Thoracic aortic aneurysm,unusual_color_or_odor_to_urine,9.0
Thoracic outlet syndrome,arm_pain,68.0
Thoracic outlet syndrome,back_pain,27.0
Thoracic outlet syndrome,decreased_appetite,16.0
Thoracic outlet syndrome,hand_or_finger_pain,27.0
Thoracic outlet syndrome,hand_or_finger_weakness,36.0
Thoracic outlet syndrome,loss_of_sensation,43.0
Thoracic outlet syndrome,neck_pain,68.0
Thoracic outlet syndrome,paresthesia,43.0
Thoracic outlet syndrome,sharp_chest_pain,36.0
Thoracic outlet syndrome,shoulder_pain,54.0
Thoracic outlet syndrome,shoulder_weakness,16.0
Thoracic outlet syndrome,weakness,36.0
Threatened pregnancy,back_pain,24.0
Threatened pregnancy,blood_clots_during_menstrual_periods,10.0
Threatened pregnancy,cramps_and_spasms,28.0
Threatened pregnancy,intermenstrual_bleeding,22.0
Threatened pregnancy,lower_abdominal_pain,35.0
Threatened pregnancy,pain_during_pregnancy,69.0
Threatened pregnancy,pelvic_pain,18.0
Threatened pregnancy,problems_during_pregnancy,38.0
Threatened pregnancy,sharp_abdominal_pain,69.0
Threatened pregnancy,spotting_or_bleeding_during_pregnancy,79.0
Threatened pregnancy,uterine_contractions,67.0
Threatened pregnancy,vaginal_discharge,8.0
Thrombocytopenia,bleeding_gums,5.0
Thrombocytopenia,blood_in_stool,7.0
Thrombocytopenia,blood_in_urine,13.0
Thrombocytopenia,eyelid_swelling,2.0
Thrombocytopenia,fatigue,21.0
Thrombocytopenia,irregular_appearing_scalp,2.0
Thrombocytopenia,irregular_belly_button,2.0
Thrombocytopenia,lymphedema,2.0
Thrombocytopenia,mouth_pain,2.0
Thrombocytopenia,nosebleed,11.0
Thrombocytopenia,sharp_chest_pain,26.0
Thrombocytopenia,tongue_lesions,2.0
Thrombophlebitis,abnormal_appearing_skin,29.0
Thrombophlebitis,ache_all_over,24.0
Thrombophlebitis,arm_pain,31.0
Thrombophlebitis,arm_swelling,29.0
Thrombophlebitis,foot_or_toe_pain,27.0
Thrombophlebitis,hand_or_finger_swelling,11.0
Thrombophlebitis,leg_cramps_or_spasms,11.0
Thrombophlebitis,leg_pain,70.0
Thrombophlebitis,leg_swelling,40.0
Thrombophlebitis,lymphedema,22.0
Thrombophlebitis,skin_on_leg_or_foot_looks_infected,14.0
Thrombophlebitis,skin_swelling,11.0
Thyroid cancer,arm_weakness,7.0
Thyroid cancer,delusions_or_hallucinations,7.0
Thyroid cancer,difficulty_in_swallowing,17.0
Thyroid cancer,fatigue,22.0
Thyroid cancer,leg_weakness,7.0
Thyroid cancer,neck_mass,12.0
Thyroid cancer,neck_swelling,7.0
Thyroid cancer,stiffness_all_over,7.0
Thyroid cancer,swollen_lymph_nodes,7.0
Thyroid disease,blindness,3.0
Thyroid disease,difficulty_in_swallowing,14.0
Thyroid disease,double_vision,3.0
Thyroid disease,drainage_in_throat,3.0
Thyroid disease,hostile_behavior,6.0
Thyroid disease,hot_flashes,6.0
Thyroid disease,lump_in_throat,6.0
Thyroid disease,neck_mass,19.0
Thyroid disease,neck_swelling,6.0
Thyroid disease,restlessness,3.0
Thyroid disease,throat_feels_tight,3.0
Thyroid disease,too_little_hair,3.0
Thyroid nodule,abnormal_movement_of_eyelid,4.0
Thyroid nodule,back_weakness,4.0
Thyroid nodule,difficulty_in_swallowing,29.0
Thyroid nodule,diminished_hearing,8.0
Thyroid nodule,fatigue,26.0
Thyroid nodule,hoarse_voice,12.0
Thyroid nodule,lump_in_throat,12.0
Thyroid nodule,neck_mass,21.0
Thyroid nodule,neck_swelling,12.0
Thyroid nodule,sleepiness,8.0
Thyroid nodule,throat_feels_tight,18.0
Thyroid nodule,weight_gain,8.0
Tic (movement) disorder,abnormal_involuntary_movements,90.0
Tic (movement) disorder,abnormal_movement_of_eyelid,36.0
Tic (movement) disorder,cramps_and_spasms,10.0
Tic (movement) disorder,depressive_or_psychotic_symptoms,25.0
Tic (movement) disorder,excessive_anger,10.0
Tic (movement) disorder,groin_pain,10.0
Tic (movement) disorder,headache,49.0
Tic (movement) disorder,problems_with_movement,10.0
Tic (movement) disorder,seizures,25.0
Tic (movement) disorder,stiffness_all_over,10.0
Tic (movement) disorder,symptoms_of_eye,18.0
Tic (movement) disorder,temper_problems,10.0
Tietze syndrome,back_pain,41.0
Tietze syndrome,chest_tightness,35.0
Tietze syndrome,cough,41.0
Tietze syndrome,difficulty_breathing,22.0
Tietze syndrome,hurts_to_breath,22.0
Tietze syndrome,loss_of_sensation,21.0
Tietze syndrome,nausea,27.0
Tietze syndrome,pain_or_soreness_of_breast,22.0
Tietze syndrome,rib_pain,51.0
Tietze syndrome,sharp_chest_pain,94.0
Tietze syndrome,shortness_of_breath,49.0
Tietze syndrome,side_pain,27.0
Tinnitus of unknown cause,diminished_hearing,69.0
Tinnitus of unknown cause,dizziness,60.0
Tinnitus of unknown cause,ear_pain,41.0
Tinnitus of unknown cause,fluid_in_ear,6.0
Tinnitus of unknown cause,frontal_headache,9.0
Tinnitus of unknown cause,headache,37.0
Tinnitus of unknown cause,hoarse_voice,6.0
Tinnitus of unknown cause,itchy_ears,9.0
Tinnitus of unknown cause,neck_stiffness_or_tightness,6.0
Tinnitus of unknown cause,plugged_feeling_in_ear,34.0
Tinnitus of unknown cause,ringing_in_ear,91.0
Tinnitus of unknown cause,symptoms_of_eye,6.0
Tonsillar hypertrophy,abnormal_breathing_sounds,71.0
Tonsillar hypertrophy,allergic_reaction,17.0
Tonsillar hypertrophy,apnea,42.0
Tonsillar hypertrophy,cough,40.0
Tonsillar hypertrophy,difficulty_in_swallowing,17.0
Tonsillar hypertrophy,drainage_in_throat,17.0
Tonsillar hypertrophy,fever,29.0
Tonsillar hypertrophy,hurts_to_breath,29.0
Tonsillar hypertrophy,nasal_congestion,46.0
Tonsillar hypertrophy,redness_in_ear,30.0
Tonsillar hypertrophy,sore_throat,56.0
Tonsillar hypertrophy,swollen_or_red_tonsils,71.0
Tonsillitis,abnormal_breathing_sounds,48.0
Tonsillitis,allergic_reaction,13.0
Tonsillitis,apnea,17.0
Tonsillitis,diminished_hearing,17.0
Tonsillitis,drainage_in_throat,13.0
Tonsillitis,lump_in_throat,13.0
Tonsillitis,nasal_congestion,37.0
Tonsillitis,redness_in_ear,30.0
Tonsillitis,sore_throat,75.0
Tonsillitis,swollen_or_red_tonsils,62.0
Tonsillitis,throat_feels_tight,32.0
Tonsillitis,throat_redness,9.0
Tooth abscess,facial_pain,52.0
Tooth abscess,fluid_retention,18.0
Tooth abscess,gum_pain,40.0
Tooth abscess,jaw_swelling,41.0
Tooth abscess,lip_swelling,9.0
Tooth abscess,mouth_pain,26.0
Tooth abscess,neck_swelling,6.0
Tooth abscess,pain_in_gums,13.0
Tooth abscess,peripheral_edema,57.0
Tooth abscess,skin_swelling,18.0
Tooth abscess,symptoms_of_the_face,6.0
Tooth abscess,toothache,93.0
Tooth disorder,bleeding_gums,4.0
Tooth disorder,ear_pain,31.0
Tooth disorder,facial_pain,44.0
Tooth disorder,gum_pain,37.0
Tooth disorder,headache,26.0
Tooth disorder,jaw_swelling,13.0
Tooth disorder,mouth_pain,22.0
Tooth disorder,mouth_ulcer,3.0
Tooth disorder,pain_in_gums,11.0
Tooth disorder,peripheral_edema,22.0
Tooth disorder,swollen_lymph_nodes,3.0
Tooth disorder,toothache,96.0
Torticollis,abnormal_involuntary_movements,21.0
Torticollis,arm_pain,27.0
Torticollis,back_pain,27.0
Torticollis,cramps_and_spasms,4.0
Torticollis,headache,50.0
Torticollis,leg_weakness,4.0
Torticollis,neck_cramps_or_spasms,47.0
Torticollis,neck_pain,89.0
Torticollis,neck_stiffness_or_tightness,51.0
Torticollis,shoulder_lump_or_mass,4.0
Torticollis,shoulder_pain,33.0
Torticollis,throat_swelling,4.0
Tourette syndrome,abnormal_involuntary_movements,77.0
Tourette syndrome,abnormal_movement_of_eyelid,11.0
Tourette syndrome,allergic_reaction,20.0
Tourette syndrome,delusions_or_hallucinations,11.0
Tourette syndrome,depressive_or_psychotic_symptoms,33.0
Tourette syndrome,drug_abuse,11.0
Tourette syndrome,excessive_anger,11.0
Tourette syndrome,headache,27.0
Tourette syndrome,obsessions_and_compulsions,11.0
Tourette syndrome,sleepiness,11.0
Tourette syndrome,temper_problems,11.0
Tourette syndrome,warts,11.0
Toxic multinodular goiter,abnormal_involuntary_movements,19.0
Toxic multinodular goiter,abnormal_movement_of_eyelid,11.0
Toxic multinodular goiter,double_vision,15.0
Toxic multinodular goiter,fatigue,27.0
Toxic multinodular goiter,foreign_body_sensation_in_eye,11.0
Toxic multinodular goiter,involuntary_urination,11.0
Toxic multinodular goiter,irregular_heartbeat,6.0
Toxic multinodular goiter,leg_cramps_or_spasms,6.0
Toxic multinodular goiter,neck_swelling,6.0
Toxic multinodular goiter,sinus_congestion,6.0
Toxic multinodular goiter,spots_or_clouds_in_vision,6.0
Toxic multinodular goiter,sweating,15.0
Toxoplasmosis,blindness,49.0
Toxoplasmosis,bowlegged_or_knock_kneed,4.0
Toxoplasmosis,cross_eyed,4.0
Toxoplasmosis,diminished_vision,49.0
Toxoplasmosis,elbow_weakness,4.0
Toxoplasmosis,emotional_symptoms,4.0
Toxoplasmosis,excessive_growth,4.0
Toxoplasmosis,eye_redness,49.0
Toxoplasmosis,feeling_hot_and_cold,4.0
Toxoplasmosis,irregular_appearing_scalp,49.0
Toxoplasmosis,itchy_scalp,49.0
Toxoplasmosis,wrist_weakness,4.0
Tracheitis,coryza,48.0
Tracheitis,cough,90.0
Tracheitis,difficulty_breathing,42.0
Tracheitis,ear_pain,42.0
Tracheitis,fever,64.0
Tracheitis,headache,42.0
Tracheitis,hoarse_voice,48.0
Tracheitis,nasal_congestion,42.0
Tracheitis,plugged_feeling_in_ear,35.0
Tracheitis,shortness_of_breath,35.0
Tracheitis,sneezing,15.0
Tracheitis,sore_throat,75.0
Transient ischemic attack,depressive_or_psychotic_symptoms,29.0
Transient ischemic attack,difficulty_speaking,33.0
Transient ischemic attack,diminished_vision,29.0
Transient ischemic attack,disturbance_of_memory,25.0
Transient ischemic attack,dizziness,53.0
Transient ischemic attack,focal_weakness,40.0
Transient ischemic attack,headache,51.0
Transient ischemic attack,loss_of_sensation,62.0
Transient ischemic attack,paresthesia,24.0
Transient ischemic attack,slurring_words,40.0
Transient ischemic attack,symptoms_of_the_face,31.0
Transient ischemic attack,weakness,46.0
Trichiasis,back_weakness,2.0
Trichiasis,diminished_vision,44.0
Trichiasis,elbow_cramps_or_spasms,2.0
Trichiasis,emotional_symptoms,2.0
Trichiasis,eye_redness,28.0
Trichiasis,eyelid_lesion_or_rash,63.0
Trichiasis,foreign_body_sensation_in_eye,80.0
Trichiasis,itchiness_of_eye,44.0
Trichiasis,pain_in_eye,44.0
Trichiasis,pus_in_sputum,2.0
Trichiasis,swollen_eye,28.0
Trichiasis,symptoms_of_eye,44.0
Trichinosis,bedwetting,14.0
Trichinosis,excessive_growth,14.0
Trichinosis,knee_lump_or_mass,14.0
Trichinosis,loss_of_sex_drive,14.0
Trichinosis,nasal_congestion,84.0
Trichinosis,neck_cramps_or_spasms,14.0
Trichinosis,painful_urination,84.0
Trichinosis,pelvic_pressure,14.0
Trichinosis,sharp_abdominal_pain,84.0
Trichinosis,shoulder_swelling,14.0
Trichinosis,skin_rash,84.0
Trichinosis,vulvar_sore,14.0
Trichomonas infection,burning_abdominal_pain,25.0
Trichomonas infection,lower_abdominal_pain,28.0
Trichomonas infection,nausea,32.0
Trichomonas infection,pain_during_pregnancy,21.0
Trichomonas infection,painful_urination,35.0
Trichomonas infection,pelvic_pain,35.0
Trichomonas infection,sharp_abdominal_pain,69.0
Trichomonas infection,side_pain,21.0
Trichomonas infection,unpredictable_menstruation,16.0
Trichomonas infection,vaginal_discharge,74.0
Trichomonas infection,vaginal_itching,25.0
Trichomonas infection,vomiting,35.0
Tricuspid valve disease,anxiety_and_nervousness,51.0
Tricuspid valve disease,back_pain,51.0
Tricuspid valve disease,cross_eyed,4.0
Tricuspid valve disease,drainage_in_throat,51.0
Tricuspid valve disease,elbow_cramps_or_spasms,4.0
Tricuspid valve disease,elbow_weakness,4.0
Tricuspid valve disease,emotional_symptoms,4.0
Tricuspid valve disease,excessive_growth,4.0
Tricuspid valve disease,hip_stiffness_or_tightness,4.0
Tricuspid valve disease,itchy_eyelid,4.0
Tricuspid valve disease,nailbiting,4.0
Tricuspid valve disease,wrist_weakness,4.0
Trigeminal neuralgia,abnormal_involuntary_movements,12.0
Trigeminal neuralgia,ache_all_over,25.0
Trigeminal neuralgia,dizziness,29.0
Trigeminal neuralgia,facial_pain,90.0
Trigeminal neuralgia,headache,64.0
Trigeminal neuralgia,loss_of_sensation,29.0
Trigeminal neuralgia,pain_in_eye,21.0
Trigeminal neuralgia,paresthesia,12.0
Trigeminal neuralgia,swollen_eye,12.0
Trigeminal neuralgia,symptoms_of_the_face,25.0
Trigeminal neuralgia,tongue_pain,12.0
Trigeminal neuralgia,toothache,17.0
Trigger finger (finger disorder),back_stiffness_or_tightness,6.0
Trigger finger (finger disorder),bleeding_from_ear,6.0
Trigger finger (finger disorder),bones_are_painful,6.0
Trigger finger (finger disorder),hand_or_finger_cramps_or_spasms,19.0
Trigger finger (finger disorder),hand_or_finger_pain,83.0
Trigger finger (finger disorder),hand_or_finger_stiffness_or_tightness,69.0
Trigger finger (finger disorder),hand_or_finger_swelling,11.0
Trigger finger (finger disorder),muscle_stiffness_or_tightness,6.0
Trigger finger (finger disorder),paresthesia,11.0
Trigger finger (finger disorder),shoulder_stiffness_or_tightness,6.0
Trigger finger (finger disorder),skin_on_arm_or_hand_looks_infected,6.0
Trigger finger (finger disorder),wrist_pain,33.0
Tuberculosis,back_cramps_or_spasms,5.0
Tuberculosis,congestion_in_chest,10.0
Tuberculosis,cough,33.0
Tuberculosis,drainage_in_throat,5.0
Tuberculosis,hemoptysis,5.0
Tuberculosis,hurts_to_breath,5.0
Tuberculosis,itchiness_of_eye,5.0
Tuberculosis,shortness_of_breath,31.0
Tuberculosis,skin_dryness_peeling_scaliness_or_roughness,5.0
Tuberculosis,sweating,10.0
Tuberculosis,vaginal_itching,5.0
Tuberous sclerosis,cramps_and_spasms,45.0
Tuberous sclerosis,delusions_or_hallucinations,45.0
Tuberous sclerosis,depressive_or_psychotic_symptoms,45.0
Tuberous sclerosis,difficulty_speaking,45.0
Tuberous sclerosis,elbow_weakness,3.0
Tuberous sclerosis,excessive_growth,3.0
Tuberous sclerosis,feeling_hot_and_cold,3.0
Tuberous sclerosis,low_back_weakness,3.0
Tuberous sclerosis,seizures,85.0
Tuberous sclerosis,shoulder_pain,45.0
Tuberous sclerosis,symptoms_of_the_kidneys,45.0
Tuberous sclerosis,underweight,3.0
Turner syndrome,back_weakness,2.0
Turner syndrome,blood_in_stool,27.0
Turner syndrome,depression,27.0
Turner syndrome,diminished_hearing,27.0
Turner syndrome,elbow_weakness,2.0
Turner syndrome,emotional_symptoms,2.0
Turner syndrome,groin_mass,27.0
Turner syndrome,hip_pain,27.0
Turner syndrome,lack_of_growth,27.0
Turner syndrome,leg_pain,27.0
Turner syndrome,pus_in_sputum,2.0
Turner syndrome,suprapubic_pain,27.0
Typhoid fever,ankle_pain,32.0
Typhoid fever,excessive_anger,32.0
Typhoid fever,facial_pain,32.0
Typhoid fever,fatigue,32.0
Typhoid fever,fever,100.0
Typhoid fever,joint_stiffness_or_tightness,32.0
Typhoid fever,knee_lump_or_mass,32.0
Typhoid fever,pain_during_pregnancy,32.0
Typhoid fever,pain_in_eye,32.0
Typhoid fever,pain_or_soreness_of_breast,32.0
Typhoid fever,shoulder_cramps_or_spasms,32.0
Typhoid fever,wrist_pain,32.0
Ulcerative colitis,blood_in_stool,40.0
Ulcerative colitis,burning_abdominal_pain,26.0
Ulcerative colitis,decreased_appetite,11.0
Ulcerative colitis,diarrhea,65.0
Ulcerative colitis,discharge_in_stools,11.0
Ulcerative colitis,lower_abdominal_pain,15.0
Ulcerative colitis,melena,11.0
Ulcerative colitis,nausea,35.0
Ulcerative colitis,rectal_bleeding,23.0
Ulcerative colitis,sharp_abdominal_pain,53.0
Ulcerative colitis,swollen_lymph_nodes,11.0
Ulcerative colitis,vomiting,33.0
Urethral disorder,abusing_alcohol,11.0
Urethral disorder,blood_in_urine,28.0
Urethral disorder,frequent_urination,52.0
Urethral disorder,involuntary_urination,58.0
Urethral disorder,painful_urination,61.0
Urethral disorder,pelvic_pain,28.0
Urethral disorder,retention_of_urine,55.0
Urethral disorder,sharp_abdominal_pain,52.0
Urethral disorder,side_pain,20.0
Urethral disorder,suprapubic_pain,34.0
Urethral disorder,symptoms_of_bladder,20.0
Urethral disorder,vomiting,28.0
Urethral stricture,blood_in_urine,24.0
Urethral stricture,excessive_urination_at_night,6.0
Urethral stricture,frequent_urination,34.0
Urethral stricture,involuntary_urination,27.0
Urethral stricture,painful_urination,36.0
Urethral stricture,penis_redness,6.0
Urethral stricture,retention_of_urine,73.0
Urethral stricture,suprapubic_pain,34.0
Urethral stricture,swelling_of_scrotum,6.0
Urethral stricture,symptoms_of_bladder,16.0
Urethral stricture,symptoms_of_prostate,11.0
Urethral stricture,symptoms_of_the_scrotum_and_testes,6.0
Urethral valves,blood_in_urine,27.0
Urethral valves,constipation,27.0
Urethral valves,elbow_weakness,2.0
Urethral valves,low_back_weakness,2.0
Urethral valves,lower_abdominal_pain,42.0
Urethral valves,muscle_swelling,2.0
Urethral valves,nausea,27.0
Urethral valves,sharp_abdominal_pain,53.0
Urethral valves,side_pain,67.0
Urethral valves,skin_growth,27.0
Urethral valves,suprapubic_pain,27.0
Urethral valves,vomiting,27.0
Urethritis,blood_in_urine,34.0
Urethritis,frequent_urination,39.0
Urethritis,itching_of_skin,12.0
Urethritis,pain_in_testicles,27.0
Urethritis,painful_urination,83.0
Urethritis,pelvic_pain,12.0
Urethritis,penile_discharge,74.0
Urethritis,penis_pain,32.0
Urethritis,retention_of_urine,30.0
Urethritis,sharp_abdominal_pain,37.0
Urethritis,suprapubic_pain,27.0
Urethritis,vaginal_itching,12.0
Urge incontinence,back_pain,25.0
Urge incontinence,blood_in_urine,25.0
Urge incontinence,constipation,12.0
Urge incontinence,excessive_urination_at_night,22.0
Urge incontinence,frequent_urination,80.0
Urge incontinence,involuntary_urination,58.0
Urge incontinence,painful_urination,28.0
Urge incontinence,retention_of_urine,37.0
Urge incontinence,suprapubic_pain,37.0
Urge incontinence,symptoms_of_bladder,44.0
Urge incontinence,symptoms_of_prostate,9.0
Urge incontinence,vaginal_itching,9.0
Urinary tract infection,back_pain,36.0
Urinary tract infection,blood_in_urine,33.0
Urinary tract infection,fever,42.0
Urinary tract infection,frequent_urination,46.0
Urinary tract infection,lower_abdominal_pain,25.0
Urinary tract infection,nausea,35.0
Urinary tract infection,painful_urination,65.0
Urinary tract infection,retention_of_urine,26.0
Urinary tract infection,sharp_abdominal_pain,60.0
Urinary tract infection,side_pain,31.0
Urinary tract infection,suprapubic_pain,60.0
Urinary tract infection,vomiting,40.0
Urinary tract obstruction,back_pain,25.0
Urinary tract obstruction,blood_in_urine,45.0
Urinary tract obstruction,excessive_urination_at_night,20.0
Urinary tract obstruction,frequent_urination,35.0
Urinary tract obstruction,involuntary_urination,17.0
Urinary tract obstruction,painful_urination,17.0
Urinary tract obstruction,retention_of_urine,64.0
Urinary tract obstruction,sharp_abdominal_pain,31.0
Urinary tract obstruction,side_pain,42.0
Urinary tract obstruction,suprapubic_pain,22.0
Urinary tract obstruction,symptoms_of_bladder,20.0
Urinary tract obstruction,symptoms_of_prostate,33.0
Uterine atony,back_cramps_or_spasms,6.0
Uterine atony,blood_in_urine,11.0
Uterine atony,infertility,6.0
Uterine atony,intermenstrual_bleeding,34.0
Uterine atony,lower_abdominal_pain,24.0
Uterine atony,pain_during_pregnancy,53.0
Uterine atony,problems_during_pregnancy,28.0
Uterine atony,sharp_abdominal_pain,59.0
Uterine atony,spotting_or_bleeding_during_pregnancy,88.0
Uterine atony,uterine_contractions,16.0
Uterine cancer,cramps_and_spasms,4.0
Uterine cancer,focal_weakness,4.0
Uterine cancer,groin_mass,4.0
Uterine cancer,gum_pain,4.0
Uterine cancer,heavy_menstrual_flow,4.0
Uterine cancer,hot_flashes,4.0
Uterine cancer,intermenstrual_bleeding,4.0
Uterine cancer,muscle_pain,4.0
Uterine cancer,pelvic_pain,10.0
Uterine cancer,tongue_lesions,4.0
Uterine cancer,unpredictable_menstruation,4.0
Uterine cancer,vaginal_bleeding_after_menopause,19.0
Uterine fibroids,cramps_and_spasms,6.0
Uterine fibroids,heavy_menstrual_flow,37.0
Uterine fibroids,infertility,8.0
Uterine fibroids,intermenstrual_bleeding,11.0
Uterine fibroids,involuntary_urination,8.0
Uterine fibroids,long_menstrual_periods,11.0
Uterine fibroids,lower_abdominal_pain,22.0
Uterine fibroids,painful_menstruation,12.0
Uterine fibroids,pelvic_pain,42.0
Uterine fibroids,sharp_abdominal_pain,49.0
Uterine fibroids,unpredictable_menstruation,20.0
Uterine fibroids,vaginal_discharge,8.0
Uveitis,cross_eyed,5.0
Uveitis,diminished_vision,74.0
Uveitis,elbow_cramps_or_spasms,5.0
Uveitis,elbow_weakness,5.0
Uveitis,eye_redness,57.0
Uveitis,hip_stiffness_or_tightness,5.0
Uveitis,itchy_eyelid,5.0
Uveitis,nailbiting,5.0
Uveitis,symptoms_of_eye,57.0
Uveitis,upper_abdominal_pain,57.0
Uveitis,vulvar_sore,5.0
Uveitis,wrist_weakness,5.0
VACTERL syndrome,bowlegged_or_knock_kneed,4.0
VACTERL syndrome,cross_eyed,4.0
VACTERL syndrome,elbow_cramps_or_spasms,4.0
VACTERL syndrome,elbow_weakness,4.0
VACTERL syndrome,emotional_symptoms,4.0
VACTERL syndrome,excessive_growth,4.0
VACTERL syndrome,feeling_hot_and_cold,4.0
VACTERL syndrome,lower_abdominal_pain,49.0
VACTERL syndrome,nailbiting,4.0
VACTERL syndrome,regurgitation,49.0
VACTERL syndrome,suprapubic_pain,49.0
VACTERL syndrome,wrist_weakness,4.0
Vaginal cyst,blood_clots_during_menstrual_periods,17.0
Vaginal cyst,cramps_and_spasms,20.0
Vaginal cyst,heavy_menstrual_flow,14.0
Vaginal cyst,intermenstrual_bleeding,19.0
Vaginal cyst,lower_abdominal_pain,23.0
Vaginal cyst,pain_during_pregnancy,15.0
Vaginal cyst,pelvic_pain,25.0
Vaginal cyst,problems_during_pregnancy,11.0
Vaginal cyst,sharp_abdominal_pain,56.0
Vaginal cyst,spotting_or_bleeding_during_pregnancy,36.0
Vaginal cyst,vaginal_discharge,22.0
Vaginal cyst,vaginal_pain,24.0
Vaginal yeast infection,itching_of_skin,20.0
Vaginal yeast infection,lower_abdominal_pain,17.0
Vaginal yeast infection,painful_urination,41.0
Vaginal yeast infection,pelvic_pain,19.0
Vaginal yeast infection,problems_during_pregnancy,19.0
Vaginal yeast infection,sharp_abdominal_pain,32.0
Vaginal yeast infection,suprapubic_pain,19.0
Vaginal yeast infection,vaginal_discharge,77.0
Vaginal yeast infection,vaginal_itching,79.0
Vaginal yeast infection,vaginal_pain,24.0
Vaginal yeast infection,vaginal_redness,23.0
Vaginal yeast infection,vulvar_irritation,14.0
Vaginismus,frequent_urination,29.0
Vaginismus,heavy_menstrual_flow,17.0
Vaginismus,hot_flashes,17.0
Vaginismus,lower_abdominal_pain,23.0
Vaginismus,pain_during_intercourse,84.0
Vaginismus,painful_menstruation,17.0
Vaginismus,pelvic_pain,52.0
Vaginismus,sharp_abdominal_pain,29.0
Vaginismus,suprapubic_pain,17.0
Vaginismus,vaginal_discharge,17.0
Vaginismus,vaginal_dryness,17.0
Vaginismus,vaginal_pain,34.0
Vaginitis,lower_abdominal_pain,26.0
Vaginitis,pain_during_intercourse,10.0
Vaginitis,pain_during_pregnancy,12.0
Vaginitis,painful_urination,40.0
Vaginitis,pelvic_pain,23.0
Vaginitis,sharp_abdominal_pain,49.0
Vaginitis,suprapubic_pain,16.0
Vaginitis,vaginal_discharge,78.0
Vaginitis,vaginal_itching,59.0
Vaginitis,vaginal_pain,29.0
Vaginitis,vaginal_redness,19.0
Vaginitis,vulvar_irritation,10.0
Valley fever,ache_all_over,60.0
Valley fever,back_pain,60.0
Valley fever,chills,60.0
Valley fever,fatigue,60.0
Valley fever,fever,86.0
Valley fever,hand_or_finger_pain,60.0
Valley fever,hip_stiffness_or_tightness,6.0
Valley fever,hurts_to_breath,60.0
Valley fever,joint_pain,60.0
Valley fever,shortness_of_breath,77.0
Valley fever,shoulder_swelling,6.0
Valley fever,vulvar_sore,6.0
Varicocele of the testicles,groin_pain,34.0
Varicocele of the testicles,impotence,18.0
Varicocele of the testicles,infertility,25.0
Varicocele of the testicles,involuntary_urination,18.0
Varicocele of the testicles,lower_abdominal_pain,22.0
Varicocele of the testicles,mass_in_scrotum,71.0
Varicocele of the testicles,pain_in_testicles,72.0
Varicocele of the testicles,pain_of_the_anus,10.0
Varicocele of the testicles,penis_pain,10.0
Varicocele of the testicles,skin_growth,14.0
Varicocele of the testicles,swelling_of_scrotum,31.0
Varicocele of the testicles,symptoms_of_the_scrotum_and_testes,41.0
Varicose veins,ache_all_over,24.0
Varicose veins,leg_cramps_or_spasms,6.0
Varicose veins,leg_lump_or_mass,5.0
Varicose veins,leg_pain,50.0
Varicose veins,leg_swelling,20.0
Varicose veins,lymphedema,22.0
Varicose veins,peripheral_edema,26.0
Varicose veins,skin_lesion,65.0
Varicose veins,skin_on_leg_or_foot_looks_infected,6.0
Vasculitis,dizziness,25.0
Vasculitis,foot_or_toe_swelling,6.0
Vasculitis,headache,35.0
Vasculitis,leg_lump_or_mass,3.0
Vasculitis,leg_pain,30.0
Vasculitis,leg_stiffness_or_tightness,3.0
Vasculitis,lymphedema,9.0
Vasculitis,plugged_feeling_in_ear,6.0
Vasculitis,skin_irritation,6.0
Vasculitis,skin_lesion,38.0
Vasculitis,skin_rash,46.0
Vasculitis,swollen_tongue,3.0
Venous insufficiency,abnormal_appearing_skin,17.0
Venous insufficiency,ankle_swelling,4.0
Venous insufficiency,burning_chest_pain,1.0
Venous insufficiency,fluid_retention,6.0
Venous insufficiency,leg_cramps_or_spasms,7.0
Venous insufficiency,leg_pain,34.0
Venous insufficiency,leg_swelling,34.0
Venous insufficiency,lymphedema,5.0
Venous insufficiency,peripheral_edema,34.0
Venous insufficiency,poor_circulation,1.0
Venous insufficiency,skin_lesion,63.0
Venous insufficiency,skin_on_leg_or_foot_looks_infected,4.0
Vertebrobasilar insufficiency,arm_pain,26.0
Vertebrobasilar insufficiency,back_pain,52.0
Vertebrobasilar insufficiency,dizziness,66.0
Vertebrobasilar insufficiency,foot_or_toe_weakness,26.0
Vertebrobasilar insufficiency,headache,41.0
Vertebrobasilar insufficiency,leg_pain,41.0
Vertebrobasilar insufficiency,paresthesia,26.0
Vertebrobasilar insufficiency,problems_with_movement,52.0
Vertebrobasilar insufficiency,sharp_chest_pain,26.0
Vertebrobasilar insufficiency,sweating,26.0
Vertebrobasilar insufficiency,vomiting,26.0
Vertebrobasilar insufficiency,weakness,52.0
Vesicoureteral reflux,blood_in_urine,22.0
Vesicoureteral reflux,constipation,22.0
Vesicoureteral reflux,fever,47.0
Vesicoureteral reflux,fluid_in_ear,12.0
Vesicoureteral reflux,involuntary_urination,12.0
Vesicoureteral reflux,regurgitation,12.0
Vesicoureteral reflux,suprapubic_pain,61.0
Vesicoureteral reflux,symptoms_of_the_kidneys,12.0
Viral exanthem,abnormal_appearing_skin,27.0
Viral exanthem,cough,40.0
Viral exanthem,decreased_appetite,17.0
Viral exanthem,fever,79.0
Viral exanthem,flu_like_syndrome,8.0
Viral exanthem,itching_of_skin,25.0
Viral exanthem,lip_sore,8.0
Viral exanthem,nasal_congestion,35.0
Viral exanthem,pulling_at_ears,11.0
Viral exanthem,skin_rash,97.0
Viral exanthem,skin_swelling,8.0
Viral exanthem,vomiting,31.0
Viral hepatitis,abusing_alcohol,13.0
Viral hepatitis,drug_abuse,13.0
Viral hepatitis,hand_or_finger_stiffness_or_tightness,1.0
Viral hepatitis,incontinence_of_stool,1.0
Viral hepatitis,low_self_esteem,1.0
Viral hepatitis,melena,3.0
Viral hepatitis,sharp_abdominal_pain,26.0
Viral hepatitis,stomach_bloating,2.0
Viral hepatitis,symptoms_of_the_kidneys,1.0
Viral warts,abnormal_appearing_skin,23.0
Viral warts,acne_or_pimples,16.0
Viral warts,bumps_on_penis,12.0
Viral warts,foot_or_toe_lump_or_mass,4.0
Viral warts,lip_swelling,4.0
Viral warts,skin_dryness_peeling_scaliness_or_roughness,11.0
Viral warts,skin_growth,24.0
Viral warts,skin_lesion,41.0
Viral warts,skin_moles,17.0
Viral warts,skin_swelling,11.0
Viral warts,too_little_hair,4.0
Viral warts,warts,87.0
Vitamin A deficiency,bedwetting,14.0
Vitamin A deficiency,excessive_growth,14.0
Vitamin A deficiency,eye_strain,14.0
Vitamin A deficiency,fatigue,84.0
Vitamin A deficiency,hand_or_finger_pain,84.0
Vitamin A deficiency,joint_stiffness_or_tightness,14.0
Vitamin A deficiency,knee_lump_or_mass,14.0
Vitamin A deficiency,loss_of_sex_drive,14.0
Vitamin A deficiency,neck_cramps_or_spasms,14.0
Vitamin A deficiency,pelvic_pressure,14.0
Vitamin A deficiency,shoulder_swelling,14.0
Vitamin A deficiency,vulvar_sore,14.0
Vitamin B deficiency,abnormal_involuntary_movements,41.0
Vitamin B deficiency,allergic_reaction,41.0
Vitamin B deficiency,cough,41.0
Vitamin B deficiency,difficulty_speaking,41.0
Vitamin B deficiency,dizziness,70.0
Vitamin B deficiency,elbow_pain,41.0
Vitamin B deficiency,headache,41.0
Vitamin B deficiency,hip_pain,41.0
Vitamin B deficiency,knee_pain,41.0
Vitamin B deficiency,muscle_cramps_contractures_or_spasms,41.0
Vitamin B deficiency,nausea,41.0
Vitamin B deficiency,vomiting,41.0
Vitamin B12 deficiency,abnormal_appearing_tongue,3.0
Vitamin B12 deficiency,disturbance_of_memory,14.0
Vitamin B12 deficiency,fatigue,36.0
Vitamin B12 deficiency,heartburn,6.0
Vitamin B12 deficiency,hot_flashes,6.0
Vitamin B12 deficiency,knee_stiffness_or_tightness,3.0
Vitamin B12 deficiency,leg_cramps_or_spasms,3.0
Vitamin B12 deficiency,paresthesia,14.0
Vitamin B12 deficiency,problems_with_movement,9.0
Vitamin B12 deficiency,sweating,6.0
Vitamin B12 deficiency,symptoms_of_the_face,6.0
Vitamin B12 deficiency,too_little_hair,3.0
Vitamin D deficiency,arm_stiffness_or_tightness,3.0
Vitamin D deficiency,back_stiffness_or_tightness,3.0
Vitamin D deficiency,fatigue,40.0
Vitamin D deficiency,feeling_hot,3.0
Vitamin D deficiency,hot_flashes,9.0
Vitamin D deficiency,infrequent_menstruation,3.0
Vitamin D deficiency,joint_pain,9.0
Vitamin D deficiency,melena,3.0
Vitamin D deficiency,mouth_dryness,3.0
Vitamin D deficiency,skin_irritation,3.0
Vitamin D deficiency,smoking_problems,3.0
Vitamin D deficiency,weight_gain,9.0
Vitreous degeneration,bleeding_from_eye,8.0
Vitreous degeneration,blindness,12.0
Vitreous degeneration,diminished_vision,71.0
Vitreous degeneration,double_vision,8.0
Vitreous degeneration,eye_burns_or_stings,8.0
Vitreous degeneration,eye_redness,15.0
Vitreous degeneration,foreign_body_sensation_in_eye,12.0
Vitreous degeneration,itchiness_of_eye,15.0
Vitreous degeneration,lacrimation,24.0
Vitreous degeneration,pain_in_eye,27.0
Vitreous degeneration,spots_or_clouds_in_vision,85.0
Vitreous degeneration,symptoms_of_eye,34.0
Vitreous hemorrhage,bleeding_from_eye,30.0
Vitreous hemorrhage,blindness,40.0
Vitreous hemorrhage,diminished_vision,83.0
Vitreous hemorrhage,lacrimation,10.0
Vitreous hemorrhage,pain_in_eye,30.0
Vitreous hemorrhage,spots_or_clouds_in_vision,72.0
Vitreous hemorrhage,symptoms_of_eye,35.0
Vocal cord polyp,cough,27.0
Vocal cord polyp,difficulty_in_swallowing,11.0
Vocal cord polyp,difficulty_speaking,27.0
Vocal cord polyp,diminished_hearing,19.0
Vocal cord polyp,hoarse_voice,91.0
Vocal cord polyp,lump_in_throat,19.0
Vocal cord polyp,nasal_congestion,27.0
Vocal cord polyp,retention_of_urine,11.0
Vocal cord polyp,skin_swelling,11.0
Vocal cord polyp,sore_throat,47.0
Vocal cord polyp,throat_feels_tight,11.0
Vocal cord polyp,throat_swelling,19.0
Volvulus,back_pain,47.0
Volvulus,burning_abdominal_pain,47.0
Volvulus,constipation,47.0
Volvulus,depressive_or_psychotic_symptoms,47.0
Volvulus,diarrhea,47.0
Volvulus,elbow_cramps_or_spasms,4.0
Volvulus,elbow_weakness,4.0
Volvulus,excessive_growth,4.0
Volvulus,nausea,47.0
Volvulus,peripheral_edema,47.0
Volvulus,sharp_abdominal_pain,90.0
Volvulus,vomiting,65.0
Von Hippel-Lindau disease,abnormal_appearing_skin,32.0
Von Hippel-Lindau disease,blood_in_urine,32.0
Von Hippel-Lindau disease,diminished_vision,32.0
Von Hippel-Lindau disease,excessive_growth,32.0
Von Hippel-Lindau disease,fatigue,32.0
Von Hippel-Lindau disease,headache,32.0
Von Hippel-Lindau disease,kidney_mass,32.0
Von Hippel-Lindau disease,knee_pain,32.0
Von Hippel-Lindau disease,nausea,32.0
Von Hippel-Lindau disease,paresthesia,32.0
Von Hippel-Lindau disease,seizures,49.0
Von Hippel-Lindau disease,upper_abdominal_pain,32.0
Von Willebrand disease,abnormal_size_or_shape_of_ear,1.0
Von Willebrand disease,arm_pain,20.0
Von Willebrand disease,blood_in_stool,20.0
Von Willebrand disease,burning_abdominal_pain,20.0
Von Willebrand disease,fatigue,20.0
Von Willebrand disease,heavy_menstrual_flow,20.0
Von Willebrand disease,itchy_scalp,20.0
Von Willebrand disease,long_menstrual_periods,20.0
Von Willebrand disease,low_back_weakness,1.0
Von Willebrand disease,muscle_swelling,1.0
Von Willebrand disease,nosebleed,58.0
Von Willebrand disease,wrist_pain,20.0
Vulvar cancer,abnormal_involuntary_movements,23.0
Vulvar cancer,ache_all_over,37.0
Vulvar cancer,back_pain,37.0
Vulvar cancer,elbow_weakness,1.0
Vulvar cancer,emotional_symptoms,1.0
Vulvar cancer,feeling_ill,23.0
Vulvar cancer,fluid_retention,23.0
Vulvar cancer,insomnia,23.0
Vulvar cancer,lump_or_mass_of_breast,23.0
Vulvar cancer,pelvic_pain,23.0
Vulvar cancer,peripheral_edema,23.0
Vulvar cancer,weakness,23.0
Vulvar disorder,lump_or_mass_of_breast,17.0
Vulvar disorder,pain_during_intercourse,17.0
Vulvar disorder,painful_urination,24.0
Vulvar disorder,pelvic_pain,17.0
Vulvar disorder,skin_dryness_peeling_scaliness_or_roughness,10.0
Vulvar disorder,skin_growth,24.0
Vulvar disorder,skin_lesion,39.0
Vulvar disorder,vaginal_discharge,39.0
Vulvar disorder,vaginal_itching,24.0
Vulvar disorder,vaginal_pain,30.0
Vulvar disorder,vulvar_irritation,35.0
Vulvar disorder,vulvar_sore,30.0
Vulvodynia,back_pain,24.0
Vulvodynia,burning_abdominal_pain,19.0
Vulvodynia,cramps_and_spasms,16.0
Vulvodynia,lower_abdominal_pain,52.0
Vulvodynia,nausea,25.0
Vulvodynia,pain_during_pregnancy,34.0
Vulvodynia,painful_urination,17.0
Vulvodynia,pelvic_pain,76.0
Vulvodynia,sharp_abdominal_pain,74.0
Vulvodynia,side_pain,22.0
Vulvodynia,vaginal_discharge,20.0
Vulvodynia,vaginal_pain,23.0
Wernicke Korsakoff syndrome,abusing_alcohol,49.0
Wernicke Korsakoff syndrome,anxiety_and_nervousness,32.0
Wernicke Korsakoff syndrome,arm_pain,32.0
Wernicke Korsakoff syndrome,delusions_or_hallucinations,49.0
Wernicke Korsakoff syndrome,depressive_or_psychotic_symptoms,74.0
Wernicke Korsakoff syndrome,disturbance_of_memory,32.0
Wernicke Korsakoff syndrome,fainting,32.0
Wernicke Korsakoff syndrome,headache,32.0
Wernicke Korsakoff syndrome,hostile_behavior,32.0
Wernicke Korsakoff syndrome,leg_pain,32.0
Wernicke Korsakoff syndrome,paresthesia,32.0
Wernicke Korsakoff syndrome,vomiting_blood,32.0
West Nile virus,ankle_pain,91.0
West Nile virus,excessive_anger,91.0
West Nile virus,excessive_urination_at_night,91.0
West Nile virus,facial_pain,91.0
West Nile virus,fatigue,91.0
West Nile virus,joint_stiffness_or_tightness,91.0
West Nile virus,knee_lump_or_mass,91.0
West Nile virus,pain_during_pregnancy,91.0
West Nile virus,pain_in_eye,91.0
West Nile virus,pain_or_soreness_of_breast,91.0
West Nile virus,shoulder_cramps_or_spasms,91.0
West Nile virus,wrist_pain,91.0
White blood cell disease,chills,10.0
White blood cell disease,cough,33.0
White blood cell disease,diarrhea,28.0
White blood cell disease,fatigue,21.0
White blood cell disease,fever,61.0
White blood cell disease,fluid_retention,10.0
White blood cell disease,heartburn,5.0
White blood cell disease,mouth_pain,5.0
White blood cell disease,nausea,39.0
White blood cell disease,sharp_abdominal_pain,41.0
White blood cell disease,vomiting,47.0
White blood cell disease,weakness,28.0
Whooping cough,coryza,27.0
Whooping cough,cough,98.0
Whooping cough,difficulty_in_swallowing,27.0
Whooping cough,fever,68.0
Whooping cough,headache,27.0
Whooping cough,irritable_infant,27.0
Whooping cough,nasal_congestion,27.0
Whooping cough,sharp_abdominal_pain,43.0
Whooping cough,shortness_of_breath,68.0
Whooping cough,sinus_congestion,27.0
Whooping cough,sore_throat,43.0
Whooping cough,vomiting,54.0
Wilson disease,abnormal_breathing_sounds,51.0
Wilson disease,apnea,33.0
Wilson disease,cough,33.0
Wilson disease,difficulty_eating,33.0
Wilson disease,difficulty_in_swallowing,33.0
Wilson disease,diminished_vision,51.0
Wilson disease,fainting,33.0
Wilson disease,fatigue,51.0
Wilson disease,insomnia,51.0
Wilson disease,problems_with_movement,33.0
Wilson disease,sleepiness,69.0
Wilson disease,weakness,33.0
Yeast infection,diaper_rash,31.0
Yeast infection,frequent_urination,19.0
Yeast infection,itching_of_skin,29.0
Yeast infection,painful_urination,23.0
Yeast infection,pelvic_pain,17.0
Yeast infection,problems_during_pregnancy,19.0
Yeast infection,sharp_abdominal_pain,29.0
Yeast infection,skin_rash,52.0
Yeast infection,suprapubic_pain,23.0
Yeast infection,vaginal_discharge,58.0
Yeast infection,vaginal_itching,62.0
Yeast infection,vaginal_pain,14.0
Zenker diverticulum,constipation,47.0
Zenker diverticulum,difficulty_in_swallowing,65.0
Zenker diverticulum,elbow_weakness,4.0
Zenker diverticulum,feeling_hot_and_cold,4.0
Zenker diverticulum,low_back_pain,47.0
Zenker diverticulum,low_back_weakness,4.0
Zenker diverticulum,nailbiting,4.0
Zenker diverticulum,regurgitation,47.0
Zenker diverticulum,sharp_abdominal_pain,47.0
Zenker diverticulum,sharp_chest_pain,65.0
Zenker diverticulum,sore_throat,47.0
Zenker diverticulum,wrist_weakness,4.0
